{
  "result": {
    "puppet_turns_played": 90,
    "turns_slept": 0,
    "seat0_turns_played": 0,
    "seat0_turns_failed": 0,
    "seat0_human_pending": 0,
    "log": [
      {
        "player": 1,
        "turn": 157,
        "summary": "max_steps reached",
        "actions": [
          {
            "tool": "get_overview",
            "result": "Turn 157 | Khmer (Jayavarman VII) | Score: 320 | Prince\nGold: 222 (-5/turn) | Income: 21 | Maintenance: -26 (units: 6) | Science: 49.7 | Culture: 43.1 | Faith: 321 | Favor: 42 (+3/turn)\nResearch: Machinery | Civic: Medieval Faires\nCities: 7 | Population: 41 | Units: 13 \u2014 5 Missionary, 2 Guru, 2 Man-"
          },
          {
            "tool": "get_cities",
            "result": "7 cities:\n  Angkor Thom (pop 11) at (14,31) \u2014 Food 52 Prod 31 Gold 9 Sci 12 Cul 14 | Housing 18 Amenities 10 | Growth: 11/126 food (5t, +30.0/t) | Building: nothing | Walls 100/100 Garrison 200/200 Def:47 Gar:none [id:65536]\n    Districts: HOLY_SITE(13,29) CAMPUS(14,30) INDUSTRIAL_ZONE(12,31) WONDER"
          },
          {
            "tool": "get_units",
            "result": "13 units:\n  Missionary (UNIT_MISSIONARY) at (8,23) \u2014 moves 4/4 charges:3 [BUDDHISM] [id:2228225, idx:1]\n  Missionary (UNIT_MISSIONARY) at (0,32) \u2014 moves 2/2 charges:2 [BUDDHISM] [id:2490370, idx:2]\n  Trader (UNIT_TRADER) at (14,31) \u2014 moves 2/2 [id:458755, idx:3]\n  Man-At-Arms (UNIT_MAN_AT_ARMS) at ("
          },
          {
            "tool": "set_research",
            "result": "RESEARCHING_GAMECORE|TECH_GUNPOWDER"
          },
          {
            "tool": "set_city_production",
            "result": "PRODUCING|BUILDING_GRANARY|10 turns"
          },
          {
            "tool": "found_city",
            "result": "Error: CANNOT_FOUND|Too close to Angkor Thom (settler at 13,29, distance 2, need > 3)\n\nTop 4 settle locations:\n  #1 (8,26): Score 200 \u2014 F:62 P:29 \u2014 coast, defense:2\n     [B] FISH, [B] STONE, [B] STONE, [B] FISH, [B] CATTLE, [B] CATTLE, [B] BANANAS, [L] SPICES\n  #2 (8,27): Score 192 \u2014 F:57 P:34 \u2014 no "
          },
          {
            "tool": "move_unit",
            "result": "MOVING_TO|8,26|from:13,29|now_at:12,28|(moved dx:-1 dy:-1)|STOPPED_MID_PATH (moves exhausted)"
          },
          {
            "tool": "move_unit",
            "result": "Error: NO_MOVES|Unit has no movement points remaining this turn. Use skip or wait until next turn."
          },
          {
            "tool": "move_unit",
            "result": "Error: NO_MOVES|Unit has no movement points remaining this turn. Use skip or wait until next turn."
          },
          {
            "tool": "move_unit",
            "result": "Error: NO_MOVES|Unit has no movement points remaining this turn. Use skip or wait until next turn."
          },
          {
            "tool": "move_unit",
            "result": "Error: NO_MOVES|Unit has no movement points remaining this turn. Use skip or wait until next turn."
          },
          {
            "tool": "move_unit",
            "result": "Error: NO_MOVES|Unit has no movement points remaining this turn. Use skip or wait until next turn."
          },
          {
            "tool": "move_unit",
            "result": "Error: NO_MOVES|Unit has no movement points remaining this turn. Use skip or wait until next turn."
          },
          {
            "tool": "move_unit",
            "result": "Error: NO_MOVES|Unit has no movement points remaining this turn. Use skip or wait until next turn."
          },
          {
            "tool": "move_unit",
            "result": "Error: NO_MOVES|Unit has no movement points remaining this turn. Use skip or wait until next turn."
          }
        ],
        "promotion_sweep": [],
        "standing_memory": {
          "loaded": false,
          "injected": false,
          "injected_chars": 0,
          "captured_chars": 0,
          "error": ""
        },
        "task_tracker": {
          "active_before": 0,
          "pre_model_results": [],
          "active_after": 0,
          "error": ""
        },
        "channels": {
          "enabled": true,
          "acknowledgements": 0,
          "error": ""
        }
      },
      {
        "player": 2,
        "turn": 157,
        "summary": "max_steps reached",
        "actions": [
          {
            "tool": "get_overview",
            "result": "Turn 157 | Brazil (Pedro II) | Score: 308 | Prince\nGold: 305 (+2/turn) | Income: 24 | Maintenance: -22 (units: 6) | Science: 35.5 | Culture: 71.9 | Faith: 358 | Favor: 47 (+2/turn)\nResearch: Military Engineering | Civic: Diplomatic Service\nCities: 5 | Population: 28 | Units: 8 \u2014 2 Builder, 1 Swordsm"
          },
          {
            "tool": "get_cities",
            "result": "5 cities:\n  Rio de Janeiro (pop 10) at (49,23) \u2014 Food 27 Prod 26 Gold 18 Sci 26 Cul 39 | Housing 12 Amenities 12 | Growth: 95/114 food (3t, +7.0/t) | Building: DISTRICT_ENCAMPMENT (3 turns) | HP:200/200 Def:35 Gar:none [id:65536]\n    Districts: HOLY_SITE(50,21) CAMPUS(48,25) THEATER(51,24) ENCAMPMEN"
          },
          {
            "tool": "get_units",
            "result": "8 units:\n  Trader (UNIT_TRADER) at (53,15) \u2014 moves 2/2 [id:589824, idx:0]\n  Swordsman (UNIT_SWORDSMAN) at (59,19) \u2014 CS:35 moves 2/2 [id:1966081, idx:1]\n  Builder (UNIT_BUILDER) at (51,15) \u2014 moves 2/2 charges:3 [id:2752516, idx:4]\n    >> Can build: IMPROVEMENT_LUMBER_MILL\n  Murasaki Shikibu (UNIT_GRE"
          },
          {
            "tool": "get_pending_diplomacy",
            "result": "No pending diplomacy sessions."
          },
          {
            "tool": "get_pending_trades",
            "result": "No pending trade deals."
          },
          {
            "tool": "move_unit",
            "result": "MOVING_TO|49,23|from:51,15|now_at:50,17|(moved dx:-1 dy:+2)|STOPPED_MID_PATH (moves exhausted)"
          },
          {
            "tool": "move_unit",
            "result": "MOVING_TO|49,23|from:53,16|now_at:51,16|(moved dx:-2 dy:+0)|STOPPED_MID_PATH (moves exhausted)"
          },
          {
            "tool": "move_unit",
            "result": "MOVING_TO|47,23|from:44,24|now_at:47,24|(moved dx:+3 dy:+0)|STOPPED_MID_PATH (moves exhausted)"
          },
          {
            "tool": "move_unit",
            "result": "MOVING_TO|49,23|from:49,22|now_at:49,23|(moved dx:+0 dy:+1)"
          },
          {
            "tool": "move_unit",
            "result": "MOVING_TO|52,20|from:59,19|now_at:58,19|(moved dx:-1 dy:+0)|STOPPED_MID_PATH (moves exhausted)"
          },
          {
            "tool": "move_unit",
            "result": "MOVING_TO|52,20|from:57,23|now_at:58,22|(moved dx:+1 dy:-1)|STOPPED_MID_PATH (moves exhausted)"
          },
          {
            "tool": "move_unit",
            "result": "MOVING_TO|49,23|from:54,14|now_at:52,16|(moved dx:-2 dy:+2)|STOPPED_MID_PATH (moves exhausted)"
          },
          {
            "tool": "move_unit",
            "result": "Error: CANNOT_MOVE|Unit cannot move (invalid state)"
          },
          {
            "tool": "get_pending_diplomacy",
            "result": "No pending diplomacy sessions."
          },
          {
            "tool": "get_pending_trades",
            "result": "No pending trade deals."
          }
        ],
        "promotion_sweep": [],
        "standing_memory": {
          "loaded": false,
          "injected": false,
          "injected_chars": 0,
          "captured_chars": 0,
          "error": ""
        },
        "task_tracker": {
          "active_before": 0,
          "pre_model_results": [],
          "active_after": 0,
          "error": ""
        },
        "channels": {
          "enabled": true,
          "acknowledgements": 0,
          "error": ""
        }
      },
      {
        "player": 3,
        "turn": 157,
        "summary": "scripted: observed + skipped unit 0",
        "actions": [
          {
            "tool": "skip_unit"
          }
        ],
        "promotion_sweep": [],
        "standing_memory": {
          "loaded": false,
          "injected": false,
          "injected_chars": 0,
          "captured_chars": 0,
          "error": ""
        },
        "task_tracker": {
          "active_before": 0,
          "pre_model_results": [],
          "active_after": 0,
          "error": ""
        },
        "channels": {
          "enabled": true,
          "acknowledgements": 0,
          "error": ""
        }
      },
      {
        "player": 1,
        "turn": 158,
        "summary": "max_steps reached",
        "actions": [
          {
            "tool": "get_overview",
            "result": "Turn 158 | Khmer (Jayavarman VII) | Score: 327 | Prince\nGold: 217 (-5/turn) | Income: 21 | Maintenance: -26 (units: 6) | Science: 50.2 | Culture: 43.4 | Faith: 376 | Favor: 45 (+3/turn)\nResearch: Gunpowder | Civic: Medieval Faires\nCities: 7 | Population: 42 | Units: 13 \u2014 5 Missionary, 2 Guru, 2 Man-"
          },
          {
            "tool": "get_cities",
            "result": "7 cities:\n  Angkor Thom (pop 11) at (14,31) \u2014 Food 52 Prod 32 Gold 9 Sci 12 Cul 14 | Housing 18 Amenities 10 | Growth: 37/126 food (4t, +30.0/t) | Building: BUILDING_CATHEDRAL (5 turns) | Walls 100/100 Garrison 200/200 Def:47 Gar:none [id:65536]\n    Districts: HOLY_SITE(13,29) CAMPUS(14,30) INDUSTRI"
          },
          {
            "tool": "get_units",
            "result": "13 units:\n  Missionary (UNIT_MISSIONARY) at (8,23) \u2014 moves 4/4 charges:3 [BUDDHISM] [id:2228225, idx:1]\n  Missionary (UNIT_MISSIONARY) at (0,32) \u2014 moves 2/2 charges:2 [BUDDHISM] [id:2490370, idx:2]\n  Trader (UNIT_TRADER) at (14,31) \u2014 moves 2/2 [id:458755, idx:3]\n  Man-At-Arms (UNIT_MAN_AT_ARMS) at ("
          },
          {
            "tool": "set_research",
            "result": "Error: TECH_NOT_FOUND|TECH_METALLURGY"
          },
          {
            "tool": "set_research",
            "result": "Error: ALREADY_COMPLETED|TECH_CURRENCY is already researched"
          },
          {
            "tool": "set_research",
            "result": "RESEARCHING_GAMECORE|TECH_PRINTING"
          },
          {
            "tool": "move_unit",
            "result": "Error: STACKING_CONFLICT|Friendly UNIT_SETTLER already on (12,28). Cannot stack same formation class."
          },
          {
            "tool": "found_city",
            "result": "Error: CANNOT_FOUND|Too close to Preah Vihear (settler at 12,28, distance 2, need > 3)\n\nTop 5 settle locations:\n  #1 (8,26): Score 200 \u2014 F:62 P:29 \u2014 coast, defense:2\n     [B] FISH, [B] STONE, [B] STONE, [B] FISH, [B] CATTLE, [B] CATTLE, [B] BANANAS, [L] SPICES\n  #2 (8,27): Score 192 \u2014 F:57 P:34 \u2014 no"
          },
          {
            "tool": "move_unit",
            "result": "CAPTURE_MOVE|8,26|from:12,28|now_at:12,28|BLOCKED (tile appears passable - path may be blocked by intermediate tiles)"
          },
          {
            "tool": "move_unit",
            "result": "MOVING_TO|11,27|from:12,28|now_at:11,27|(moved dx:-1 dy:-1)"
          },
          {
            "tool": "found_city",
            "result": "Error: CANNOT_FOUND|Too close to Preah Vihear (settler at 11,27, distance 3, need > 3)\n\nTop 4 settle locations:\n  #1 (8,26): Score 200 \u2014 F:62 P:29 \u2014 coast, defense:2\n     [B] FISH, [B] STONE, [B] STONE, [B] FISH, [B] CATTLE, [B] CATTLE, [B] BANANAS, [L] SPICES\n  #2 (8,27): Score 192 \u2014 F:57 P:34 \u2014 no"
          },
          {
            "tool": "move_unit",
            "result": "MOVING_TO|8,27|from:11,27|now_at:11,27|BLOCKED (tile appears passable - path may be blocked by intermediate tiles)"
          },
          {
            "tool": "move_unit",
            "result": "MOVING_TO|10,27|from:11,27|now_at:11,27|BLOCKED (tile appears passable - path may be blocked by intermediate tiles)"
          },
          {
            "tool": "move_unit",
            "result": "MOVING_TO|10,26|from:11,27|now_at:11,27|BLOCKED (tile appears passable - path may be blocked by intermediate tiles)"
          },
          {
            "tool": "move_unit",
            "result": "MOVING_TO|9,26|from:11,27|now_at:11,27|BLOCKED (tile appears passable - path may be blocked by intermediate tiles)"
          }
        ],
        "promotion_sweep": [],
        "standing_memory": {
          "loaded": false,
          "injected": false,
          "injected_chars": 0,
          "captured_chars": 0,
          "error": ""
        },
        "task_tracker": {
          "active_before": 0,
          "pre_model_results": [],
          "active_after": 0,
          "error": ""
        },
        "channels": {
          "enabled": true,
          "acknowledgements": 0,
          "error": ""
        }
      },
      {
        "player": 2,
        "turn": 158,
        "summary": "Good. The Great Writer is moving toward Salvador da Bahia. She'll reach it next turn to inspire a culture boost there. \n\nLet me summarize this turn's actions:\n\n**Turn 158 Summary:**\n- **Research:** Switched to Gunpowder (needed for early Renaissance military units)\n- **Production:** \n  - Rio de Janeiro: Crossbowman (7 turns) - upgrading military\n  - Curitiba: Builder (5 turns) - needed for farm improvements\n  - S\u00e3o Paulo: Builder (8 turns) - needed for improvements\n- **Units:** \n  - Two Builders moved toward Rio and S\u00e3o Paulo but ran out of movement\n  - Great Writer moving toward Salvador da Bahia (will inspire culture boost next turn)\n  - Horseman moving toward S\u00e3o Paulo\n  - Swordsman and Archer fortified for defense\n  - Spearman skipped (stacking conflict with Archer)\n- **Pending:** Builders need to repair pillaged farms in Rio and build farms in Curitiba/S\u00e3o Paulo next turn",
        "actions": [
          {
            "tool": "get_overview",
            "result": "Turn 158 | Brazil (Pedro II) | Score: 309 | Prince\nGold: 307 (+1/turn) | Income: 24 | Maintenance: -23 (units: 6) | Science: 35.5 | Culture: 71.9 | Faith: 422 | Favor: 49 (+2/turn)\nResearch: Military Engineering | Civic: Diplomatic Service\nCities: 5 | Population: 28 | Units: 8 \u2014 2 Builder, 1 Swordsm"
          },
          {
            "tool": "get_cities",
            "result": "5 cities:\n  Rio de Janeiro (pop 10) at (49,23) \u2014 Food 28 Prod 26 Gold 18 Sci 26 Cul 39 | Housing 12 Amenities 12 | Growth: 102/114 food (2t, +8.0/t) | Building: DISTRICT_ENCAMPMENT (2 turns) | HP:200/200 Def:35 Gar:SPEARMAN [id:65536]\n    Districts: HOLY_SITE(50,21) CAMPUS(48,25) THEATER(51,24) ENCA"
          },
          {
            "tool": "get_units",
            "result": "8 units:\n  Trader (UNIT_TRADER) at (53,15) \u2014 moves 2/2 [id:589824, idx:0]\n  Swordsman (UNIT_SWORDSMAN) at (58,19) \u2014 CS:35 moves 2/2 [id:1966081, idx:1]\n  Builder (UNIT_BUILDER) at (50,17) \u2014 moves 2/2 charges:3 [id:2752516, idx:4]\n  Murasaki Shikibu (UNIT_GREAT_WRITER) at (52,16) \u2014 moves 4/4 [id:2686"
          },
          {
            "tool": "get_pending_diplomacy",
            "result": "No pending diplomacy sessions."
          },
          {
            "tool": "get_pending_trades",
            "result": "No pending trade deals."
          },
          {
            "tool": "set_city_production",
            "result": "Error: ITEM_NOT_FOUND|INDUSTRIAL_ZONE"
          },
          {
            "tool": "set_city_production",
            "result": "Error: ITEM_NOT_FOUND|FARM"
          },
          {
            "tool": "set_city_production",
            "result": "Error: ITEM_NOT_FOUND|FARM"
          },
          {
            "tool": "set_research",
            "result": "RESEARCHING_GAMECORE|TECH_GUNPOWDER"
          },
          {
            "tool": "move_unit",
            "result": "MOVING_TO|49,23|from:50,17|now_at:49,19|(moved dx:-1 dy:+2)|STOPPED_MID_PATH (moves exhausted)"
          },
          {
            "tool": "move_unit",
            "result": "MOVING_TO|56,14|from:51,16|now_at:52,15|(moved dx:+1 dy:-1)|STOPPED_MID_PATH (moves exhausted)"
          },
          {
            "tool": "move_unit",
            "result": "Error: CANNOT_MOVE|Unit cannot move (invalid state)"
          },
          {
            "tool": "set_city_production",
            "result": "Error: MISSING_COORDS|FARM is a district and requires target_x/target_y for placement. Use get_district_advisor(city_id, 'FARM') to find the best tile."
          },
          {
            "tool": "set_city_production",
            "result": "Error: ITEM_NOT_FOUND|WORKER"
          },
          {
            "tool": "set_city_production",
            "result": "Error: ITEM_NOT_FOUND|WORKER"
          },
          {
            "tool": "move_unit",
            "result": "Error: NO_MOVES|Unit has no movement points remaining this turn. Use skip or wait until next turn."
          },
          {
            "tool": "move_unit",
            "result": "Error: NO_MOVES|Unit has no movement points remaining this turn. Use skip or wait until next turn."
          },
          {
            "tool": "move_unit",
            "result": "MOVING_TO|49,23|from:52,16|now_at:50,18|(moved dx:-2 dy:+2)|STOPPED_MID_PATH (moves exhausted)"
          },
          {
            "tool": "set_city_production",
            "result": "PRODUCING|UNIT_BUILDER|5 turns"
          },
          {
            "tool": "set_city_production",
            "result": "PRODUCING|UNIT_BUILDER|8 turns"
          },
          {
            "tool": "set_city_production",
            "result": "PRODUCING|UNIT_CROSSBOWMAN|7 turns"
          },
          {
            "tool": "move_unit",
            "result": "MOVING_TO|56,14|from:47,24|now_at:48,22|(moved dx:+1 dy:-2)|STOPPED_MID_PATH (moves exhausted)"
          },
          {
            "tool": "move_unit",
            "result": "Error: STACKING_CONFLICT|Friendly UNIT_ARCHER already on (58,22). Cannot stack same formation class."
          },
          {
            "tool": "fortify_unit",
            "result": "FORTIFIED"
          },
          {
            "tool": "fortify_unit",
            "result": "FORTIFIED"
          },
          {
            "tool": "skip_unit",
            "result": "SKIPPED"
          },
          {
            "tool": "move_unit",
            "result": "MOVING_TO|49,23|from:50,18|now_at:50,18|BLOCKED (tile appears passable - path may be blocked by intermediate tiles)"
          },
          {
            "tool": "move_unit",
            "result": "MOVING_TO|52,19|from:50,18|now_at:51,18|(moved dx:+1 dy:+0)|STOPPED_MID_PATH (moves exhausted)"
          }
        ],
        "promotion_sweep": [],
        "standing_memory": {
          "loaded": false,
          "injected": false,
          "injected_chars": 0,
          "captured_chars": 0,
          "error": ""
        },
        "task_tracker": {
          "active_before": 0,
          "pre_model_results": [],
          "active_after": 0,
          "error": ""
        },
        "channels": {
          "enabled": true,
          "acknowledgements": 0,
          "error": ""
        }
      },
      {
        "player": 3,
        "turn": 158,
        "summary": "scripted: observed + skipped unit 0",
        "actions": [
          {
            "tool": "skip_unit"
          }
        ],
        "promotion_sweep": [],
        "standing_memory": {
          "loaded": false,
          "injected": false,
          "injected_chars": 0,
          "captured_chars": 0,
          "error": ""
        },
        "task_tracker": {
          "active_before": 0,
          "pre_model_results": [],
          "active_after": 0,
          "error": ""
        },
        "channels": {
          "enabled": true,
          "acknowledgements": 0,
          "error": ""
        }
      },
      {
        "player": 1,
        "turn": 159,
        "summary": "max_steps reached",
        "actions": [
          {
            "tool": "get_overview",
            "result": "Turn 159 | Khmer (Jayavarman VII) | Score: 328 | Prince\nGold: 211 (-5/turn) | Income: 21 | Maintenance: -26 (units: 6) | Science: 50.2 | Culture: 43.4 | Faith: 432 | Favor: 48 (+3/turn)\nResearch: Printing | Civic: Medieval Faires\nCities: 7 | Population: 42 | Units: 13 \u2014 5 Missionary, 2 Guru, 2 Man-A"
          },
          {
            "tool": "get_cities",
            "result": "7 cities:\n  Angkor Thom (pop 11) at (14,31) \u2014 Food 52 Prod 32 Gold 9 Sci 12 Cul 14 | Housing 18 Amenities 10 | Growth: 62/126 food (3t, +30.0/t) | Building: BUILDING_CATHEDRAL (4 turns) | Walls 100/100 Garrison 200/200 Def:47 Gar:none [id:65536]\n    Districts: HOLY_SITE(13,29) CAMPUS(14,30) INDUSTRI"
          },
          {
            "tool": "get_units",
            "result": "13 units:\n  Missionary (UNIT_MISSIONARY) at (8,23) \u2014 moves 4/4 charges:3 [BUDDHISM] [id:2228225, idx:1]\n  Missionary (UNIT_MISSIONARY) at (0,32) \u2014 moves 2/2 charges:2 [BUDDHISM] [id:2490370, idx:2]\n  Trader (UNIT_TRADER) at (14,31) \u2014 moves 2/2 [id:458755, idx:3]\n  Man-At-Arms (UNIT_MAN_AT_ARMS) at ("
          },
          {
            "tool": "set_research",
            "result": "RESEARCHING|TECH_PRINTING"
          },
          {
            "tool": "found_city",
            "result": "Error: CANNOT_FOUND|Too close to Preah Vihear (settler at 11,27, distance 3, need > 3)\n\nTop 4 settle locations:\n  #1 (8,26): Score 200 \u2014 F:62 P:29 \u2014 coast, defense:2\n     [B] FISH, [B] STONE, [B] STONE, [B] FISH, [B] CATTLE, [B] CATTLE, [B] BANANAS, [L] SPICES\n  #2 (8,27): Score 192 \u2014 F:57 P:34 \u2014 no"
          },
          {
            "tool": "move_unit",
            "result": "MOVING_TO|8,26|from:11,27|now_at:10,27|(moved dx:-1 dy:+0)|STOPPED_MID_PATH (moves exhausted)"
          },
          {
            "tool": "move_unit",
            "result": "Error: NO_MOVES|Unit has no movement points remaining this turn. Use skip or wait until next turn."
          },
          {
            "tool": "set_city_production",
            "result": "PRODUCING|UNIT_SETTLER|44 turns"
          },
          {
            "tool": "set_city_production",
            "result": "PRODUCING|UNIT_MAN_AT_ARMS|4 turns"
          },
          {
            "tool": "set_city_production",
            "result": "PRODUCING|UNIT_MAN_AT_ARMS|4 turns"
          },
          {
            "tool": "set_city_production",
            "result": "PRODUCING|UNIT_MAN_AT_ARMS|4 turns"
          },
          {
            "tool": "set_city_production",
            "result": "PRODUCING|UNIT_MAN_AT_ARMS|4 turns"
          },
          {
            "tool": "set_city_production",
            "result": "PRODUCING|UNIT_MAN_AT_ARMS|4 turns"
          },
          {
            "tool": "set_city_production",
            "result": "PRODUCING|UNIT_MAN_AT_ARMS|4 turns"
          },
          {
            "tool": "set_city_production",
            "result": "PRODUCING|UNIT_MAN_AT_ARMS|4 turns"
          }
        ],
        "promotion_sweep": [],
        "standing_memory": {
          "loaded": false,
          "injected": false,
          "injected_chars": 0,
          "captured_chars": 0,
          "error": ""
        },
        "task_tracker": {
          "active_before": 0,
          "pre_model_results": [],
          "active_after": 0,
          "error": ""
        },
        "channels": {
          "enabled": true,
          "acknowledgements": 0,
          "error": ""
        }
      },
      {
        "player": 2,
        "turn": 159,
        "summary": "max_steps reached",
        "actions": [
          {
            "tool": "get_overview",
            "result": "Turn 159 | Brazil (Pedro II) | Score: 311 | Prince\nGold: 308 (+1/turn) | Income: 24 | Maintenance: -23 (units: 6) | Science: 35.5 | Culture: 71.9 | Faith: 499 | Favor: 51 (+2/turn)\nResearch: Gunpowder | Civic: Diplomatic Service\nCities: 5 | Population: 28 | Units: 8 \u2014 2 Builder, 1 Swordsman, 1 Arche"
          },
          {
            "tool": "get_cities",
            "result": "5 cities:\n  Rio de Janeiro (pop 10) at (49,23) \u2014 Food 28 Prod 25 Gold 18 Sci 26 Cul 39 | Housing 12 Amenities 12 | Growth: 110/114 food (1t, +8.0/t) | Building: nothing | HP:200/200 Def:35 Gar:SPEARMAN [id:65536]\n    Districts: HOLY_SITE(50,21) CAMPUS(48,25) THEATER(51,24) ENCAMPMENT(47,23)\n    Buil"
          },
          {
            "tool": "get_units",
            "result": "8 units:\n  Trader (UNIT_TRADER) at (53,15) \u2014 moves 2/2 [id:589824, idx:0]\n  Swordsman (UNIT_SWORDSMAN) at (58,19) \u2014 CS:35 moves 2/2 [id:1966081, idx:1]\n  Builder (UNIT_BUILDER) at (49,19) \u2014 moves 2/2 charges:3 [id:2752516, idx:4]\n  Murasaki Shikibu (UNIT_GREAT_WRITER) at (51,18) \u2014 moves 4/4 [id:2686"
          },
          {
            "tool": "move_unit",
            "result": "MOVING_TO|49,21|from:49,19|now_at:49,21|(moved dx:+0 dy:+2)"
          },
          {
            "tool": "move_unit",
            "result": "Error: NO_MOVES|Unit has no movement points remaining this turn. Use skip or wait until next turn."
          },
          {
            "tool": "move_unit",
            "result": "MOVING_TO|53,15|from:52,15|now_at:53,15|(moved dx:+1 dy:+0)"
          },
          {
            "tool": "move_unit",
            "result": "MOVING_TO|54,15|from:53,15|now_at:54,15|(moved dx:+1 dy:+0)"
          },
          {
            "tool": "move_unit",
            "result": "MOVING_TO|49,23|from:51,18|now_at:49,20|(moved dx:-2 dy:+2)|STOPPED_MID_PATH (moves exhausted)"
          },
          {
            "tool": "set_city_production",
            "result": "PRODUCING|UNIT_BUILDER|4 turns"
          },
          {
            "tool": "set_city_production",
            "result": "PRODUCING|BUILDING_GRANARY|4 turns"
          },
          {
            "tool": "set_city_production",
            "result": "PRODUCING|BUILDING_GRANARY|7 turns"
          },
          {
            "tool": "get_pending_diplomacy",
            "result": "No pending diplomacy sessions."
          },
          {
            "tool": "get_pending_trades",
            "result": "No pending trade deals."
          },
          {
            "tool": "move_unit",
            "result": "MOVING_TO|50,22|from:48,22|now_at:50,22|(moved dx:+2 dy:+0)"
          },
          {
            "tool": "move_unit",
            "result": "Error: NO_MOVES|Unit has no movement points remaining this turn. Use skip or wait until next turn."
          }
        ],
        "promotion_sweep": [],
        "standing_memory": {
          "loaded": false,
          "injected": false,
          "injected_chars": 0,
          "captured_chars": 0,
          "error": ""
        },
        "task_tracker": {
          "active_before": 0,
          "pre_model_results": [],
          "active_after": 0,
          "error": ""
        },
        "channels": {
          "enabled": true,
          "acknowledgements": 0,
          "error": ""
        }
      },
      {
        "player": 3,
        "turn": 159,
        "summary": "scripted: observed + skipped unit 0",
        "actions": [
          {
            "tool": "skip_unit"
          }
        ],
        "promotion_sweep": [],
        "standing_memory": {
          "loaded": false,
          "injected": false,
          "injected_chars": 0,
          "captured_chars": 0,
          "error": ""
        },
        "task_tracker": {
          "active_before": 0,
          "pre_model_results": [],
          "active_after": 0,
          "error": ""
        },
        "channels": {
          "enabled": true,
          "acknowledgements": 0,
          "error": ""
        }
      },
      {
        "player": 1,
        "turn": 160,
        "summary": "I have taken the following actions:\n\n1.  **Research**: Set research to continue with `Printing`.\n2.  **Expansion**: Moved the Settler toward a high-potential location at (8, 26) to found a new city next turn.\n3.  **City Management**: In Kompong Svay (which is struggling with growth), I set production to a `Granary` to help improve its food situation.\n4.  **Unit Movement**: Moved the Builder toward a more useful position.\n\nSummary: Moving toward expansion and addressing slow growth in a secondary city.",
        "actions": [
          {
            "tool": "get_overview",
            "result": "Turn 160 | Khmer (Jayavarman VII) | Score: 328 | Prince\nGold: 206 (-5/turn) | Income: 21 | Maintenance: -26 (units: 6) | Science: 50.2 | Culture: 43.4 | Faith: 488 | Favor: 51 (+3/turn)\nResearch: Printing | Civic: Medieval Faires\nCities: 7 | Population: 42 | Units: 13 \u2014 5 Missionary, 2 Guru, 2 Man-A"
          },
          {
            "tool": "get_cities",
            "result": "7 cities:\n  Angkor Thom (pop 11) at (14,31) \u2014 Food 52 Prod 32 Gold 9 Sci 12 Cul 14 | Housing 18 Amenities 10 | Growth: 88/126 food (2t, +30.0/t) | Building: BUILDING_CATHEDRAL (3 turns) | Walls 100/100 Garrison 200/200 Def:47 Gar:none [id:65536]\n    Districts: HOLY_SITE(13,29) CAMPUS(14,30) INDUSTRI"
          },
          {
            "tool": "get_units",
            "result": "13 units:\n  Missionary (UNIT_MISSIONARY) at (8,23) \u2014 moves 4/4 charges:3 [BUDDHISM] [id:2228225, idx:1]\n  Missionary (UNIT_MISSIONARY) at (0,32) \u2014 moves 2/2 charges:2 [BUDDHISM] [id:2490370, idx:2]\n  Trader (UNIT_TRADER) at (14,31) \u2014 moves 2/2 [id:458755, idx:3]\n  Man-At-Arms (UNIT_MAN_AT_ARMS) at ("
          },
          {
            "tool": "set_research",
            "result": "RESEARCHING|TECH_PRINTING"
          },
          {
            "tool": "found_city",
            "result": "Error: CANNOT_FOUND|Too close to Preah Vihear (settler at 10,27, distance 3, need > 3)\n\nTop 4 settle locations:\n  #1 (8,26): Score 200 \u2014 F:62 P:29 \u2014 coast, defense:2\n     [B] FISH, [B] STONE, [B] STONE, [B] FISH, [B] CATTLE, [B] CATTLE, [B] BANANAS, [L] SPICES\n  #2 (8,27): Score 192 \u2014 F:57 P:34 \u2014 no"
          },
          {
            "tool": "move_unit",
            "result": "MOVING_TO|8,26|from:10,27|now_at:9,27|(moved dx:-1 dy:+0)|STOPPED_MID_PATH (moves exhausted)"
          },
          {
            "tool": "move_unit",
            "result": "Error: NO_MOVES|Unit has no movement points remaining this turn. Use skip or wait until next turn."
          },
          {
            "tool": "set_city_production",
            "result": "PRODUCING|BUILDING_GRANARY|9 turns"
          },
          {
            "tool": "move_unit",
            "result": "MOVING_TO|18,32|from:17,32|now_at:18,32|(moved dx:+1 dy:+0)"
          }
        ],
        "promotion_sweep": [],
        "standing_memory": {
          "loaded": false,
          "injected": false,
          "injected_chars": 0,
          "captured_chars": 0,
          "error": ""
        },
        "task_tracker": {
          "active_before": 0,
          "pre_model_results": [],
          "active_after": 0,
          "error": ""
        },
        "channels": {
          "enabled": true,
          "acknowledgements": 0,
          "error": ""
        }
      },
      {
        "player": 2,
        "turn": 160,
        "summary": "max_steps reached",
        "actions": [
          {
            "tool": "get_overview",
            "result": "Turn 160 | Brazil (Pedro II) | Score: 311 | Prince\nGold: 309 (+1/turn) | Income: 24 | Maintenance: -23 (units: 6) | Science: 37.4 | Culture: 73.5 | Faith: 577 | Favor: 53 (+2/turn)\nResearch: Gunpowder | Civic: Diplomatic Service\nCities: 5 | Population: 29 | Units: 8 \u2014 2 Builder, 1 Swordsman, 1 Arche"
          },
          {
            "tool": "get_units",
            "result": "8 units:\n  Trader (UNIT_TRADER) at (53,15) \u2014 moves 2/2 [id:589824, idx:0]\n  Swordsman (UNIT_SWORDSMAN) at (58,19) \u2014 CS:35 moves 2/2 [id:1966081, idx:1]\n  Builder (UNIT_BUILDER) at (49,21) \u2014 moves 2/2 charges:3 [id:2752516, idx:4]\n    >> Can build: IMPROVEMENT_FARM\n  Murasaki Shikibu (UNIT_GREAT_WRIT"
          },
          {
            "tool": "get_cities",
            "result": "5 cities:\n  Rio de Janeiro (pop 11) at (49,23) \u2014 Food 30 Prod 26 Gold 18 Sci 28 Cul 41 | Housing 12 Amenities 13 | Growth: 4/126 food (31t, +8.0/t) | Building: UNIT_BUILDER (3 turns) | HP:200/200 Def:35 Gar:SPEARMAN [id:65536]\n    !! SLOW GROWTH: 31 turns to next pop \u2014 needs farm, granary, or trade "
          },
          {
            "tool": "get_pending_diplomacy",
            "result": "1 pending diplomacy session(s):\n  Korea (Seondeok) \u2014 session 2, player 0\n  Says: \"Greetings traveler. You should know that you stand in the presence of greatness.\"\n  Respond with: POSITIVE (friendly) or NEGATIVE (dismissive)"
          },
          {
            "tool": "get_pending_trades",
            "result": "No pending trade deals."
          },
          {
            "tool": "respond_to_diplomacy",
            "result": "OK:RESPONDED|POSITIVE|SESSION_CLOSED (auto-closed goodbye phase)"
          },
          {
            "tool": "move_unit",
            "result": "MOVING_TO|50,21|from:49,21|now_at:50,21|(moved dx:+1 dy:+0)"
          },
          {
            "tool": "move_unit",
            "result": "MOVING_TO|56,22|from:50,22|now_at:50,22|BLOCKED (city-state territory (Preslav) - need suzerainty or Open Borders)"
          },
          {
            "tool": "move_unit",
            "result": "MOVING_TO|54,22|from:50,22|now_at:50,18|(moved dx:+0 dy:-4)|STOPPED_MID_PATH (moves exhausted)"
          },
          {
            "tool": "move_unit",
            "result": "MOVING_TO|49,23|from:49,20|now_at:49,23|(moved dx:+0 dy:+3)"
          },
          {
            "tool": "move_unit",
            "result": "MOVING_TO|54,13|from:54,15|now_at:54,13|(moved dx:+0 dy:-2)"
          },
          {
            "tool": "set_city_production",
            "result": "Error: ITEM_NOT_FOUND|MELEE"
          },
          {
            "tool": "set_city_production",
            "result": "Error: ITEM_NOT_FOUND|LAND"
          },
          {
            "tool": "set_city_production",
            "result": "Error: ITEM_NOT_FOUND|MUSKETEER"
          },
          {
            "tool": "set_city_production",
            "result": "Error: CANNOT_PRODUCE|UNIVERSITY cannot be produced in this city"
          }
        ],
        "promotion_sweep": [],
        "standing_memory": {
          "loaded": false,
          "injected": false,
          "injected_chars": 0,
          "captured_chars": 0,
          "error": ""
        },
        "task_tracker": {
          "active_before": 0,
          "pre_model_results": [],
          "active_after": 0,
          "error": ""
        },
        "channels": {
          "enabled": true,
          "acknowledgements": 0,
          "error": ""
        }
      },
      {
        "player": 3,
        "turn": 160,
        "summary": "scripted: observed + skipped unit 0",
        "actions": [
          {
            "tool": "skip_unit"
          }
        ],
        "promotion_sweep": [],
        "standing_memory": {
          "loaded": false,
          "injected": false,
          "injected_chars": 0,
          "captured_chars": 0,
          "error": ""
        },
        "task_tracker": {
          "active_before": 0,
          "pre_model_results": [],
          "active_after": 0,
          "error": ""
        },
        "channels": {
          "enabled": true,
          "acknowledgements": 0,
          "error": ""
        }
      },
      {
        "player": 1,
        "turn": 161,
        "summary": "I have started researching Gunpowder to prepare for future military needs. I moved my Settler to a high-yield coastal location at (8, 26) and skipped it so it can found a new city on the next turn.\n\nSummary:\n- Researching: Gunpowder.\n- Settler moved to (8, 26) to found a city next turn.\n- All other units skipped for now.",
        "actions": [
          {
            "tool": "get_overview",
            "result": "Turn 161 | Khmer (Jayavarman VII) | Score: 328 | Prince\nGold: 201 (-6/turn) | Income: 21 | Maintenance: -27 (units: 6) | Science: 50.2 | Culture: 43.4 | Faith: 543 | Favor: 54 (+3/turn)\nResearch: Printing | Civic: Medieval Faires\nCities: 7 | Population: 42 | Units: 14 \u2014 5 Missionary, 2 Builder, 2 Ma"
          },
          {
            "tool": "get_cities",
            "result": "7 cities:\n  Angkor Thom (pop 11) at (14,31) \u2014 Food 52 Prod 32 Gold 9 Sci 12 Cul 14 | Housing 18 Amenities 10 | Growth: 113/126 food (1t, +30.0/t) | Building: BUILDING_CATHEDRAL (2 turns) | Walls 100/100 Garrison 200/200 Def:47 Gar:none [id:65536]\n    Districts: HOLY_SITE(13,29) CAMPUS(14,30) INDUSTR"
          },
          {
            "tool": "get_units",
            "result": "14 units:\n  Builder (UNIT_BUILDER) at (14,35) \u2014 moves 2/2 charges:3 [id:3211264, idx:0]\n  Missionary (UNIT_MISSIONARY) at (8,23) \u2014 moves 4/4 charges:3 [BUDDHISM] [id:2228225, idx:1]\n  Missionary (UNIT_MISSIONARY) at (0,32) \u2014 moves 2/2 charges:2 [BUDDHISM] [id:2490370, idx:2]\n  Trader (UNIT_TRADER) a"
          },
          {
            "tool": "set_research",
            "result": "RESEARCHING_GAMECORE|TECH_GUNPOWDER"
          },
          {
            "tool": "found_city",
            "result": "Error: CANNOT_FOUND|Too close to Preah Vihear (settler at 9,27, distance 3, need > 3)\n\nTop 4 settle locations:\n  #1 (8,26): Score 200 \u2014 F:62 P:29 \u2014 coast, defense:2\n     [B] FISH, [B] STONE, [B] STONE, [B] FISH, [B] CATTLE, [B] CATTLE, [B] BANANAS, [L] SPICES\n  #2 (8,27): Score 192 \u2014 F:57 P:34 \u2014 no "
          },
          {
            "tool": "move_unit",
            "result": "MOVING_TO|8,26|from:9,27|now_at:8,26|(moved dx:-1 dy:-1)"
          },
          {
            "tool": "found_city",
            "result": "Error: CANNOT_FOUND|Unit cannot found cities (not a settler or no moves)\n\nTop 5 settle locations:\n  #1 (8,26): Score 200 \u2014 F:62 P:29 \u2014 coast, defense:2\n     [B] FISH, [B] STONE, [B] STONE, [B] FISH, [B] CATTLE, [B] CATTLE, [B] BANANAS, [L] SPICES\n  #2 (8,27): Score 192 \u2014 F:57 P:34 \u2014 no water, defens"
          },
          {
            "tool": "move_unit",
            "result": "Error: NO_MOVES|Unit has no movement points remaining this turn. Use skip or wait until next turn."
          },
          {
            "tool": "found_city",
            "result": "Error: CANNOT_FOUND|Unit cannot found cities (not a settler or no moves)\n\nTop 5 settle locations:\n  #1 (8,26): Score 200 \u2014 F:62 P:29 \u2014 coast, defense:2\n     [B] FISH, [B] STONE, [B] STONE, [B] FISH, [B] CATTLE, [B] CATTLE, [B] BANANAS, [L] SPICES\n  #2 (8,27): Score 192 \u2014 F:57 P:34 \u2014 no water, defens"
          },
          {
            "tool": "skip_unit",
            "result": "SKIPPED"
          }
        ],
        "promotion_sweep": [],
        "standing_memory": {
          "loaded": false,
          "injected": false,
          "injected_chars": 0,
          "captured_chars": 0,
          "error": ""
        },
        "task_tracker": {
          "active_before": 0,
          "pre_model_results": [],
          "active_after": 0,
          "error": ""
        },
        "channels": {
          "enabled": true,
          "acknowledgements": 0,
          "error": ""
        }
      },
      {
        "player": 2,
        "turn": 161,
        "summary": "max_steps reached",
        "actions": [
          {
            "tool": "get_overview",
            "result": "Turn 161 | Brazil (Pedro II) | Score: 312 | Prince\nGold: 310 (+1/turn) | Income: 24 | Maintenance: -23 (units: 6) | Science: 37.4 | Culture: 73.5 | Faith: 656 | Favor: 55 (+2/turn)\nResearch: Gunpowder | Civic: Diplomatic Service\nCities: 5 | Population: 29 | Units: 8 \u2014 2 Builder, 1 Swordsman, 1 Arche"
          },
          {
            "tool": "get_cities",
            "result": "5 cities:\n  Rio de Janeiro (pop 11) at (49,23) \u2014 Food 30 Prod 26 Gold 18 Sci 28 Cul 41 | Housing 12 Amenities 13 | Growth: 8/126 food (30t, +8.0/t) | Building: UNIT_BUILDER (2 turns) | HP:200/200 Def:35 Gar:SPEARMAN [id:65536]\n    !! SLOW GROWTH: 30 turns to next pop \u2014 needs farm, granary, or trade "
          },
          {
            "tool": "get_units",
            "result": "8 units:\n  Trader (UNIT_TRADER) at (53,15) \u2014 moves 2/2 [id:589824, idx:0]\n  Swordsman (UNIT_SWORDSMAN) at (58,19) \u2014 CS:35 moves 2/2 [id:1966081, idx:1]\n  Builder (UNIT_BUILDER) at (50,21) \u2014 moves 2/2 charges:3 [id:2752516, idx:4]\n  Murasaki Shikibu (UNIT_GREAT_WRITER) at (49,23) \u2014 moves 4/4 [id:2686"
          },
          {
            "tool": "get_pending_diplomacy",
            "result": "No pending diplomacy sessions."
          },
          {
            "tool": "get_pending_trades",
            "result": "No pending trade deals."
          },
          {
            "tool": "move_unit",
            "result": "Error: STACKING_CONFLICT|Friendly UNIT_GREAT_WRITER already on (49,23). Cannot stack same formation class."
          },
          {
            "tool": "move_unit",
            "result": "MOVING_TO|50,23|from:50,21|now_at:50,22|(moved dx:+0 dy:+1)|STOPPED_MID_PATH (moves exhausted)"
          },
          {
            "tool": "move_unit",
            "result": "Error: NO_MOVES|Unit has no movement points remaining this turn. Use skip or wait until next turn."
          },
          {
            "tool": "move_unit",
            "result": "MOVING_TO|55,14|from:54,13|now_at:55,14|(moved dx:+1 dy:+1)"
          },
          {
            "tool": "move_unit",
            "result": "MOVING_TO|56,14|from:55,14|now_at:56,14|(moved dx:+1 dy:+0)"
          },
          {
            "tool": "move_unit",
            "result": "MOVING_TO|49,24|from:49,23|now_at:49,24|(moved dx:+0 dy:+1)"
          },
          {
            "tool": "move_unit",
            "result": "MOVING_TO|49,25|from:49,24|now_at:49,24|BLOCKED (impassable mountain)"
          },
          {
            "tool": "move_unit",
            "result": "MOVING_TO|48,25|from:49,24|now_at:48,25|(moved dx:-1 dy:+1)"
          },
          {
            "tool": "set_research",
            "result": "Error: ALREADY_COMPLETED|TECH_MACHINERY is already researched"
          },
          {
            "tool": "set_research",
            "result": "Error: TECH_NOT_FOUND|TECH_MECHANIZATION"
          },
          {
            "tool": "set_research",
            "result": "RESEARCHING_GAMECORE|TECH_STEEL"
          }
        ],
        "promotion_sweep": [],
        "standing_memory": {
          "loaded": false,
          "injected": false,
          "injected_chars": 0,
          "captured_chars": 0,
          "error": ""
        },
        "task_tracker": {
          "active_before": 0,
          "pre_model_results": [],
          "active_after": 0,
          "error": ""
        },
        "channels": {
          "enabled": true,
          "acknowledgements": 0,
          "error": ""
        }
      },
      {
        "player": 3,
        "turn": 161,
        "summary": "scripted: observed + skipped unit 0",
        "actions": [
          {
            "tool": "skip_unit"
          }
        ],
        "promotion_sweep": [],
        "standing_memory": {
          "loaded": false,
          "injected": false,
          "injected_chars": 0,
          "captured_chars": 0,
          "error": ""
        },
        "task_tracker": {
          "active_before": 0,
          "pre_model_results": [],
          "active_after": 0,
          "error": ""
        },
        "channels": {
          "enabled": true,
          "acknowledgements": 0,
          "error": ""
        }
      },
      {
        "player": 1,
        "turn": 162,
        "summary": "I have taken the following actions for this turn:\n\n1.  **Research**: Started researching **Machinery** to improve my military and resource capabilities.\n2.  **City Production**: Set **Kompong Svay** to produce a **Granary** to address its slow growth.\n3.  **Diplomacy/Internal**: Evaluated the state of the empire. I am currently in a **Golden Age** with a strong religious foundation (Buddhism).\n\nI will continue to manage my cities, focus on growth, and prepare for the transition into the next era.",
        "actions": [
          {
            "tool": "get_overview",
            "result": "Turn 162 | Khmer (Jayavarman VII) | Score: 329 | Prince\nGold: 194 (-6/turn) | Income: 21 | Maintenance: -27 (units: 6) | Science: 50.7 | Culture: 44.2 | Faith: 599 | Favor: 57 (+3/turn)\nResearch: Gunpowder | Civic: Medieval Faires\nCities: 7 | Population: 43 | Units: 14 \u2014 5 Missionary, 2 Builder, 2 M"
          },
          {
            "tool": "get_cities",
            "result": "7 cities:\n  Angkor Thom (pop 12) at (14,31) \u2014 Food 53 Prod 35 Gold 9 Sci 13 Cul 14 | Housing 18 Amenities 10 | Growth: 13/139 food (6t, +29.0/t) | Building: BUILDING_CATHEDRAL (1 turns) | Walls 100/100 Garrison 200/200 Def:47 Gar:none [id:65536]\n    Districts: HOLY_SITE(13,29) CAMPUS(14,30) INDUSTRI"
          },
          {
            "tool": "get_units",
            "result": "14 units:\n  Builder (UNIT_BUILDER) at (14,35) \u2014 moves 2/2 charges:3 [id:3211264, idx:0]\n  Missionary (UNIT_MISSIONARY) at (8,23) \u2014 moves 4/4 charges:3 [BUDDHISM] [id:2228225, idx:1]\n  Missionary (UNIT_MISSIONARY) at (0,32) \u2014 moves 2/2 charges:2 [BUDDHISM] [id:2490370, idx:2]\n  Trader (UNIT_TRADER) a"
          },
          {
            "tool": "set_research",
            "result": "RESEARCHING_GAMECORE|TECH_MACHINERY"
          },
          {
            "tool": "set_city_production",
            "result": "Error: CANNOT_PRODUCE|Granary cannot be produced in this city (already built)"
          },
          {
            "tool": "set_city_production",
            "result": "PRODUCING|BUILDING_GRANARY|7 turns"
          },
          {
            "tool": "set_city_production",
            "result": "Error: CANNOT_PRODUCE|Granary cannot be produced in this city (already built)"
          },
          {
            "tool": "set_city_production",
            "result": "Error: MISSING_COORDS|Amphitheater is a district and requires target_x/target_y for placement. Use get_district_advisor(city_id, 'Amphitheater') to find the best tile."
          },
          {
            "tool": "set_city_production",
            "result": "Error: CITY_NOT_FOUND"
          },
          {
            "tool": "set_city_production",
            "result": "Error: CITY_NOT_FOUND"
          },
          {
            "tool": "set_city_production",
            "result": "Error: MISSING_COORDS|Campus is a district and requires target_x/target_y for placement. Use get_district_advisor(city_id, 'Campus') to find the best tile."
          },
          {
            "tool": "set_city_production",
            "result": "Error: CITY_NOT_FOUND"
          },
          {
            "tool": "set_city_production",
            "result": "Error: CANNOT_PRODUCE|Library cannot be produced in this city (already built)"
          }
        ],
        "promotion_sweep": [],
        "standing_memory": {
          "loaded": false,
          "injected": false,
          "injected_chars": 0,
          "captured_chars": 0,
          "error": ""
        },
        "task_tracker": {
          "active_before": 0,
          "pre_model_results": [],
          "active_after": 0,
          "error": ""
        },
        "channels": {
          "enabled": true,
          "acknowledgements": 0,
          "error": ""
        }
      },
      {
        "player": 2,
        "turn": 162,
        "summary": "max_steps reached",
        "actions": [
          {
            "tool": "get_overview",
            "result": "Turn 162 | Brazil (Pedro II) | Score: 312 | Prince\nGold: 311 (+1/turn) | Income: 24 | Maintenance: -23 (units: 6) | Science: 37.9 | Culture: 73.9 | Faith: 734 | Favor: 57 (+2/turn)\nResearch: Steel | Civic: Diplomatic Service\nCities: 5 | Population: 30 | Units: 8 \u2014 2 Builder, 1 Swordsman, 1 Archer, 1"
          },
          {
            "tool": "get_units",
            "result": "8 units:\n  Trader (UNIT_TRADER) at (53,15) \u2014 moves 2/2 [id:589824, idx:0]\n  Swordsman (UNIT_SWORDSMAN) at (58,19) \u2014 CS:35 moves 2/2 [id:1966081, idx:1]\n  Builder (UNIT_BUILDER) at (50,22) \u2014 moves 2/2 charges:3 [id:2752516, idx:4]\n  Murasaki Shikibu (UNIT_GREAT_WRITER) at (48,25) \u2014 moves 4/4 [id:2686"
          },
          {
            "tool": "get_cities",
            "result": "5 cities:\n  Rio de Janeiro (pop 11) at (49,23) \u2014 Food 30 Prod 26 Gold 18 Sci 28 Cul 41 | Housing 12 Amenities 13 | Growth: 12/126 food (29t, +8.0/t) | Building: UNIT_BUILDER (1 turns) | HP:200/200 Def:35 Gar:SPEARMAN [id:65536]\n    !! SLOW GROWTH: 29 turns to next pop \u2014 needs farm, granary, or trade"
          },
          {
            "tool": "get_pending_diplomacy",
            "result": "No pending diplomacy sessions."
          },
          {
            "tool": "get_pending_trades",
            "result": "No pending trade deals."
          },
          {
            "tool": "move_unit",
            "result": "Error: STACKING_CONFLICT|Friendly UNIT_BUILDER already on (50,22). Cannot stack same formation class."
          },
          {
            "tool": "move_unit",
            "result": "MOVING_TO|51,22|from:50,22|now_at:50,22|BLOCKED (impassable mountain)"
          },
          {
            "tool": "move_unit",
            "result": "MOVING_TO|49,22|from:50,22|now_at:49,22|(moved dx:-1 dy:+0)"
          },
          {
            "tool": "move_unit",
            "result": "MOVING_TO|50,23|from:49,22|now_at:49,23|(moved dx:+0 dy:+1)|STOPPED_MID_PATH (moves exhausted)"
          },
          {
            "tool": "move_unit",
            "result": "Error: NO_MOVES|Unit has no movement points remaining this turn. Use skip or wait until next turn."
          },
          {
            "tool": "set_city_production",
            "result": "Error: ITEM_NOT_FOUND|FARM"
          },
          {
            "tool": "set_city_production",
            "result": "Error: ITEM_NOT_FOUND|WORKER"
          },
          {
            "tool": "set_city_production",
            "result": "PRODUCING|UNIT_BUILDER|1 turns"
          },
          {
            "tool": "set_city_production",
            "result": "PRODUCING|UNIT_BUILDER|4 turns"
          },
          {
            "tool": "set_city_production",
            "result": "PRODUCING|BUILDING_GRANARY|4 turns"
          }
        ],
        "promotion_sweep": [],
        "standing_memory": {
          "loaded": false,
          "injected": false,
          "injected_chars": 0,
          "captured_chars": 0,
          "error": ""
        },
        "task_tracker": {
          "active_before": 0,
          "pre_model_results": [],
          "active_after": 0,
          "error": ""
        },
        "channels": {
          "enabled": true,
          "acknowledgements": 0,
          "error": ""
        }
      },
      {
        "player": 3,
        "turn": 162,
        "summary": "scripted: observed + skipped unit 0",
        "actions": [
          {
            "tool": "skip_unit"
          }
        ],
        "promotion_sweep": [],
        "standing_memory": {
          "loaded": false,
          "injected": false,
          "injected_chars": 0,
          "captured_chars": 0,
          "error": ""
        },
        "task_tracker": {
          "active_before": 0,
          "pre_model_results": [],
          "active_after": 0,
          "error": ""
        },
        "channels": {
          "enabled": true,
          "acknowledgements": 0,
          "error": ""
        }
      },
      {
        "player": 1,
        "turn": 163,
        "summary": "I have taken several actions this turn to stabilize my empire's growth and prepare for future technologies.\n\n**Summary of Actions:**\n- **Research:** Set research to **Gunpowder** to prepare for more advanced military units.\n- **Production:** \n    - Confirmed **Granary** production in **Kompong Svay** to address its slow growth.\n    - Confirmed **Amphitheater** production in **Preah Vihear**.\n- **Unit Movement:**\n    - Moved the **Settler** toward a more strategic location near the coast/resources.\n    - Moved a **Builder** to begin working on improvements near the major cities.\n- **Diplomacy/Private Channels:** No immediate actions taken; will monitor for opportunities.\n\nThe empire is currently in a Golden Age, and I will focus on expanding my infrastructure and religious influence.",
        "actions": [
          {
            "tool": "get_overview",
            "result": "Turn 163 | Khmer (Jayavarman VII) | Score: 330 | Prince\nGold: 188 (-6/turn) | Income: 21 | Maintenance: -27 (units: 6) | Science: 51.9 | Culture: 46.1 | Faith: 656 | Favor: 60 (+3/turn)\nResearch: Machinery | Civic: Medieval Faires\nCities: 7 | Population: 45 | Units: 14 \u2014 5 Missionary, 2 Builder, 2 M"
          },
          {
            "tool": "get_cities",
            "result": "7 cities:\n  Angkor Thom (pop 12) at (14,31) \u2014 Food 53 Prod 34 Gold 9 Sci 13 Cul 14 | Housing 18 Amenities 10 | Growth: 38/139 food (5t, +29.0/t) | Building: nothing | Walls 100/100 Garrison 200/200 Def:47 Gar:none [id:65536]\n    Districts: HOLY_SITE(13,29) CAMPUS(14,30) INDUSTRIAL_ZONE(12,31) WONDER"
          },
          {
            "tool": "get_units",
            "result": "14 units:\n  Builder (UNIT_BUILDER) at (14,35) \u2014 moves 2/2 charges:3 [id:3211264, idx:0]\n  Missionary (UNIT_MISSIONARY) at (8,23) \u2014 moves 4/4 charges:3 [BUDDHISM] [id:2228225, idx:1]\n  Missionary (UNIT_MISSIONARY) at (0,32) \u2014 moves 2/2 charges:2 [BUDDHISM] [id:2490370, idx:2]\n  Trader (UNIT_TRADER) a"
          },
          {
            "tool": "set_research",
            "result": "RESEARCHING_GAMECORE|TECH_GUNPOWDER"
          },
          {
            "tool": "set_city_production",
            "result": "Error: CANNOT_PRODUCE|Granary cannot be produced in this city (already built)"
          },
          {
            "tool": "set_city_production",
            "result": "PRODUCING|BUILDING_GRANARY|6 turns"
          },
          {
            "tool": "set_city_production",
            "result": "PRODUCING|BUILDING_AMPHITHEATER|5 turns"
          },
          {
            "tool": "move_unit",
            "result": "MOVING_TO|7,25|from:8,26|now_at:7,25|(moved dx:-1 dy:-1)"
          },
          {
            "tool": "move_unit",
            "result": "MOVING_TO|15,35|from:14,35|now_at:15,35|(moved dx:+1 dy:+0)"
          }
        ],
        "promotion_sweep": [],
        "standing_memory": {
          "loaded": false,
          "injected": false,
          "injected_chars": 0,
          "captured_chars": 0,
          "error": ""
        },
        "task_tracker": {
          "active_before": 0,
          "pre_model_results": [],
          "active_after": 0,
          "error": ""
        },
        "channels": {
          "enabled": true,
          "acknowledgements": 0,
          "error": ""
        }
      },
      {
        "player": 2,
        "turn": 163,
        "summary": "max_steps reached",
        "actions": [
          {
            "tool": "get_overview",
            "result": "Turn 163 | Brazil (Pedro II) | Score: 313 | Prince\nGold: 312 (+14/turn) | Income: 37 | Maintenance: -23 (units: 6) | Science: 37.9 | Culture: 73.9 | Faith: 812 | Favor: 59 (+2/turn)\nResearch: Steel | Civic: The Enlightenment\nCities: 5 | Population: 30 | Units: 10 \u2014 3 Builder, 2 Great Writer, 1 Arche"
          },
          {
            "tool": "get_units",
            "result": "10 units:\n  Trader (UNIT_TRADER) at (53,15) \u2014 moves 2/2 [id:589824, idx:0]\n  Swordsman (UNIT_SWORDSMAN) at (58,19) \u2014 CS:35 moves 2/2 [id:1966081, idx:1]\n  Builder (UNIT_BUILDER) at (49,23) \u2014 moves 2/2 charges:3 [id:2883586, idx:2]\n  Li Bai (UNIT_GREAT_WRITER) at (49,23) \u2014 moves 4/4 [id:2818051, idx:"
          },
          {
            "tool": "get_cities",
            "result": "5 cities:\n  Rio de Janeiro (pop 11) at (49,23) \u2014 Food 30 Prod 25 Gold 18 Sci 28 Cul 41 | Housing 12 Amenities 13 | Growth: 16/126 food (28t, +8.0/t) | Building: nothing | HP:200/200 Def:35 Gar:SPEARMAN [id:65536]\n    !! SLOW GROWTH: 28 turns to next pop \u2014 needs farm, granary, or trade route\n    Dist"
          },
          {
            "tool": "get_pending_diplomacy",
            "result": "No pending diplomacy sessions."
          },
          {
            "tool": "get_pending_trades",
            "result": "No pending trade deals."
          },
          {
            "tool": "move_unit",
            "result": "MOVING_TO|49,21|from:49,23|now_at:49,21|(moved dx:+0 dy:-2)"
          },
          {
            "tool": "move_unit",
            "result": "Error: NO_MOVES|Unit has no movement points remaining this turn. Use skip or wait until next turn."
          },
          {
            "tool": "set_city_production",
            "result": "Error: ITEM_NOT_FOUND|WORKER"
          },
          {
            "tool": "set_city_production",
            "result": "Error: ITEM_NOT_FOUND|WORKER"
          },
          {
            "tool": "set_city_production",
            "result": "Error: ITEM_NOT_FOUND|FARM"
          },
          {
            "tool": "set_city_production",
            "result": "Error: MISSING_COORDS|INDUSTRIAL_ZONE is a district and requires target_x/target_y for placement. Use get_district_advisor(city_id, 'INDUSTRIAL_ZONE') to find the best tile."
          },
          {
            "tool": "set_city_production",
            "result": "Error: CANNOT_PRODUCE|SWORDSMAN cannot be produced in this city"
          },
          {
            "tool": "set_city_production",
            "result": "Error: ITEM_NOT_FOUND|MELEE"
          },
          {
            "tool": "set_city_production",
            "result": "Error: CANNOT_PRODUCE|MARKET cannot be produced in this city (requires DISTRICT_COMMERCIAL_HUB district)"
          },
          {
            "tool": "set_city_production",
            "result": "Error: CANNOT_PRODUCE|LIBRARY cannot be produced in this city (requires DISTRICT_CAMPUS district)"
          }
        ],
        "promotion_sweep": [],
        "standing_memory": {
          "loaded": false,
          "injected": false,
          "injected_chars": 0,
          "captured_chars": 0,
          "error": ""
        },
        "task_tracker": {
          "active_before": 0,
          "pre_model_results": [],
          "active_after": 0,
          "error": ""
        },
        "channels": {
          "enabled": true,
          "acknowledgements": 0,
          "error": ""
        }
      },
      {
        "player": 3,
        "turn": 163,
        "summary": "scripted: observed + skipped unit 0",
        "actions": [
          {
            "tool": "skip_unit"
          }
        ],
        "promotion_sweep": [],
        "standing_memory": {
          "loaded": false,
          "injected": false,
          "injected_chars": 0,
          "captured_chars": 0,
          "error": ""
        },
        "task_tracker": {
          "active_before": 0,
          "pre_model_results": [],
          "active_after": 0,
          "error": ""
        },
        "channels": {
          "enabled": true,
          "acknowledgements": 0,
          "error": ""
        }
      },
      {
        "player": 1,
        "turn": 164,
        "summary": "max_steps reached",
        "actions": [
          {
            "tool": "get_overview",
            "result": "Turn 164 | Khmer (Jayavarman VII) | Score: 333 | Prince\nGold: 182 (+6/turn) | Income: 33 | Maintenance: -27 (units: 6) | Science: 51.9 | Culture: 46.1 | Faith: 715 | Favor: 63 (+3/turn)\nResearch: Gunpowder | Civic: Diplomatic Service\nCities: 7 | Population: 45 | Units: 14 \u2014 5 Missionary, 2 Builder, "
          },
          {
            "tool": "get_cities",
            "result": "7 cities:\n  Angkor Thom (pop 12) at (14,31) \u2014 Food 54 Prod 34 Gold 9 Sci 13 Cul 14 | Housing 19 Amenities 10 | Growth: 63/139 food (3t, +30.0/t) | Building: nothing | Walls 100/100 Garrison 200/200 Def:47 Gar:none [id:65536]\n    Districts: HOLY_SITE(13,29) CAMPUS(14,30) INDUSTRIAL_ZONE(12,31) WONDER"
          },
          {
            "tool": "get_units",
            "result": "14 units:\n  Builder (UNIT_BUILDER) at (15,35) \u2014 moves 2/2 charges:3 [id:3211264, idx:0]\n    >> Can build: IMPROVEMENT_LUMBER_MILL\n  Missionary (UNIT_MISSIONARY) at (8,23) \u2014 moves 4/4 charges:3 [BUDDHISM] [id:2228225, idx:1]\n  Missionary (UNIT_MISSIONARY) at (0,32) \u2014 moves 2/2 charges:2 [BUDDHISM] [i"
          },
          {
            "tool": "set_research",
            "result": "RESEARCHING_GAMECORE|TECH_PRINTING"
          },
          {
            "tool": "set_city_production",
            "result": "Error: CANNOT_PRODUCE|Granary cannot be produced in this city (already built)"
          },
          {
            "tool": "set_city_production",
            "result": "PRODUCING|BUILDING_GRANARY|5 turns"
          },
          {
            "tool": "move_unit",
            "result": "MOVING_TO|8,25|from:7,25|now_at:8,24|(moved dx:+1 dy:-1)|STOPPED_MID_PATH (moves exhausted)"
          },
          {
            "tool": "set_city_production",
            "result": "Error: MISSING_COORDS|Amphitheater is a district and requires target_x/target_y for placement. Use get_district_advisor(city_id, 'Amphitheater') to find the best tile."
          },
          {
            "tool": "set_city_production",
            "result": "Error: CITY_NOT_FOUND"
          },
          {
            "tool": "set_city_production",
            "result": "Error: CANNOT_PRODUCE|Library cannot be produced in this city (already built)"
          },
          {
            "tool": "set_city_production",
            "result": "Error: CITY_NOT_FOUND"
          },
          {
            "tool": "get_cities",
            "result": "7 cities:\n  Angkor Thom (pop 12) at (14,31) \u2014 Food 54 Prod 34 Gold 9 Sci 13 Cul 14 | Housing 19 Amenities 10 | Growth: 63/139 food (3t, +30.0/t) | Building: nothing | Walls 100/100 Garrison 200/200 Def:47 Gar:none [id:65536]\n    Districts: HOLY_SITE(13,29) CAMPUS(14,30) INDUSTRIAL_ZONE(12,31) WONDER"
          },
          {
            "tool": "set_city_production",
            "result": "Error: MISSING_COORDS|Campus is a district and requires target_x/target_y for placement. Use get_district_advisor(city_id, 'Campus') to find the best tile."
          },
          {
            "tool": "set_city_production",
            "result": "Error: CANNOT_PRODUCE|Granary cannot be produced in this city (already built)"
          },
          {
            "tool": "set_city_production",
            "result": "Error: CANNOT_PRODUCE|Monument cannot be produced in this city (already built)"
          }
        ],
        "promotion_sweep": [],
        "standing_memory": {
          "loaded": false,
          "injected": false,
          "injected_chars": 0,
          "captured_chars": 0,
          "error": ""
        },
        "task_tracker": {
          "active_before": 0,
          "pre_model_results": [],
          "active_after": 0,
          "error": ""
        },
        "channels": {
          "enabled": true,
          "acknowledgements": 0,
          "error": ""
        }
      },
      {
        "player": 2,
        "turn": 164,
        "summary": "max_steps reached",
        "actions": [
          {
            "tool": "get_overview",
            "result": "Turn 164 | Brazil (Pedro II) | Score: 322 | Prince\nGold: 326 (+14/turn) | Income: 37 | Maintenance: -23 (units: 6) | Science: 37.9 | Culture: 73.9 | Faith: 890 | Favor: 61 (+2/turn)\nResearch: Steel | Civic: The Enlightenment\nCities: 5 | Population: 30 | Units: 10 \u2014 3 Builder, 2 Great Writer, 1 Arche"
          },
          {
            "tool": "get_units",
            "result": "10 units:\n  Trader (UNIT_TRADER) at (53,15) \u2014 moves 2/2 [id:589824, idx:0]\n  Swordsman (UNIT_SWORDSMAN) at (58,19) \u2014 CS:35 moves 2/2 [id:1966081, idx:1]\n  Builder (UNIT_BUILDER) at (49,21) \u2014 moves 2/2 charges:3 [id:2883586, idx:2]\n    >> Can build: IMPROVEMENT_FARM\n  Li Bai (UNIT_GREAT_WRITER) at (4"
          },
          {
            "tool": "get_cities",
            "result": "5 cities:\n  Rio de Janeiro (pop 11) at (49,23) \u2014 Food 30 Prod 26 Gold 18 Sci 28 Cul 41 | Housing 12 Amenities 13 | Growth: 20/126 food (27t, +8.0/t) | Building: BUILDING_WAT (6 turns) | HP:200/200 Def:35 Gar:SPEARMAN [id:65536]\n    !! SLOW GROWTH: 27 turns to next pop \u2014 needs farm, granary, or trade"
          },
          {
            "tool": "get_pending_diplomacy",
            "result": "No pending diplomacy sessions."
          },
          {
            "tool": "get_pending_trades",
            "result": "No pending trade deals."
          },
          {
            "tool": "move_unit",
            "result": "MOVING_TO|49,22|from:49,21|now_at:49,22|(moved dx:+0 dy:+1)"
          },
          {
            "tool": "move_unit",
            "result": "Error: STACKING_CONFLICT|Friendly UNIT_BUILDER already on (49,23). Cannot stack same formation class."
          },
          {
            "tool": "move_unit",
            "result": "MOVING_TO|50,23|from:49,23|now_at:50,23|(moved dx:+1 dy:+0)"
          },
          {
            "tool": "move_unit",
            "result": "MOVING_TO|55,14|from:56,14|now_at:55,14|(moved dx:-1 dy:+0)"
          },
          {
            "tool": "set_city_production",
            "result": "PRODUCING|UNIT_BUILDER|4 turns"
          },
          {
            "tool": "set_city_production",
            "result": "PRODUCING|BUILDING_GRANARY|2 turns"
          },
          {
            "tool": "set_city_production",
            "result": "PRODUCING|UNIT_BUILDER|2 turns"
          },
          {
            "tool": "get_cities",
            "result": "5 cities:\n  Rio de Janeiro (pop 11) at (49,23) \u2014 Food 30 Prod 26 Gold 18 Sci 28 Cul 41 | Housing 12 Amenities 13 | Growth: 20/126 food (27t, +8.0/t) | Building: UNIT_BUILDER (4 turns) | HP:200/200 Def:35 Gar:SPEARMAN [id:65536]\n    !! SLOW GROWTH: 27 turns to next pop \u2014 needs farm, granary, or trade"
          },
          {
            "tool": "move_unit",
            "result": "MOVING_TO|49,21|from:49,22|now_at:49,21|(moved dx:+0 dy:-1)"
          },
          {
            "tool": "move_unit",
            "result": "MOVING_TO|51,18|from:50,18|now_at:51,18|(moved dx:+1 dy:+0)"
          }
        ],
        "promotion_sweep": [],
        "standing_memory": {
          "loaded": false,
          "injected": false,
          "injected_chars": 0,
          "captured_chars": 0,
          "error": ""
        },
        "task_tracker": {
          "active_before": 0,
          "pre_model_results": [],
          "active_after": 0,
          "error": ""
        },
        "channels": {
          "enabled": true,
          "acknowledgements": 0,
          "error": ""
        }
      },
      {
        "player": 3,
        "turn": 164,
        "summary": "scripted: observed + skipped unit 0",
        "actions": [
          {
            "tool": "skip_unit"
          }
        ],
        "promotion_sweep": [],
        "standing_memory": {
          "loaded": false,
          "injected": false,
          "injected_chars": 0,
          "captured_chars": 0,
          "error": ""
        },
        "task_tracker": {
          "active_before": 0,
          "pre_model_results": [],
          "active_after": 0,
          "error": ""
        },
        "channels": {
          "enabled": true,
          "acknowledgements": 0,
          "error": ""
        }
      },
      {
        "player": 1,
        "turn": 165,
        "summary": "I have assessed the empire state. I am playing as Khmer, currently in a Golden Age. My research is set to Printing. I've directed Preah Vihear to build an Amphitheater and Kompong Svay to build a Granary to address its slow growth.\n\nSummary:\n- Research: Printing\n- Production: Preah Vihear (Amphitheater), Kompong Svay (Granary)\n- Units: No significant movement this turn.",
        "actions": [
          {
            "tool": "get_overview",
            "result": "Turn 165 | Khmer (Jayavarman VII) | Score: 337 | Prince\nGold: 187 (+6/turn) | Income: 33 | Maintenance: -27 (units: 6) | Science: 51.9 | Culture: 46.1 | Faith: 775 | Favor: 66 (+3/turn)\nResearch: Printing | Civic: Diplomatic Service\nCities: 7 | Population: 45 | Units: 14 \u2014 5 Missionary, 2 Builder, 2"
          },
          {
            "tool": "get_cities",
            "result": "7 cities:\n  Angkor Thom (pop 12) at (14,31) \u2014 Food 54 Prod 35 Gold 9 Sci 13 Cul 14 | Housing 19 Amenities 10 | Growth: 89/139 food (2t, +30.0/t) | Building: UNIT_KHMER_DOMREY (5 turns) | Walls 100/100 Garrison 200/200 Def:47 Gar:none [id:65536]\n    >> CAN ATTACK: UNIT_MAN_AT_ARMS@17,30(100hp)\n    Di"
          },
          {
            "tool": "get_units",
            "result": "14 units:\n  Builder (UNIT_BUILDER) at (15,35) \u2014 moves 2/2 charges:3 [id:3211264, idx:0]\n    >> Can build: IMPROVEMENT_LUMBER_MILL\n  Missionary (UNIT_MISSIONARY) at (8,23) \u2014 moves 4/4 charges:3 [BUDDHISM] [id:2228225, idx:1]\n  Missionary (UNIT_MISSIONARY) at (0,32) \u2014 moves 2/2 charges:2 [BUDDHISM] [i"
          },
          {
            "tool": "set_research",
            "result": "Error: TECH_NOT_FOUND|TECH_METALLURGY"
          },
          {
            "tool": "set_research",
            "result": "Error: TECH_NOT_FOUND|TECH_CONSERVATISM"
          },
          {
            "tool": "set_research",
            "result": "RESEARCHING|TECH_PRINTING"
          },
          {
            "tool": "set_city_production",
            "result": "PRODUCING|BUILDING_AMPHITHEATER|3 turns"
          },
          {
            "tool": "set_city_production",
            "result": "PRODUCING|BUILDING_GRANARY|4 turns"
          }
        ],
        "promotion_sweep": [],
        "standing_memory": {
          "loaded": false,
          "injected": false,
          "injected_chars": 0,
          "captured_chars": 0,
          "error": ""
        },
        "task_tracker": {
          "active_before": 0,
          "pre_model_results": [],
          "active_after": 0,
          "error": ""
        },
        "channels": {
          "enabled": true,
          "acknowledgements": 0,
          "error": ""
        }
      },
      {
        "player": 2,
        "turn": 165,
        "summary": "max_steps reached",
        "actions": [
          {
            "tool": "get_overview",
            "result": "Turn 165 | Brazil (Pedro II) | Score: 322 | Prince\nGold: 340 (+14/turn) | Income: 37 | Maintenance: -23 (units: 6) | Science: 37.9 | Culture: 73.9 | Faith: 968 | Favor: 63 (+2/turn)\nResearch: Steel | Civic: The Enlightenment\nCities: 5 | Population: 30 | Units: 10 \u2014 3 Builder, 2 Great Writer, 1 Arche"
          },
          {
            "tool": "get_cities",
            "result": "5 cities:\n  Rio de Janeiro (pop 11) at (49,23) \u2014 Food 30 Prod 26 Gold 18 Sci 28 Cul 41 | Housing 12 Amenities 13 | Growth: 24/126 food (26t, +8.0/t) | Building: UNIT_BUILDER (3 turns) | HP:200/200 Def:35 Gar:SPEARMAN [id:65536]\n    !! SLOW GROWTH: 26 turns to next pop \u2014 needs farm, granary, or trade"
          },
          {
            "tool": "get_units",
            "result": "10 units:\n  Trader (UNIT_TRADER) at (53,15) \u2014 moves 2/2 [id:589824, idx:0]\n  Swordsman (UNIT_SWORDSMAN) at (58,19) \u2014 CS:35 moves 2/2 [HP: 87/100] [id:1966081, idx:1]\n    >> CAN ATTACK: UNIT_SKIRMISHER@59,18(100hp)\n  Builder (UNIT_BUILDER) at (49,21) \u2014 moves 2/2 charges:3 [id:2883586, idx:2]\n    >> C"
          },
          {
            "tool": "get_pending_diplomacy",
            "result": "No pending diplomacy sessions."
          },
          {
            "tool": "get_pending_trades",
            "result": "No pending trade deals."
          },
          {
            "tool": "move_unit",
            "result": "MOVING_TO|49,22|from:49,21|now_at:49,22|(moved dx:+0 dy:+1)"
          },
          {
            "tool": "move_unit",
            "result": "MOVING_TO|50,22|from:50,23|now_at:50,22|(moved dx:+0 dy:-1)"
          },
          {
            "tool": "move_unit",
            "result": "CAPTURE_MOVE|59,18|from:51,18|now_at:53,19|(moved dx:+2 dy:+1)|STOPPED_MID_PATH (moves exhausted)"
          },
          {
            "tool": "move_unit",
            "result": "CAPTURE_MOVE|59,18|from:58,19|now_at:58,19|BLOCKED (tile appears passable - path may be blocked by intermediate tiles)"
          },
          {
            "tool": "move_unit",
            "result": "Error: CANNOT_MOVE|Unit cannot move (invalid state)"
          },
          {
            "tool": "move_unit",
            "result": "MOVING_TO|55,13|from:55,14|now_at:55,13|(moved dx:+0 dy:-1)"
          },
          {
            "tool": "move_unit",
            "result": "MOVING_TO|49,21|from:49,22|now_at:49,21|(moved dx:+0 dy:-1)"
          },
          {
            "tool": "set_research",
            "result": "Error: TECH_NOT_FOUND|TECH_ANATOMY"
          },
          {
            "tool": "set_research",
            "result": "RESEARCHING_GAMECORE|TECH_GUNPOWDER"
          }
        ],
        "promotion_sweep": [],
        "standing_memory": {
          "loaded": false,
          "injected": false,
          "injected_chars": 0,
          "captured_chars": 0,
          "error": ""
        },
        "task_tracker": {
          "active_before": 0,
          "pre_model_results": [],
          "active_after": 0,
          "error": ""
        },
        "channels": {
          "enabled": true,
          "acknowledgements": 1,
          "error": ""
        }
      },
      {
        "player": 3,
        "turn": 165,
        "summary": "scripted: observed + skipped unit 0",
        "actions": [
          {
            "tool": "skip_unit"
          }
        ],
        "promotion_sweep": [],
        "standing_memory": {
          "loaded": false,
          "injected": false,
          "injected_chars": 0,
          "captured_chars": 0,
          "error": ""
        },
        "task_tracker": {
          "active_before": 0,
          "pre_model_results": [],
          "active_after": 0,
          "error": ""
        },
        "channels": {
          "enabled": true,
          "acknowledgements": 0,
          "error": ""
        }
      },
      {
        "player": 1,
        "turn": 166,
        "summary": "I have addressed the message from Player 2, informing them that I cannot remove a unit that does not belong to me. I also ensured that Preah Vihear continues its production of an Amphitheater.\n\nSummary:\n- Replied to Player 2's message.\n- Set Preah Vihear to produce an Amphitheater.",
        "actions": [
          {
            "tool": "get_overview",
            "result": "Turn 166 | Khmer (Jayavarman VII) | Score: 337 | Prince\nGold: 193 (+6/turn) | Income: 33 | Maintenance: -27 (units: 6) | Science: 51.9 | Culture: 46.1 | Faith: 835 | Favor: 69 (+3/turn)\nResearch: Printing | Civic: Diplomatic Service\nCities: 7 | Population: 45 | Units: 14 \u2014 5 Missionary, 2 Builder, 2"
          },
          {
            "tool": "get_units",
            "result": "14 units:\n  Builder (UNIT_BUILDER) at (15,35) \u2014 moves 2/2 charges:3 [id:3211264, idx:0]\n    >> Can build: IMPROVEMENT_LUMBER_MILL\n  Missionary (UNIT_MISSIONARY) at (8,23) \u2014 moves 4/4 charges:3 [BUDDHISM] [id:2228225, idx:1]\n  Missionary (UNIT_MISSIONARY) at (0,32) \u2014 moves 2/2 charges:2 [BUDDHISM] [i"
          },
          {
            "tool": "get_cities",
            "result": "7 cities:\n  Angkor Thom (pop 12) at (14,31) \u2014 Food 54 Prod 35 Gold 9 Sci 13 Cul 14 | Housing 19 Amenities 10 | Growth: 114/139 food (1t, +30.0/t) | Building: UNIT_KHMER_DOMREY (4 turns) | Walls 100/100 Garrison 200/200 Def:47 Gar:none [id:65536]\n    Districts: HOLY_SITE(13,29) CAMPUS(14,30) INDUSTRI"
          },
          {
            "tool": "respond_to_diplomacy",
            "result": "Error: NO_SESSION"
          },
          {
            "tool": "set_city_production",
            "result": "PRODUCING|BUILDING_AMPHITHEATER|2 turns"
          }
        ],
        "promotion_sweep": [],
        "standing_memory": {
          "loaded": false,
          "injected": false,
          "injected_chars": 0,
          "captured_chars": 0,
          "error": ""
        },
        "task_tracker": {
          "active_before": 0,
          "pre_model_results": [],
          "active_after": 0,
          "error": ""
        },
        "channels": {
          "enabled": true,
          "acknowledgements": 1,
          "error": ""
        }
      },
      {
        "player": 2,
        "turn": 166,
        "summary": "I've completed my turn. Here's a summary:\n\n**Turn 166 Summary:**\n- **Rio de Janeiro**: Already producing a Builder (completing next turn). Pillaged farms need repair - builders are positioned nearby to fix them.\n- **Curitiba**: Set to produce a Granary to help with slow growth (41 turns to next pop).\n- **S\u00e3o Paulo**: Set to produce a Crossbowman for military strength.\n- **Research**: Gunpowder (already selected).\n- **Military**: Archer and Spearman fortified for defense. Horseman moved to scout (blocked by Preslav city-state).\n- **Diplomacy**: No pending diplomacy or trade deals. Responded to Player 2's message about the skirmisher.\n- **Builders**: Multiple builders positioned to repair pillaged farms in Rio and improve resources next turn.",
        "actions": [
          {
            "tool": "get_overview",
            "result": "Turn 166 | Brazil (Pedro II) | Score: 322 | Prince\nGold: 356 (+16/turn) | Income: 37 | Maintenance: -21 (units: 4) | Science: 37.9 | Culture: 73.9 | Faith: 1046 | Favor: 65 (+2/turn)\nResearch: Gunpowder | Civic: The Enlightenment\nCities: 5 | Population: 30 | Units: 10 \u2014 4 Builder, 2 Great Writer, 1 "
          },
          {
            "tool": "get_units",
            "result": "10 units:\n  Trader (UNIT_TRADER) at (53,15) \u2014 moves 2/2 [id:589824, idx:0]\n  Builder (UNIT_BUILDER) at (52,15) \u2014 moves 2/2 charges:3 [id:2949121, idx:1]\n  Builder (UNIT_BUILDER) at (49,21) \u2014 moves 2/2 charges:3 [id:2883586, idx:2]\n    >> Can build: IMPROVEMENT_FARM\n  Li Bai (UNIT_GREAT_WRITER) at (4"
          },
          {
            "tool": "get_cities",
            "result": "5 cities:\n  Rio de Janeiro (pop 11) at (49,23) \u2014 Food 30 Prod 26 Gold 18 Sci 28 Cul 41 | Housing 12 Amenities 13 | Growth: 28/126 food (25t, +8.0/t) | Building: UNIT_BUILDER (2 turns) | HP:200/200 Def:35 Gar:SPEARMAN [id:65536]\n    !! SLOW GROWTH: 25 turns to next pop \u2014 needs farm, granary, or trade"
          },
          {
            "tool": "get_pending_diplomacy",
            "result": "No pending diplomacy sessions."
          },
          {
            "tool": "get_pending_trades",
            "result": "No pending trade deals."
          },
          {
            "tool": "move_unit",
            "result": "MOVING_TO|50,21|from:52,15|now_at:51,16|(moved dx:-1 dy:+1)|STOPPED_MID_PATH (moves exhausted)"
          },
          {
            "tool": "move_unit",
            "result": "MOVING_TO|49,23|from:50,22|now_at:49,23|(moved dx:-1 dy:+1)"
          },
          {
            "tool": "move_unit",
            "result": "Error: STACKING_CONFLICT|Friendly UNIT_BUILDER already on (49,23). Cannot stack same formation class."
          },
          {
            "tool": "set_city_production",
            "result": "PRODUCING|BUILDING_GRANARY|1 turns"
          },
          {
            "tool": "set_city_production",
            "result": "Error: CANNOT_PRODUCE|MARKET cannot be produced in this city (requires DISTRICT_COMMERCIAL_HUB district)"
          },
          {
            "tool": "move_unit",
            "result": "MOVING_TO|50,21|from:49,23|now_at:49,22|(moved dx:+0 dy:-1)|STOPPED_MID_PATH (moves exhausted)"
          },
          {
            "tool": "set_city_production",
            "result": "Error: MISSING_COORDS|COMMERCIAL_HUB is a district and requires target_x/target_y for placement. Use get_district_advisor(city_id, 'COMMERCIAL_HUB') to find the best tile."
          },
          {
            "tool": "set_city_production",
            "result": "Error: CANNOT_PRODUCE|UNIVERSITY cannot be produced in this city (requires DISTRICT_CAMPUS district)"
          },
          {
            "tool": "move_unit",
            "result": "MOVING_TO|55,20|from:53,19|now_at:55,20|(moved dx:+2 dy:+1)"
          },
          {
            "tool": "set_city_production",
            "result": "PRODUCING|UNIT_CROSSBOWMAN|16 turns"
          },
          {
            "tool": "move_unit",
            "result": "Error: CANNOT_MOVE|Unit cannot move (invalid state)"
          },
          {
            "tool": "move_unit",
            "result": "MOVING_TO|56,21|from:55,20|now_at:55,20|BLOCKED (city-state territory (Preslav) - need suzerainty or Open Borders)"
          },
          {
            "tool": "set_city_production",
            "result": "PRODUCING|BUILDING_GRANARY|1 turns"
          },
          {
            "tool": "move_unit",
            "result": "MOVING_TO|55,18|from:55,20|now_at:54,19|(moved dx:-1 dy:-1)|STOPPED_MID_PATH (moves exhausted)"
          },
          {
            "tool": "set_research",
            "result": "RESEARCHING|TECH_GUNPOWDER"
          },
          {
            "tool": "move_unit",
            "result": "MOVING_TO|57,21|from:58,22|now_at:57,21|(moved dx:-1 dy:-1)"
          },
          {
            "tool": "skip_unit",
            "result": "SKIPPED"
          },
          {
            "tool": "skip_unit",
            "result": "SKIPPED"
          },
          {
            "tool": "fortify_unit",
            "result": "FORTIFIED"
          },
          {
            "tool": "fortify_unit",
            "result": "FORTIFIED"
          },
          {
            "tool": "move_unit",
            "result": "MOVING_TO|55,14|from:55,13|now_at:55,14|(moved dx:+0 dy:+1)"
          },
          {
            "tool": "move_unit",
            "result": "Error: NO_MOVES|Unit has no movement points remaining this turn. Use skip or wait until next turn."
          },
          {
            "tool": "skip_unit",
            "result": "SKIPPED"
          },
          {
            "tool": "skip_unit",
            "result": "SKIPPED"
          },
          {
            "tool": "skip_unit",
            "result": "SKIPPED"
          },
          {
            "tool": "skip_unit",
            "result": "SKIPPED"
          }
        ],
        "promotion_sweep": [],
        "standing_memory": {
          "loaded": false,
          "injected": false,
          "injected_chars": 0,
          "captured_chars": 0,
          "error": ""
        },
        "task_tracker": {
          "active_before": 0,
          "pre_model_results": [],
          "active_after": 0,
          "error": ""
        },
        "channels": {
          "enabled": true,
          "acknowledgements": 0,
          "error": ""
        }
      },
      {
        "player": 3,
        "turn": 166,
        "summary": "scripted: observed + skipped unit 0",
        "actions": [
          {
            "tool": "skip_unit"
          }
        ],
        "promotion_sweep": [],
        "standing_memory": {
          "loaded": false,
          "injected": false,
          "injected_chars": 0,
          "captured_chars": 0,
          "error": ""
        },
        "task_tracker": {
          "active_before": 0,
          "pre_model_results": [],
          "active_after": 0,
          "error": ""
        },
        "channels": {
          "enabled": true,
          "acknowledgements": 0,
          "error": ""
        }
      },
      {
        "player": 1,
        "turn": 167,
        "summary": "max_steps reached",
        "actions": [
          {
            "tool": "get_overview",
            "result": "Turn 167 | Khmer (Jayavarman VII) | Score: 337 | Prince\nGold: 199 (+5/turn) | Income: 32 | Maintenance: -27 (units: 6) | Science: 51.0 | Culture: 45.3 | Faith: 894 | Favor: 72 (+3/turn)\nResearch: Printing | Civic: Diplomatic Service\nCities: 7 | Population: 46 | Units: 14 \u2014 5 Missionary, 2 Builder, 2"
          },
          {
            "tool": "get_cities",
            "result": "7 cities:\n  Angkor Thom (pop 13) at (14,31) \u2014 Food 57 Prod 33 Gold 8 Sci 12 Cul 14 | Housing 19 Amenities 11 | Growth: 1/152 food (7t, +31.0/t) | Building: UNIT_KHMER_DOMREY (3 turns) | Walls 100/100 Garrison 200/200 Def:47 Gar:none [id:65536]\n    >> CAN ATTACK: UNIT_MAN_AT_ARMS@17,30(100hp)\n    Dis"
          },
          {
            "tool": "get_units",
            "result": "14 units:\n  Builder (UNIT_BUILDER) at (15,35) \u2014 moves 2/2 charges:3 [id:3211264, idx:0]\n    >> Can build: IMPROVEMENT_LUMBER_MILL\n  Missionary (UNIT_MISSIONARY) at (8,23) \u2014 moves 4/4 charges:3 [BUDDHISM] [id:2228225, idx:1]\n  Missionary (UNIT_MISSIONARY) at (0,32) \u2014 moves 2/2 charges:2 [BUDDHISM] [i"
          },
          {
            "tool": "set_research",
            "result": "Error: TECH_NOT_FOUND|TECH_METALLURGY"
          },
          {
            "tool": "set_research",
            "result": "RESEARCHING_GAMECORE|TECH_GUNPOWDER"
          },
          {
            "tool": "get_cities",
            "result": "7 cities:\n  Angkor Thom (pop 13) at (14,31) \u2014 Food 57 Prod 33 Gold 8 Sci 12 Cul 14 | Housing 19 Amenities 11 | Growth: 1/152 food (7t, +31.0/t) | Building: UNIT_KHMER_DOMREY (3 turns) | Walls 100/100 Garrison 200/200 Def:47 Gar:none [id:65536]\n    >> CAN ATTACK: UNIT_MAN_AT_ARMS@17,30(100hp)\n    Dis"
          },
          {
            "tool": "set_city_production",
            "result": "PRODUCING|UNIT_BUILDER|5 turns"
          },
          {
            "tool": "skip_unit",
            "result": "SKIPPED"
          },
          {
            "tool": "skip_unit",
            "result": "SKIPPED"
          },
          {
            "tool": "skip_unit",
            "result": "SKIPPED"
          },
          {
            "tool": "skip_unit",
            "result": "SKIPPED"
          },
          {
            "tool": "skip_unit",
            "result": "SKIPPED"
          },
          {
            "tool": "skip_unit",
            "result": "SKIPPED"
          },
          {
            "tool": "skip_unit",
            "result": "SKIPPED"
          },
          {
            "tool": "skip_unit",
            "result": "SKIPPED"
          }
        ],
        "promotion_sweep": [],
        "standing_memory": {
          "loaded": false,
          "injected": false,
          "injected_chars": 0,
          "captured_chars": 0,
          "error": ""
        },
        "task_tracker": {
          "active_before": 0,
          "pre_model_results": [],
          "active_after": 0,
          "error": ""
        },
        "channels": {
          "enabled": true,
          "acknowledgements": 0,
          "error": ""
        }
      },
      {
        "player": 2,
        "turn": 167,
        "summary": "All units are skipped for this turn. Here's my summary for turn 167:\n\n**Summary:**\n- **Military**: Attempted to deal with the barbarian skirmisher at (58,20) threatening my Archer - Horseman got closer but ran out of movement. Archer remains under threat but defended.\n- **Production**: S\u00e3o Paulo continues producing Crossbowman (14 turns remaining).\n- **Research**: Continuing Gunpowder research.\n- **Builders**: Positioned builder near Rio de Janeiro to repair pillaged farms and another near S\u00e3o Paulo to improve resources next turn.\n- **Diplomacy**: No pending diplomacy or trade deals. Responded earlier to Player 1's request by clarifying the skirmisher isn't my unit.",
        "actions": [
          {
            "tool": "get_overview",
            "result": "Turn 167 | Brazil (Pedro II) | Score: 323 | Prince\nGold: 372 (+17/turn) | Income: 38 | Maintenance: -21 (units: 4) | Science: 37.9 | Culture: 73.9 | Faith: 1124 | Favor: 67 (+2/turn)\nResearch: Gunpowder | Civic: The Enlightenment\nCities: 5 | Population: 30 | Units: 10 \u2014 4 Builder, 2 Great Writer, 1 "
          },
          {
            "tool": "get_units",
            "result": "10 units:\n  Trader (UNIT_TRADER) at (53,15) \u2014 moves 2/2 [id:589824, idx:0]\n  Builder (UNIT_BUILDER) at (51,16) \u2014 moves 2/2 charges:3 [id:2949121, idx:1]\n  Builder (UNIT_BUILDER) at (49,21) \u2014 moves 2/2 charges:3 [id:2883586, idx:2]\n    >> Can build: IMPROVEMENT_FARM\n  Li Bai (UNIT_GREAT_WRITER) at (4"
          },
          {
            "tool": "get_cities",
            "result": "5 cities:\n  Rio de Janeiro (pop 11) at (49,23) \u2014 Food 30 Prod 26 Gold 18 Sci 28 Cul 41 | Housing 12 Amenities 13 | Growth: 32/126 food (24t, +8.0/t) | Building: UNIT_BUILDER (1 turns) | HP:200/200 Def:35 Gar:SPEARMAN [id:65536]\n    !! SLOW GROWTH: 24 turns to next pop \u2014 needs farm, granary, or trade"
          },
          {
            "tool": "get_pending_diplomacy",
            "result": "No pending diplomacy sessions."
          },
          {
            "tool": "get_pending_trades",
            "result": "No pending trade deals."
          },
          {
            "tool": "move_unit",
            "result": "CAPTURE_MOVE|58,20|from:57,21|now_at:57,21|BLOCKED (tile appears passable - path may be blocked by intermediate tiles)"
          },
          {
            "tool": "move_unit",
            "result": "CAPTURE_MOVE|58,20|from:54,19|now_at:56,19|(moved dx:+2 dy:+0)|STOPPED_MID_PATH (moves exhausted)"
          },
          {
            "tool": "move_unit",
            "result": "MOVING_TO|51,21|from:49,22|now_at:49,22|BLOCKED (impassable terrain (ice or natural wonder))"
          },
          {
            "tool": "set_city_production",
            "result": "PRODUCING|UNIT_CROSSBOWMAN|15 turns"
          },
          {
            "tool": "set_research",
            "result": "RESEARCHING|TECH_GUNPOWDER"
          },
          {
            "tool": "move_unit",
            "result": "MOVING_TO|50,22|from:49,22|now_at:50,22|(moved dx:+1 dy:+0)"
          },
          {
            "tool": "move_unit",
            "result": "Error: STACKING_CONFLICT|Friendly UNIT_BUILDER already on (49,21). Cannot stack same formation class."
          },
          {
            "tool": "move_unit",
            "result": "MOVING_TO|56,15|from:55,14|now_at:56,15|(moved dx:+1 dy:+1)"
          },
          {
            "tool": "move_unit",
            "result": "Error: NO_MOVES|Unit has no movement points remaining this turn. Use skip or wait until next turn."
          },
          {
            "tool": "skip_unit",
            "result": "SKIPPED"
          },
          {
            "tool": "skip_unit",
            "result": "SKIPPED"
          },
          {
            "tool": "skip_unit",
            "result": "SKIPPED"
          },
          {
            "tool": "skip_unit",
            "result": "SKIPPED"
          },
          {
            "tool": "skip_unit",
            "result": "SKIPPED"
          },
          {
            "tool": "skip_unit",
            "result": "SKIPPED"
          },
          {
            "tool": "skip_unit",
            "result": "SKIPPED"
          },
          {
            "tool": "skip_unit",
            "result": "SKIPPED"
          },
          {
            "tool": "skip_unit",
            "result": "SKIPPED"
          },
          {
            "tool": "skip_unit",
            "result": "SKIPPED"
          }
        ],
        "promotion_sweep": [],
        "standing_memory": {
          "loaded": false,
          "injected": false,
          "injected_chars": 0,
          "captured_chars": 0,
          "error": ""
        },
        "task_tracker": {
          "active_before": 0,
          "pre_model_results": [],
          "active_after": 0,
          "error": ""
        },
        "channels": {
          "enabled": true,
          "acknowledgements": 0,
          "error": ""
        }
      },
      {
        "player": 3,
        "turn": 167,
        "summary": "scripted: observed + skipped unit 0",
        "actions": [
          {
            "tool": "skip_unit"
          }
        ],
        "promotion_sweep": [],
        "standing_memory": {
          "loaded": false,
          "injected": false,
          "injected_chars": 0,
          "captured_chars": 0,
          "error": ""
        },
        "task_tracker": {
          "active_before": 0,
          "pre_model_results": [],
          "active_after": 0,
          "error": ""
        },
        "channels": {
          "enabled": true,
          "acknowledgements": 0,
          "error": ""
        }
      },
      {
        "player": 1,
        "turn": 168,
        "summary": "I have started researching Printing. I moved the Settler towards a strong coastal location at (8, 26) and will found a city there next turn. I also set Preah Vihear to produce a Granary and moved a Builder to improve a tile.\n\nSummary:\n- Researched: Printing\n- Settler moved toward (8, 26)\n- Preah Vihear: Producing Granary\n- Builder moved toward improvement\n- Turn ended.",
        "actions": [
          {
            "tool": "get_overview",
            "result": "Turn 168 | Khmer (Jayavarman VII) | Score: 338 | Prince\nGold: 204 (+5/turn) | Income: 32 | Maintenance: -27 (units: 6) | Science: 51.0 | Culture: 45.3 | Faith: 951 | Favor: 75 (+3/turn)\nResearch: Gunpowder | Civic: Diplomatic Service\nCities: 7 | Population: 46 | Units: 14 \u2014 5 Missionary, 2 Builder, "
          },
          {
            "tool": "get_units",
            "result": "14 units:\n  Builder (UNIT_BUILDER) at (15,35) \u2014 moves 2/2 charges:3 [id:3211264, idx:0]\n    >> Can build: IMPROVEMENT_LUMBER_MILL\n  Missionary (UNIT_MISSIONARY) at (8,23) \u2014 moves 4/4 charges:3 [BUDDHISM] [id:2228225, idx:1]\n  Missionary (UNIT_MISSIONARY) at (0,32) \u2014 moves 2/2 charges:2 [BUDDHISM] [i"
          },
          {
            "tool": "get_cities",
            "result": "7 cities:\n  Angkor Thom (pop 13) at (14,31) \u2014 Food 57 Prod 33 Gold 8 Sci 12 Cul 14 | Housing 19 Amenities 11 | Growth: 23/152 food (6t, +31.0/t) | Building: UNIT_KHMER_DOMREY (2 turns) | Walls 100/100 Garrison 200/200 Def:47 Gar:none [id:65536]\n    Districts: HOLY_SITE(13,29) CAMPUS(14,30) INDUSTRIA"
          },
          {
            "tool": "set_research",
            "result": "RESEARCHING_GAMECORE|TECH_PRINTING"
          },
          {
            "tool": "found_city",
            "result": "Error: CANNOT_FOUND|Too close to Vimayapura (settler at 8,24, distance 3, need > 3)\n\nTop 4 settle locations:\n  #1 (8,26): Score 200 \u2014 F:62 P:29 \u2014 coast, defense:2\n     [B] FISH, [B] STONE, [B] STONE, [B] FISH, [B] CATTLE, [B] CATTLE, [B] BANANAS, [L] SPICES\n  #2 (8,27): Score 192 \u2014 F:57 P:34 \u2014 no wa"
          },
          {
            "tool": "move_unit",
            "result": "MOVING_TO|8,26|from:8,24|now_at:8,25|(moved dx:+0 dy:+1)|STOPPED_MID_PATH (moves exhausted)"
          },
          {
            "tool": "found_city",
            "result": "Error: CANNOT_FOUND|Unit cannot found cities (not a settler or no moves)\n\nTop 5 settle locations:\n  #1 (8,26): Score 200 \u2014 F:62 P:29 \u2014 coast, defense:2\n     [B] FISH, [B] STONE, [B] STONE, [B] FISH, [B] CATTLE, [B] CATTLE, [B] BANANAS, [L] SPICES\n  #2 (8,27): Score 192 \u2014 F:57 P:34 \u2014 no water, defens"
          },
          {
            "tool": "move_unit",
            "result": "Error: NO_MOVES|Unit has no movement points remaining this turn. Use skip or wait until next turn."
          },
          {
            "tool": "set_city_production",
            "result": "Error: CANNOT_PRODUCE|Granary cannot be produced in this city (already built)"
          },
          {
            "tool": "set_city_production",
            "result": "PRODUCING|BUILDING_GRANARY|1 turns"
          },
          {
            "tool": "move_unit",
            "result": "Error: STACKING_CONFLICT|Friendly UNIT_BUILDER already on (15,35). Cannot stack same formation class."
          },
          {
            "tool": "move_unit",
            "result": "MOVING_TO|19,32|from:18,32|now_at:19,32|(moved dx:+1 dy:+0)"
          },
          {
            "tool": "skip_unit",
            "result": "SKIPPED"
          }
        ],
        "promotion_sweep": [],
        "standing_memory": {
          "loaded": false,
          "injected": false,
          "injected_chars": 0,
          "captured_chars": 0,
          "error": ""
        },
        "task_tracker": {
          "active_before": 0,
          "pre_model_results": [],
          "active_after": 0,
          "error": ""
        },
        "channels": {
          "enabled": true,
          "acknowledgements": 0,
          "error": ""
        }
      },
      {
        "player": 2,
        "turn": 168,
        "summary": "max_steps reached",
        "actions": [
          {
            "tool": "get_overview",
            "result": "Turn 168 | Brazil (Pedro II) | Score: 324 | Prince\nGold: 389 (+17/turn) | Income: 38 | Maintenance: -21 (units: 4) | Science: 38.5 | Culture: 74.2 | Faith: 1202 | Favor: 69 (+2/turn)\nResearch: Gunpowder | Civic: The Enlightenment\nCities: 5 | Population: 31 | Units: 11 \u2014 5 Builder, 2 Great Writer, 1 "
          },
          {
            "tool": "get_cities",
            "result": "5 cities:\n  Rio de Janeiro (pop 11) at (49,23) \u2014 Food 30 Prod 25 Gold 18 Sci 28 Cul 41 | Housing 12 Amenities 13 | Growth: 36/126 food (23t, +8.0/t) | Building: nothing | HP:200/200 Def:35 Gar:SPEARMAN [id:65536]\n    !! SLOW GROWTH: 23 turns to next pop \u2014 needs farm, granary, or trade route\n    Dist"
          },
          {
            "tool": "get_units",
            "result": "11 units:\n  Trader (UNIT_TRADER) at (53,15) \u2014 moves 2/2 [id:589824, idx:0]\n  Builder (UNIT_BUILDER) at (51,16) \u2014 moves 2/2 charges:3 [id:2949121, idx:1]\n  Builder (UNIT_BUILDER) at (49,21) \u2014 moves 2/2 charges:3 [id:2883586, idx:2]\n    >> Can build: IMPROVEMENT_FARM\n  Li Bai (UNIT_GREAT_WRITER) at (4"
          },
          {
            "tool": "get_pending_diplomacy",
            "result": "No pending diplomacy sessions."
          },
          {
            "tool": "get_pending_trades",
            "result": "No pending trade deals."
          },
          {
            "tool": "move_unit",
            "result": "CAPTURE_MOVE|57,19|from:56,19|now_at:57,19|(moved dx:+1 dy:+0)"
          },
          {
            "tool": "move_unit",
            "result": "Error: NO_MOVES|Unit has no movement points remaining this turn. Use skip or wait until next turn."
          },
          {
            "tool": "move_unit",
            "result": "Error: STACKING_CONFLICT|Friendly UNIT_HORSEMAN already on (57,19). Cannot stack same formation class."
          },
          {
            "tool": "move_unit",
            "result": "Error: STACKING_CONFLICT|Friendly UNIT_BUILDER already on (49,23). Cannot stack same formation class."
          },
          {
            "tool": "move_unit",
            "result": "Error: STACKING_CONFLICT|Friendly UNIT_BUILDER already on (49,23). Cannot stack same formation class."
          },
          {
            "tool": "move_unit",
            "result": "MOVING_TO|50,23|from:51,16|now_at:50,18|(moved dx:-1 dy:+2)|STOPPED_MID_PATH (moves exhausted)"
          },
          {
            "tool": "move_unit",
            "result": "MOVING_TO|49,22|from:49,23|now_at:49,22|(moved dx:+0 dy:-1)"
          },
          {
            "tool": "set_city_production",
            "result": "PRODUCING|UNIT_CROSSBOWMAN|6 turns"
          },
          {
            "tool": "move_unit",
            "result": "Error: CANNOT_MOVE|Unit cannot move (invalid state)"
          },
          {
            "tool": "get_unit_promotions",
            "result": "No promotions available for UNIT_HORSEMAN (id:9)."
          },
          {
            "tool": "get_unit_promotions",
            "result": "No promotions available for UNIT_SPEARMAN (id:10)."
          },
          {
            "tool": "get_unit_promotions",
            "result": "No promotions available for UNIT_ARCHER (id:7)."
          }
        ],
        "promotion_sweep": [],
        "standing_memory": {
          "loaded": false,
          "injected": false,
          "injected_chars": 0,
          "captured_chars": 0,
          "error": ""
        },
        "task_tracker": {
          "active_before": 0,
          "pre_model_results": [],
          "active_after": 0,
          "error": ""
        },
        "channels": {
          "enabled": true,
          "acknowledgements": 0,
          "error": ""
        }
      },
      {
        "player": 3,
        "turn": 168,
        "summary": "scripted: observed + skipped unit 0",
        "actions": [
          {
            "tool": "skip_unit"
          }
        ],
        "promotion_sweep": [],
        "standing_memory": {
          "loaded": false,
          "injected": false,
          "injected_chars": 0,
          "captured_chars": 0,
          "error": ""
        },
        "task_tracker": {
          "active_before": 0,
          "pre_model_results": [],
          "active_after": 0,
          "error": ""
        },
        "channels": {
          "enabled": true,
          "acknowledgements": 0,
          "error": ""
        }
      },
      {
        "player": 1,
        "turn": 169,
        "summary": "I have researched Gunpowder to improve my military capabilities and set Preah Vihear to produce a Builder to improve local resources.\n\nSummary:\n- Researching: Gunpowder\n- Set Preah Vihear to produce a Builder.\n- No unit movements this turn.",
        "actions": [
          {
            "tool": "get_overview",
            "result": "Turn 169 | Khmer (Jayavarman VII) | Score: 338 | Prince\nGold: 209 (+12/turn) | Income: 38 | Maintenance: -27 (units: 6) | Science: 51.0 | Culture: 45.3 | Faith: 1008 | Favor: 78 (+3/turn)\nResearch: Printing | Civic: Diplomatic Service\nCities: 7 | Population: 46 | Units: 14 \u2014 5 Missionary, 2 Builder,"
          },
          {
            "tool": "get_cities",
            "result": "7 cities:\n  Angkor Thom (pop 13) at (14,31) \u2014 Food 57 Prod 33 Gold 8 Sci 12 Cul 14 | Housing 19 Amenities 11 | Growth: 44/152 food (5t, +31.0/t) | Building: UNIT_KHMER_DOMREY (1 turns) | Walls 100/100 Garrison 200/200 Def:47 Gar:none [id:65536]\n    Districts: HOLY_SITE(13,29) CAMPUS(14,30) INDUSTRIA"
          },
          {
            "tool": "get_units",
            "result": "14 units:\n  Builder (UNIT_BUILDER) at (15,35) \u2014 moves 2/2 charges:3 [id:3211264, idx:0]\n    >> Can build: IMPROVEMENT_LUMBER_MILL\n  Missionary (UNIT_MISSIONARY) at (8,23) \u2014 moves 4/4 charges:3 [BUDDHISM] [id:2228225, idx:1]\n  Missionary (UNIT_MISSIONARY) at (0,32) \u2014 moves 2/2 charges:2 [BUDDHISM] [i"
          },
          {
            "tool": "set_research",
            "result": "RESEARCHING_GAMECORE|TECH_GUNPOWDER"
          },
          {
            "tool": "set_city_production",
            "result": "PRODUCING|UNIT_BUILDER|3 turns"
          }
        ],
        "promotion_sweep": [],
        "standing_memory": {
          "loaded": false,
          "injected": false,
          "injected_chars": 0,
          "captured_chars": 0,
          "error": ""
        },
        "task_tracker": {
          "active_before": 0,
          "pre_model_results": [],
          "active_after": 0,
          "error": ""
        },
        "channels": {
          "enabled": true,
          "acknowledgements": 0,
          "error": ""
        }
      },
      {
        "player": 2,
        "turn": 169,
        "summary": "max_steps reached",
        "actions": [
          {
            "tool": "get_overview",
            "result": "Turn 169 | Brazil (Pedro II) | Score: 326 | Prince\nGold: 406 (+17/turn) | Income: 38 | Maintenance: -21 (units: 4) | Science: 38.5 | Culture: 74.2 | Faith: 1280 | Favor: 71 (+2/turn)\nResearch: Gunpowder | Civic: The Enlightenment\nCities: 5 | Population: 31 | Units: 11 \u2014 5 Builder, 2 Great Writer, 1 "
          },
          {
            "tool": "get_units",
            "result": "11 units:\n  Trader (UNIT_TRADER) at (53,15) \u2014 moves 2/2 [id:589824, idx:0]\n  Builder (UNIT_BUILDER) at (50,18) \u2014 moves 2/2 charges:3 [id:2949121, idx:1]\n  Builder (UNIT_BUILDER) at (49,21) \u2014 moves 2/2 charges:3 [id:2883586, idx:2]\n    >> Can build: IMPROVEMENT_FARM\n  Li Bai (UNIT_GREAT_WRITER) at (4"
          },
          {
            "tool": "get_cities",
            "result": "5 cities:\n  Rio de Janeiro (pop 11) at (49,23) \u2014 Food 30 Prod 26 Gold 18 Sci 28 Cul 41 | Housing 12 Amenities 13 | Growth: 40/126 food (22t, +8.0/t) | Building: UNIT_CROSSBOWMAN (5 turns) | HP:200/200 Def:35 Gar:SPEARMAN [id:65536]\n    !! SLOW GROWTH: 22 turns to next pop \u2014 needs farm, granary, or t"
          },
          {
            "tool": "get_pending_diplomacy",
            "result": "No pending diplomacy sessions."
          },
          {
            "tool": "get_pending_trades",
            "result": "No pending trade deals."
          },
          {
            "tool": "move_unit",
            "result": "MOVING_TO|51,21|from:50,18|now_at:50,18|BLOCKED (impassable terrain (ice or natural wonder))"
          },
          {
            "tool": "move_unit",
            "result": "Error: STACKING_CONFLICT|Friendly UNIT_BUILDER already on (50,22). Cannot stack same formation class."
          },
          {
            "tool": "move_unit",
            "result": "Error: STACKING_CONFLICT|Friendly UNIT_BUILDER already on (49,22). Cannot stack same formation class."
          },
          {
            "tool": "move_unit",
            "result": "MOVING_TO|51,21|from:49,21|now_at:49,21|BLOCKED (impassable terrain (ice or natural wonder))"
          },
          {
            "tool": "move_unit",
            "result": "MOVING_TO|51,23|from:50,22|now_at:50,22|BLOCKED (impassable mountain)"
          },
          {
            "tool": "move_unit",
            "result": "MOVING_TO|49,23|from:49,22|now_at:49,23|(moved dx:+0 dy:+1)"
          },
          {
            "tool": "move_unit",
            "result": "MOVING_TO|49,22|from:49,21|now_at:49,22|(moved dx:+0 dy:+1)"
          },
          {
            "tool": "move_unit",
            "result": "CAPTURE_MOVE|58,18|from:57,19|now_at:57,19|BLOCKED (tile appears passable - path may be blocked by intermediate tiles)"
          },
          {
            "tool": "move_unit",
            "result": "Error: NO_MOVES|Unit has no movement points remaining this turn. Use skip or wait until next turn."
          },
          {
            "tool": "set_research",
            "result": "Error: ALREADY_COMPLETED|TECH_MACHINERY is already researched"
          }
        ],
        "promotion_sweep": [
          {
            "unit_id": 1769481,
            "unit_type": "UNIT_HORSEMAN",
            "promotion_type": "PROMOTION_CAPARISON",
            "ok": true
          }
        ],
        "standing_memory": {
          "loaded": false,
          "injected": false,
          "injected_chars": 0,
          "captured_chars": 0,
          "error": ""
        },
        "task_tracker": {
          "active_before": 0,
          "pre_model_results": [],
          "active_after": 0,
          "error": ""
        },
        "channels": {
          "enabled": true,
          "acknowledgements": 0,
          "error": ""
        }
      },
      {
        "player": 3,
        "turn": 169,
        "summary": "scripted: observed + skipped unit 0",
        "actions": [
          {
            "tool": "skip_unit"
          }
        ],
        "promotion_sweep": [],
        "standing_memory": {
          "loaded": false,
          "injected": false,
          "injected_chars": 0,
          "captured_chars": 0,
          "error": ""
        },
        "task_tracker": {
          "active_before": 0,
          "pre_model_results": [],
          "active_after": 0,
          "error": ""
        },
        "channels": {
          "enabled": true,
          "acknowledgements": 0,
          "error": ""
        }
      },
      {
        "player": 1,
        "turn": 170,
        "summary": "I have taken the following actions on turn 170:\n\n1.  **Research**: Started researching **Printing** to advance my science and prepare for the next era.\n2.  **Production**: Set **Preah Vihear** to produce a **Builder** to help improve local resources (spices, iron, sugar).\n3.  **Diplomacy**: Noted the ongoing private channel communication.\n\nI will continue to manage my growing empire, focusing on expanding my religious influence and improving my infrastructure.",
        "actions": [
          {
            "tool": "get_overview",
            "result": "Turn 170 | Khmer (Jayavarman VII) | Score: 339 | Prince\nGold: 220 (+8/turn) | Income: 38 | Maintenance: -30 (units: 9) | Science: 51.0 | Culture: 45.3 | Faith: 1066 | Favor: 81 (+3/turn)\nResearch: Gunpowder | Civic: Diplomatic Service\nCities: 7 | Population: 46 | Units: 15 \u2014 5 Missionary, 2 Guru, 2 "
          },
          {
            "tool": "get_cities",
            "result": "7 cities:\n  Angkor Thom (pop 13) at (14,31) \u2014 Food 57 Prod 32 Gold 8 Sci 12 Cul 14 | Housing 19 Amenities 11 | Growth: 66/152 food (4t, +31.0/t) | Building: nothing | Walls 100/100 Garrison 200/200 Def:52 Gar:KHMER_DOMREY [id:65536]\n    Districts: HOLY_SITE(13,29) CAMPUS(14,30) INDUSTRIAL_ZONE(12,31"
          },
          {
            "tool": "get_units",
            "result": "15 units:\n  Builder (UNIT_BUILDER) at (15,35) \u2014 moves 2/2 charges:3 [id:3211264, idx:0]\n    >> Can build: IMPROVEMENT_LUMBER_MILL\n  Missionary (UNIT_MISSIONARY) at (8,23) \u2014 moves 4/4 charges:3 [BUDDHISM] [id:2228225, idx:1]\n  Missionary (UNIT_MISSIONARY) at (0,32) \u2014 moves 2/2 charges:2 [BUDDHISM] [i"
          },
          {
            "tool": "set_research",
            "result": "RESEARCHING_GAMECORE|TECH_PRINTING"
          },
          {
            "tool": "set_city_production",
            "result": "PRODUCING|UNIT_BUILDER|2 turns"
          }
        ],
        "promotion_sweep": [],
        "standing_memory": {
          "loaded": false,
          "injected": false,
          "injected_chars": 0,
          "captured_chars": 0,
          "error": ""
        },
        "task_tracker": {
          "active_before": 0,
          "pre_model_results": [],
          "active_after": 0,
          "error": ""
        },
        "channels": {
          "enabled": true,
          "acknowledgements": 0,
          "error": ""
        }
      },
      {
        "player": 2,
        "turn": 170,
        "summary": "max_steps reached",
        "actions": [
          {
            "tool": "get_overview",
            "result": "Turn 170 | Brazil (Pedro II) | Score: 326 | Prince\nGold: 423 (+4/turn) | Income: 25 | Maintenance: -21 (units: 4) | Science: 39.5 | Culture: 74.8 | Faith: 1358 | Favor: 73 (+2/turn)\nResearch: Gunpowder | Civic: Mercantilism\nCities: 5 | Population: 33 | Units: 11 \u2014 5 Builder, 2 Great Writer, 1 Archer"
          },
          {
            "tool": "get_units",
            "result": "11 units:\n  Trader (UNIT_TRADER) at (53,15) \u2014 moves 2/2 [id:589824, idx:0]\n  Builder (UNIT_BUILDER) at (50,18) \u2014 moves 2/2 charges:3 [id:2949121, idx:1]\n  Builder (UNIT_BUILDER) at (49,22) \u2014 moves 2/2 charges:3 [id:2883586, idx:2]\n  Li Bai (UNIT_GREAT_WRITER) at (48,23) \u2014 moves 4/4 [id:2818051, idx:"
          },
          {
            "tool": "get_cities",
            "result": "5 cities:\n  Rio de Janeiro (pop 11) at (49,23) \u2014 Food 30 Prod 26 Gold 18 Sci 28 Cul 41 | Housing 12 Amenities 13 | Growth: 44/126 food (21t, +8.0/t) | Building: UNIT_CROSSBOWMAN (4 turns) | HP:200/200 Def:35 Gar:SPEARMAN [id:65536]\n    !! SLOW GROWTH: 21 turns to next pop \u2014 needs farm, granary, or t"
          },
          {
            "tool": "get_pending_diplomacy",
            "result": "No pending diplomacy sessions."
          },
          {
            "tool": "get_pending_trades",
            "result": "No pending trade deals."
          },
          {
            "tool": "get_unit_promotions",
            "result": "No promotions available for UNIT_ARCHER (id:7)."
          },
          {
            "tool": "get_unit_promotions",
            "result": "Promotions for UNIT_HORSEMAN (id:9):\n  Coursers (PROMOTION_COURSERS): +5 [ICON_Strength] Combat Strength when attacking ranged and siege units.\n  Depredation (PROMOTION_DEPREDATION): Pillaging costs only 1 [ICON_Movement] Movement point.\n\nUse promote_unit(unit_id, promotion_type) to apply."
          },
          {
            "tool": "promote_unit",
            "result": "PROMOTED|Coursers|stored:0->0"
          },
          {
            "tool": "move_unit",
            "result": "MOVING_TO|50,21|from:50,18|now_at:49,20|(moved dx:-1 dy:+2)|STOPPED_MID_PATH (moves exhausted)"
          },
          {
            "tool": "move_unit",
            "result": "MOVING_TO|60,20|from:57,19|now_at:59,20|(moved dx:+2 dy:+1)|STOPPED_MID_PATH (moves exhausted)"
          },
          {
            "tool": "move_unit",
            "result": "Error: STACKING_CONFLICT|Friendly UNIT_HORSEMAN already on (59,20). Cannot stack same formation class."
          },
          {
            "tool": "move_unit",
            "result": "MOVING_TO|58,22|from:57,21|now_at:58,22|(moved dx:+1 dy:+1)"
          },
          {
            "tool": "move_unit",
            "result": "Error: STACKING_CONFLICT|Friendly UNIT_BUILDER already on (50,22). Cannot stack same formation class."
          },
          {
            "tool": "move_unit",
            "result": "MOVING_TO|49,24|from:49,23|now_at:49,24|(moved dx:+0 dy:+1)"
          },
          {
            "tool": "skip_unit",
            "result": "SKIPPED"
          },
          {
            "tool": "skip_unit",
            "result": "SKIPPED"
          },
          {
            "tool": "move_unit",
            "result": "MOVING_TO|51,23|from:49,23|now_at:49,23|BLOCKED (impassable mountain)"
          },
          {
            "tool": "move_unit",
            "result": "MOVING_TO|51,21|from:50,22|now_at:50,22|BLOCKED (impassable terrain (ice or natural wonder))"
          },
          {
            "tool": "move_unit",
            "result": "MOVING_TO|50,22|from:49,23|now_at:50,22|(moved dx:+1 dy:-1)"
          },
          {
            "tool": "set_city_production",
            "result": "PRODUCING|UNIT_CROSSBOWMAN|11 turns"
          },
          {
            "tool": "move_unit",
            "result": "MOVING_TO|62,20|from:59,20|now_at:59,20|BLOCKED (tile appears passable - path may be blocked by intermediate tiles)"
          },
          {
            "tool": "move_unit",
            "result": "MOVING_TO|60,19|from:59,20|now_at:59,20|BLOCKED (impassable mountain)"
          },
          {
            "tool": "move_unit",
            "result": "MOVING_TO|59,21|from:59,20|now_at:59,21|(moved dx:+0 dy:+1)"
          },
          {
            "tool": "move_unit",
            "result": "Error: NO_MOVES|Unit has no movement points remaining this turn. Use skip or wait until next turn."
          },
          {
            "tool": "skip_unit",
            "result": "SKIPPED"
          },
          {
            "tool": "skip_unit",
            "result": "SKIPPED"
          },
          {
            "tool": "skip_unit",
            "result": "SKIPPED"
          },
          {
            "tool": "skip_unit",
            "result": "SKIPPED"
          },
          {
            "tool": "skip_unit",
            "result": "SKIPPED"
          },
          {
            "tool": "skip_unit",
            "result": "SKIPPED"
          }
        ],
        "promotion_sweep": [
          {
            "unit_id": 1769481,
            "unit_type": "UNIT_HORSEMAN",
            "promotion_type": "PROMOTION_DEPREDATION",
            "ok": true
          }
        ],
        "standing_memory": {
          "loaded": false,
          "injected": false,
          "injected_chars": 0,
          "captured_chars": 0,
          "error": ""
        },
        "task_tracker": {
          "active_before": 0,
          "pre_model_results": [],
          "active_after": 0,
          "error": ""
        },
        "channels": {
          "enabled": true,
          "acknowledgements": 0,
          "error": ""
        }
      },
      {
        "player": 3,
        "turn": 170,
        "summary": "scripted: observed + skipped unit 0",
        "actions": [
          {
            "tool": "skip_unit"
          }
        ],
        "promotion_sweep": [],
        "standing_memory": {
          "loaded": false,
          "injected": false,
          "injected_chars": 0,
          "captured_chars": 0,
          "error": ""
        },
        "task_tracker": {
          "active_before": 0,
          "pre_model_results": [],
          "active_after": 0,
          "error": ""
        },
        "channels": {
          "enabled": true,
          "acknowledgements": 0,
          "error": ""
        }
      },
      {
        "player": 1,
        "turn": 171,
        "summary": "max_steps reached",
        "actions": [
          {
            "tool": "get_overview",
            "result": "Turn 171 | Khmer (Jayavarman VII) | Score: 343 | Prince\nGold: 229 (+8/turn) | Income: 38 | Maintenance: -30 (units: 9) | Science: 51.0 | Culture: 45.3 | Faith: 1123 | Favor: 84 (+3/turn)\nResearch: Printing | Civic: Diplomatic Service\nCities: 7 | Population: 46 | Units: 15 \u2014 5 Missionary, 2 Guru, 2 B"
          },
          {
            "tool": "get_cities",
            "result": "7 cities:\n  Angkor Thom (pop 13) at (14,31) \u2014 Food 57 Prod 33 Gold 8 Sci 12 Cul 14 | Housing 19 Amenities 11 | Growth: 88/152 food (3t, +31.0/t) | Building: UNIT_KHMER_DOMREY (5 turns) | Walls 100/100 Garrison 200/200 Def:52 Gar:KHMER_DOMREY [id:65536]\n    Districts: HOLY_SITE(13,29) CAMPUS(14,30) I"
          },
          {
            "tool": "get_units",
            "result": "15 units:\n  Builder (UNIT_BUILDER) at (15,35) \u2014 moves 2/2 charges:3 [id:3211264, idx:0]\n    >> Can build: IMPROVEMENT_LUMBER_MILL\n  Missionary (UNIT_MISSIONARY) at (8,23) \u2014 moves 4/4 charges:3 [BUDDHISM] [id:2228225, idx:1]\n  Missionary (UNIT_MISSIONARY) at (0,32) \u2014 moves 2/2 charges:2 [BUDDHISM] [i"
          },
          {
            "tool": "set_research",
            "result": "Error: TECH_NOT_FOUND|TECH_GUNNERY"
          },
          {
            "tool": "set_research",
            "result": "RESEARCHING_GAMECORE|TECH_BALLISTICS"
          },
          {
            "tool": "found_city",
            "result": "Error: CANNOT_FOUND|Too close to Vimayapura (settler at 8,25, distance 3, need > 3)\n\nTop 5 settle locations:\n  #1 (8,26): Score 200 \u2014 F:62 P:29 \u2014 coast, defense:2\n     [B] FISH, [B] STONE, [B] STONE, [B] FISH, [B] CATTLE, [B] CATTLE, [B] BANANAS, [L] SPICES\n  #2 (8,27): Score 192 \u2014 F:57 P:34 \u2014 no wa"
          },
          {
            "tool": "move_unit",
            "result": "MOVING_TO|8,26|from:8,25|now_at:8,26|(moved dx:+0 dy:+1)"
          },
          {
            "tool": "found_city",
            "result": "FOUNDED|8,26"
          },
          {
            "tool": "set_city_production",
            "result": "Error: CANNOT_START|Settler cannot start."
          },
          {
            "tool": "set_city_production",
            "result": "PRODUCING|UNIT_MAN_AT_ARMS|49 turns"
          },
          {
            "tool": "set_city_production",
            "result": "Error: CANNOT_PRODUCE|Granary cannot be produced in this city (already built)"
          },
          {
            "tool": "set_city_production",
            "result": "Error: CANNOT_PRODUCE|Campus cannot be produced in this city"
          },
          {
            "tool": "set_city_production",
            "result": "PRODUCING|BUILDING_MONUMENT|7 turns"
          },
          {
            "tool": "move_unit",
            "result": "Error: STACKING_CONFLICT|Friendly UNIT_BUILDER already on (19,32). Cannot stack same formation class."
          },
          {
            "tool": "move_unit",
            "result": "MOVING_TO|20,32|from:19,32|now_at:20,32|(moved dx:+1 dy:+0)"
          }
        ],
        "promotion_sweep": [],
        "standing_memory": {
          "loaded": false,
          "injected": false,
          "injected_chars": 0,
          "captured_chars": 0,
          "error": ""
        },
        "task_tracker": {
          "active_before": 0,
          "pre_model_results": [],
          "active_after": 0,
          "error": ""
        },
        "channels": {
          "enabled": true,
          "acknowledgements": 0,
          "error": ""
        }
      },
      {
        "player": 2,
        "turn": 171,
        "summary": "max_steps reached",
        "actions": [
          {
            "tool": "get_overview",
            "result": "Turn 171 | Brazil (Pedro II) | Score: 331 | Prince\nGold: 428 (+3/turn) | Income: 25 | Maintenance: -22 (units: 4) | Science: 39.7 | Culture: 75.1 | Faith: 1436 | Favor: 75 (+2/turn)\nResearch: Gunpowder | Civic: Mercantilism\nCities: 5 | Population: 33 | Units: 11 \u2014 5 Builder, 2 Great Writer, 1 Archer"
          },
          {
            "tool": "get_cities",
            "result": "5 cities:\n  Rio de Janeiro (pop 11) at (49,23) \u2014 Food 30 Prod 26 Gold 18 Sci 28 Cul 41 | Housing 12 Amenities 13 | Growth: 48/126 food (20t, +8.0/t) | Building: UNIT_CROSSBOWMAN (3 turns) | HP:200/200 Def:35 Gar:none [id:65536]\n    !! SLOW GROWTH: 20 turns to next pop \u2014 needs farm, granary, or trade"
          },
          {
            "tool": "get_units",
            "result": "11 units:\n  Trader (UNIT_TRADER) at (53,15) \u2014 moves 2/2 [id:589824, idx:0]\n  Builder (UNIT_BUILDER) at (49,20) \u2014 moves 2/2 charges:3 [id:2949121, idx:1]\n    >> Can build: IMPROVEMENT_QUARRY\n  Builder (UNIT_BUILDER) at (49,22) \u2014 moves 2/2 charges:3 [id:2883586, idx:2]\n  Li Bai (UNIT_GREAT_WRITER) at "
          },
          {
            "tool": "get_pending_diplomacy",
            "result": "No pending diplomacy sessions."
          },
          {
            "tool": "get_pending_trades",
            "result": "No pending trade deals."
          },
          {
            "tool": "get_unit_promotions",
            "result": "No promotions available for UNIT_ARCHER (id:7)."
          },
          {
            "tool": "get_unit_promotions",
            "result": "Promotions for UNIT_HORSEMAN (id:9):\n  Double Envelopment (PROMOTION_DOUBLE_ENVELOPMENT): 2x flanking bonus.\n  Spiking the Guns (PROMOTION_SPIKING_THE_GUNS): +7 [ICON_Strength] Combat Strength vs. siege units.\n  Pursuit (PROMOTION_PURSUIT): +1 [ICON_Movement] Movement.\n\nUse promote_unit(unit_id, pro"
          },
          {
            "tool": "promote_unit",
            "result": "PROMOTED|Pursuit|stored:0->0"
          },
          {
            "tool": "move_unit",
            "result": "MOVING_TO|49,21|from:49,20|now_at:49,21|(moved dx:+0 dy:+1)"
          },
          {
            "tool": "move_unit",
            "result": "Error: STACKING_CONFLICT|Friendly UNIT_BUILDER already on (49,22). Cannot stack same formation class."
          },
          {
            "tool": "move_unit",
            "result": "Error: STACKING_CONFLICT|Friendly UNIT_BUILDER already on (50,22). Cannot stack same formation class."
          },
          {
            "tool": "move_unit",
            "result": "MOVING_TO|51,22|from:49,22|now_at:49,22|BLOCKED (impassable mountain)"
          },
          {
            "tool": "move_unit",
            "result": "MOVING_TO|49,23|from:50,22|now_at:49,23|(moved dx:-1 dy:+1)"
          },
          {
            "tool": "move_unit",
            "result": "Error: STACKING_CONFLICT|Friendly UNIT_BUILDER already on (49,24). Cannot stack same formation class."
          },
          {
            "tool": "move_unit",
            "result": "MOVING_TO|50,24|from:49,24|now_at:50,24|(moved dx:+1 dy:+0)"
          },
          {
            "tool": "move_unit",
            "result": "MOVING_TO|58,20|from:59,21|now_at:58,20|(moved dx:-1 dy:-1)"
          },
          {
            "tool": "move_unit",
            "result": "MOVING_TO|58,21|from:58,22|now_at:58,21|(moved dx:+0 dy:-1)"
          },
          {
            "tool": "set_research",
            "result": "Error: TECH_NOT_FOUND|TECH_MECHANIZATION"
          }
        ],
        "promotion_sweep": [
          {
            "unit_id": 1769481,
            "unit_type": "UNIT_HORSEMAN",
            "promotion_type": "PROMOTION_DOUBLE_ENVELOPMENT",
            "ok": true
          }
        ],
        "standing_memory": {
          "loaded": false,
          "injected": false,
          "injected_chars": 0,
          "captured_chars": 0,
          "error": ""
        },
        "task_tracker": {
          "active_before": 0,
          "pre_model_results": [],
          "active_after": 0,
          "error": ""
        },
        "channels": {
          "enabled": true,
          "acknowledgements": 0,
          "error": ""
        }
      },
      {
        "player": 3,
        "turn": 171,
        "summary": "scripted: observed + skipped unit 0",
        "actions": [
          {
            "tool": "skip_unit"
          }
        ],
        "promotion_sweep": [],
        "standing_memory": {
          "loaded": false,
          "injected": false,
          "injected_chars": 0,
          "captured_chars": 0,
          "error": ""
        },
        "task_tracker": {
          "active_before": 0,
          "pre_model_results": [],
          "active_after": 0,
          "error": ""
        },
        "channels": {
          "enabled": true,
          "acknowledgements": 0,
          "error": ""
        }
      },
      {
        "player": 1,
        "turn": 172,
        "summary": "max_steps reached",
        "actions": [
          {
            "tool": "get_overview",
            "result": "Turn 172 | Khmer (Jayavarman VII) | Score: 352 | Prince\nGold: 237 (+8/turn) | Income: 38 | Maintenance: -30 (units: 9) | Science: 51.5 | Culture: 45.6 | Faith: 1180 | Favor: 87 (+3/turn)\nResearch: Ballistics | Civic: Diplomatic Service\nCities: 8 | Population: 47 | Units: 15 \u2014 5 Missionary, 3 Builder"
          },
          {
            "tool": "get_cities",
            "result": "8 cities:\n  Angkor Thom (pop 13) at (14,31) \u2014 Food 57 Prod 33 Gold 8 Sci 12 Cul 14 | Housing 19 Amenities 11 | Growth: 110/152 food (2t, +31.0/t) | Building: UNIT_KHMER_DOMREY (4 turns) | Walls 100/100 Garrison 200/200 Def:52 Gar:KHMER_DOMREY [id:65536]\n    Districts: HOLY_SITE(13,29) CAMPUS(14,30) "
          },
          {
            "tool": "get_units",
            "result": "15 units:\n  Builder (UNIT_BUILDER) at (15,35) \u2014 moves 2/2 charges:3 [id:3211264, idx:0]\n    >> Can build: IMPROVEMENT_LUMBER_MILL\n  Missionary (UNIT_MISSIONARY) at (8,23) \u2014 moves 4/4 charges:3 [BUDDHISM] [id:2228225, idx:1]\n  Missionary (UNIT_MISSIONARY) at (0,32) \u2014 moves 2/2 charges:2 [BUDDHISM] [i"
          },
          {
            "tool": "set_research",
            "result": "RESEARCHING_GAMECORE|TECH_GUNPOWDER"
          },
          {
            "tool": "set_city_production",
            "result": "Error: CANNOT_PRODUCE|Granary cannot be produced in this city (already built)"
          },
          {
            "tool": "set_city_production",
            "result": "Error: CANNOT_PRODUCE|Library cannot be produced in this city (already built)"
          },
          {
            "tool": "set_city_production",
            "result": "Error: CANNOT_PRODUCE|Market cannot be produced in this city (requires DISTRICT_COMMERCIAL_HUB district)"
          },
          {
            "tool": "set_city_production",
            "result": "Error: MISSING_COORDS|Campus is a district and requires target_x/target_y for placement. Use get_district_advisor(city_id, 'Campus') to find the best tile."
          },
          {
            "tool": "set_city_production",
            "result": "Error: CANNOT_PRODUCE|Granary cannot be produced in this city (already built)"
          },
          {
            "tool": "get_cities",
            "result": "8 cities:\n  Angkor Thom (pop 13) at (14,31) \u2014 Food 57 Prod 33 Gold 8 Sci 12 Cul 14 | Housing 19 Amenities 11 | Growth: 110/152 food (2t, +31.0/t) | Building: UNIT_KHMER_DOMREY (4 turns) | Walls 100/100 Garrison 200/200 Def:52 Gar:KHMER_DOMREY [id:65536]\n    Districts: HOLY_SITE(13,29) CAMPUS(14,30) "
          },
          {
            "tool": "set_city_production",
            "result": "Error: CANNOT_START|Commercial Hub cannot start. Tried (11,31). Use get_district_advisor for details."
          },
          {
            "tool": "set_city_production",
            "result": "Error: CANNOT_START|Commercial Hub cannot start. Tried (10,31). Use get_district_advisor for details."
          },
          {
            "tool": "set_city_production",
            "result": "Error: CANNOT_START|Commercial Hub cannot start. Tried (12,32). Use get_district_advisor for details."
          },
          {
            "tool": "set_city_production",
            "result": "Error: CANNOT_START|Commercial Hub cannot start. Tried (11,32). Use get_district_advisor for details."
          },
          {
            "tool": "set_city_production",
            "result": "Error: CANNOT_START|Commercial Hub cannot start. Tried (12,30). Use get_district_advisor for details."
          }
        ],
        "promotion_sweep": [],
        "standing_memory": {
          "loaded": false,
          "injected": false,
          "injected_chars": 0,
          "captured_chars": 0,
          "error": ""
        },
        "task_tracker": {
          "active_before": 0,
          "pre_model_results": [],
          "active_after": 0,
          "error": ""
        },
        "channels": {
          "enabled": true,
          "acknowledgements": 0,
          "error": ""
        }
      },
      {
        "player": 2,
        "turn": 172,
        "summary": "max_steps reached",
        "actions": [
          {
            "tool": "get_overview",
            "result": "Turn 172 | Brazil (Pedro II) | Score: 335 | Prince\nGold: 431 (+3/turn) | Income: 25 | Maintenance: -22 (units: 4) | Science: 39.5 | Culture: 74.8 | Faith: 1514 | Favor: 77 (+2/turn)\nResearch: Gunpowder | Civic: Mercantilism\nCities: 5 | Population: 33 | Units: 12 \u2014 5 Builder, 3 Great Writer, 1 Archer"
          },
          {
            "tool": "get_cities",
            "result": "5 cities:\n  Rio de Janeiro (pop 11) at (49,23) \u2014 Food 30 Prod 26 Gold 18 Sci 28 Cul 41 | Housing 12 Amenities 13 | Growth: 52/126 food (19t, +8.0/t) | Building: UNIT_CROSSBOWMAN (2 turns) | HP:200/200 Def:35 Gar:none [id:65536]\n    !! SLOW GROWTH: 19 turns to next pop \u2014 needs farm, granary, or trade"
          },
          {
            "tool": "get_cities",
            "result": "5 cities:\n  Rio de Janeiro (pop 11) at (49,23) \u2014 Food 30 Prod 26 Gold 18 Sci 28 Cul 41 | Housing 12 Amenities 13 | Growth: 52/126 food (19t, +8.0/t) | Building: UNIT_CROSSBOWMAN (2 turns) | HP:200/200 Def:35 Gar:none [id:65536]\n    !! SLOW GROWTH: 19 turns to next pop \u2014 needs farm, granary, or trade"
          },
          {
            "tool": "get_units",
            "result": "12 units:\n  Trader (UNIT_TRADER) at (53,15) \u2014 moves 2/2 [id:589824, idx:0]\n  Builder (UNIT_BUILDER) at (49,21) \u2014 moves 2/2 charges:3 [id:2949121, idx:1]\n    >> Can build: IMPROVEMENT_FARM\n  Builder (UNIT_BUILDER) at (49,22) \u2014 moves 2/2 charges:3 [id:2883586, idx:2]\n  Li Bai (UNIT_GREAT_WRITER) at (4"
          },
          {
            "tool": "get_pending_diplomacy",
            "result": "No pending diplomacy sessions."
          },
          {
            "tool": "get_pending_trades",
            "result": "No pending trade deals."
          },
          {
            "tool": "move_unit",
            "result": "Error: STACKING_CONFLICT|Friendly UNIT_BUILDER already on (49,21). Cannot stack same formation class."
          },
          {
            "tool": "move_unit",
            "result": "MOVING_TO|50,21|from:49,21|now_at:50,21|(moved dx:+1 dy:+0)"
          },
          {
            "tool": "move_unit",
            "result": "Error: STACKING_CONFLICT|Friendly UNIT_BUILDER already on (49,22). Cannot stack same formation class."
          },
          {
            "tool": "move_unit",
            "result": "MOVING_TO|50,22|from:49,22|now_at:50,22|(moved dx:+1 dy:+0)"
          },
          {
            "tool": "move_unit",
            "result": "Error: STACKING_CONFLICT|Friendly UNIT_BUILDER already on (49,23). Cannot stack same formation class."
          },
          {
            "tool": "move_unit",
            "result": "MOVING_TO|50,23|from:49,23|now_at:50,23|(moved dx:+1 dy:+0)"
          },
          {
            "tool": "move_unit",
            "result": "MOVING_TO|60,19|from:58,20|now_at:58,20|BLOCKED (impassable mountain)"
          },
          {
            "tool": "move_unit",
            "result": "MOVING_TO|60,21|from:58,20|now_at:58,20|BLOCKED (impassable mountain)"
          },
          {
            "tool": "move_unit",
            "result": "MOVING_TO|57,19|from:58,20|now_at:57,19|(moved dx:-1 dy:-1)"
          }
        ],
        "promotion_sweep": [
          {
            "unit_id": 1769481,
            "unit_type": "UNIT_HORSEMAN",
            "promotion_type": "PROMOTION_SPIKING_THE_GUNS",
            "ok": true
          }
        ],
        "standing_memory": {
          "loaded": false,
          "injected": false,
          "injected_chars": 0,
          "captured_chars": 0,
          "error": ""
        },
        "task_tracker": {
          "active_before": 0,
          "pre_model_results": [],
          "active_after": 0,
          "error": ""
        },
        "channels": {
          "enabled": true,
          "acknowledgements": 0,
          "error": ""
        }
      },
      {
        "player": 3,
        "turn": 172,
        "summary": "scripted: observed + skipped unit 0",
        "actions": [
          {
            "tool": "skip_unit"
          }
        ],
        "promotion_sweep": [],
        "standing_memory": {
          "loaded": false,
          "injected": false,
          "injected_chars": 0,
          "captured_chars": 0,
          "error": ""
        },
        "task_tracker": {
          "active_before": 0,
          "pre_model_results": [],
          "active_after": 0,
          "error": ""
        },
        "channels": {
          "enabled": true,
          "acknowledgements": 0,
          "error": ""
        }
      },
      {
        "player": 1,
        "turn": 173,
        "summary": "I have started researching **Ballistics** to improve my military capabilities and set **Preah Vihear** to produce a **Builder** to assist with future improvements.\n\nSummary:\n- Researched: Ballistics\n- City Production: Preah Vihear is building a Builder.\n- Turn ended.",
        "actions": [
          {
            "tool": "get_overview",
            "result": "Turn 173 | Khmer (Jayavarman VII) | Score: 352 | Prince\nGold: 246 (+8/turn) | Income: 38 | Maintenance: -31 (units: 9) | Science: 51.5 | Culture: 48.7 | Faith: 1237 | Favor: 90 (+3/turn)\nResearch: Gunpowder | Civic: Diplomatic Service\nCities: 8 | Population: 47 | Units: 15 \u2014 5 Missionary, 3 Builder,"
          },
          {
            "tool": "get_cities",
            "result": "8 cities:\n  Angkor Thom (pop 13) at (14,31) \u2014 Food 57 Prod 33 Gold 8 Sci 12 Cul 14 | Housing 19 Amenities 11 | Growth: 132/152 food (1t, +31.0/t) | Building: UNIT_KHMER_DOMREY (3 turns) | Walls 100/100 Garrison 200/200 Def:52 Gar:KHMER_DOMREY [id:65536]\n    Districts: HOLY_SITE(13,29) CAMPUS(14,30) "
          },
          {
            "tool": "get_units",
            "result": "15 units:\n  Builder (UNIT_BUILDER) at (15,35) \u2014 moves 2/2 charges:3 [id:3211264, idx:0]\n    >> Can build: IMPROVEMENT_LUMBER_MILL\n  Missionary (UNIT_MISSIONARY) at (8,23) \u2014 moves 4/4 charges:3 [BUDDHISM] [id:2228225, idx:1]\n  Missionary (UNIT_MISSIONARY) at (0,32) \u2014 moves 2/2 charges:2 [BUDDHISM] [i"
          },
          {
            "tool": "set_research",
            "result": "RESEARCHING_GAMECORE|TECH_BALLISTICS"
          },
          {
            "tool": "set_city_production",
            "result": "PRODUCING|UNIT_BUILDER|5 turns"
          }
        ],
        "promotion_sweep": [],
        "standing_memory": {
          "loaded": false,
          "injected": false,
          "injected_chars": 0,
          "captured_chars": 0,
          "error": ""
        },
        "task_tracker": {
          "active_before": 0,
          "pre_model_results": [],
          "active_after": 0,
          "error": ""
        },
        "channels": {
          "enabled": true,
          "acknowledgements": 0,
          "error": ""
        }
      },
      {
        "player": 2,
        "turn": 173,
        "summary": "max_steps reached",
        "actions": [
          {
            "tool": "get_overview",
            "result": "Turn 173 | Brazil (Pedro II) | Score: 341 | Prince\nGold: 434 (+3/turn) | Income: 25 | Maintenance: -22 (units: 4) | Science: 39.5 | Culture: 74.8 | Faith: 1592 | Favor: 79 (+2/turn)\nResearch: Gunpowder | Civic: Mercantilism\nCities: 5 | Population: 33 | Units: 12 \u2014 5 Builder, 3 Great Writer, 1 Archer"
          },
          {
            "tool": "get_units",
            "result": "12 units:\n  Trader (UNIT_TRADER) at (53,15) \u2014 moves 2/2 [id:589824, idx:0]\n  Builder (UNIT_BUILDER) at (50,21) \u2014 moves 2/2 charges:3 [id:2949121, idx:1]\n  Builder (UNIT_BUILDER) at (50,22) \u2014 moves 2/2 charges:3 [id:2883586, idx:2]\n  Li Bai (UNIT_GREAT_WRITER) at (48,23) \u2014 moves 4/4 [id:2818051, idx:"
          },
          {
            "tool": "get_cities",
            "result": "5 cities:\n  Rio de Janeiro (pop 11) at (49,23) \u2014 Food 30 Prod 26 Gold 18 Sci 28 Cul 41 | Housing 12 Amenities 13 | Growth: 56/126 food (18t, +8.0/t) | Building: UNIT_CROSSBOWMAN (1 turns) | HP:200/200 Def:35 Gar:none [id:65536]\n    !! SLOW GROWTH: 18 turns to next pop \u2014 needs farm, granary, or trade"
          },
          {
            "tool": "get_pending_diplomacy",
            "result": "No pending diplomacy sessions."
          },
          {
            "tool": "get_pending_trades",
            "result": "No pending trade deals."
          },
          {
            "tool": "move_unit",
            "result": "Error: STACKING_CONFLICT|Friendly UNIT_BUILDER already on (50,21). Cannot stack same formation class."
          },
          {
            "tool": "move_unit",
            "result": "MOVING_TO|49,22|from:50,22|now_at:49,22|(moved dx:-1 dy:+0)"
          },
          {
            "tool": "move_unit",
            "result": "Error: STACKING_CONFLICT|Friendly UNIT_GREAT_WRITER already on (49,23). Cannot stack same formation class."
          },
          {
            "tool": "move_unit",
            "result": "MOVING_TO|50,22|from:50,23|now_at:50,22|(moved dx:+0 dy:-1)"
          },
          {
            "tool": "move_unit",
            "result": "MOVING_TO|55,17|from:57,19|now_at:55,17|(moved dx:-2 dy:-2)"
          },
          {
            "tool": "move_unit",
            "result": "Error: STACKING_CONFLICT|Friendly UNIT_GREAT_WRITER already on (49,23). Cannot stack same formation class."
          },
          {
            "tool": "set_city_production",
            "result": "PRODUCING|UNIT_CROSSBOWMAN|8 turns"
          },
          {
            "tool": "set_city_production",
            "result": "PRODUCING|UNIT_CROSSBOWMAN|9 turns"
          },
          {
            "tool": "move_unit",
            "result": "MOVING_TO|57,20|from:58,21|now_at:58,20|(moved dx:+0 dy:-1)|STOPPED_MID_PATH (moves exhausted)"
          },
          {
            "tool": "move_unit",
            "result": "MOVING_TO|50,21|from:50,22|now_at:50,21|(moved dx:+0 dy:-1)"
          }
        ],
        "promotion_sweep": [
          {
            "unit_id": 1769481,
            "unit_type": "UNIT_HORSEMAN",
            "promotion_type": "PROMOTION_ESCORT_MOBILITY",
            "ok": true
          }
        ],
        "standing_memory": {
          "loaded": false,
          "injected": false,
          "injected_chars": 0,
          "captured_chars": 0,
          "error": ""
        },
        "task_tracker": {
          "active_before": 0,
          "pre_model_results": [],
          "active_after": 0,
          "error": ""
        },
        "channels": {
          "enabled": true,
          "acknowledgements": 0,
          "error": ""
        }
      },
      {
        "player": 3,
        "turn": 173,
        "summary": "scripted: observed + skipped unit 0",
        "actions": [
          {
            "tool": "skip_unit"
          }
        ],
        "promotion_sweep": [],
        "standing_memory": {
          "loaded": false,
          "injected": false,
          "injected_chars": 0,
          "captured_chars": 0,
          "error": ""
        },
        "task_tracker": {
          "active_before": 0,
          "pre_model_results": [],
          "active_after": 0,
          "error": ""
        },
        "channels": {
          "enabled": true,
          "acknowledgements": 0,
          "error": ""
        }
      },
      {
        "player": 1,
        "turn": 174,
        "summary": "I have started researching Gunpowder to bolster my military capabilities. In Preah Vihear, I have set production to a new Builder to help improve surrounding resources. I am also monitoring my religious units and military strength as I move into a Golden Age.\n\nSummary:\n- Researching: Gunpowder\n- Preah Vihear production: Builder\n- Other cities: Maintaining current production/research.",
        "actions": [
          {
            "tool": "get_overview",
            "result": "Turn 174 | Khmer (Jayavarman VII) | Score: 353 | Prince\nGold: 253 (+8/turn) | Income: 38 | Maintenance: -31 (units: 9) | Science: 51.9 | Culture: 49.4 | Faith: 1294 | Favor: 93 (+3/turn)\nResearch: Ballistics | Civic: Diplomatic Service\nCities: 8 | Population: 48 | Units: 15 \u2014 5 Missionary, 3 Builder"
          },
          {
            "tool": "get_cities",
            "result": "8 cities:\n  Angkor Thom (pop 14) at (14,31) \u2014 Food 57 Prod 33 Gold 8 Sci 12 Cul 14 | Housing 19 Amenities 11 | Growth: 1/165 food (9t, +29.0/t) | Building: UNIT_KHMER_DOMREY (2 turns) | Walls 100/100 Garrison 200/200 Def:52 Gar:KHMER_DOMREY [id:65536]\n    Districts: HOLY_SITE(13,29) CAMPUS(14,30) IN"
          },
          {
            "tool": "get_units",
            "result": "15 units:\n  Builder (UNIT_BUILDER) at (15,35) \u2014 moves 2/2 charges:3 [id:3211264, idx:0]\n    >> Can build: IMPROVEMENT_LUMBER_MILL\n  Missionary (UNIT_MISSIONARY) at (8,23) \u2014 moves 4/4 charges:3 [BUDDHISM] [id:2228225, idx:1]\n  Missionary (UNIT_MISSIONARY) at (0,32) \u2014 moves 2/2 charges:2 [BUDDHISM] [i"
          },
          {
            "tool": "set_research",
            "result": "RESEARCHING_GAMECORE|TECH_GUNPOWDER"
          },
          {
            "tool": "set_city_production",
            "result": "PRODUCING|UNIT_BUILDER|4 turns"
          },
          {
            "tool": "set_city_production",
            "result": "Error: MISSING_COORDS|BUILDING_WALLS is a district and requires target_x/target_y for placement. Use get_district_advisor(city_id, 'BUILDING_WALLS') to find the best tile."
          },
          {
            "tool": "set_city_production",
            "result": "Error: ITEM_NOT_FOUND|BUILDING_WALLS"
          },
          {
            "tool": "set_city_production",
            "result": "Error: MISSING_COORDS|WALLS is a district and requires target_x/target_y for placement. Use get_district_advisor(city_id, 'WALLS') to find the best tile."
          },
          {
            "tool": "set_city_production",
            "result": "Error: ITEM_NOT_FOUND|WALLS"
          },
          {
            "tool": "set_city_production",
            "result": "PRODUCING|UNIT_BUILDER|4 turns"
          },
          {
            "tool": "get_overview",
            "result": "Turn 174 | Khmer (Jayavarman VII) | Score: 353 | Prince\nGold: 253 (+8/turn) | Income: 38 | Maintenance: -31 (units: 9) | Science: 51.9 | Culture: 49.4 | Faith: 1294 | Favor: 93 (+3/turn)\nResearch: Gunpowder | Civic: Diplomatic Service\nCities: 8 | Population: 48 | Units: 15 \u2014 5 Missionary, 3 Builder,"
          }
        ],
        "promotion_sweep": [],
        "standing_memory": {
          "loaded": false,
          "injected": false,
          "injected_chars": 0,
          "captured_chars": 0,
          "error": ""
        },
        "task_tracker": {
          "active_before": 0,
          "pre_model_results": [],
          "active_after": 0,
          "error": ""
        },
        "channels": {
          "enabled": true,
          "acknowledgements": 0,
          "error": ""
        }
      },
      {
        "player": 2,
        "turn": 174,
        "summary": "max_steps reached",
        "actions": [
          {
            "tool": "get_overview",
            "result": "Turn 174 | Brazil (Pedro II) | Score: 341 | Prince\nGold: 437 (-1/turn) | Income: 25 | Maintenance: -26 (units: 7) | Science: 39.5 | Culture: 77.0 | Faith: 1670 | Favor: 81 (+2/turn)\nResearch: Gunpowder | Civic: Mercantilism\nCities: 5 | Population: 33 | Units: 13 \u2014 5 Builder, 3 Great Writer, 1 Archer"
          },
          {
            "tool": "get_cities",
            "result": "5 cities:\n  Rio de Janeiro (pop 11) at (49,23) \u2014 Food 30 Prod 25 Gold 18 Sci 28 Cul 41 | Housing 12 Amenities 13 | Growth: 60/126 food (17t, +8.0/t) | Building: nothing | HP:200/200 Def:39 Gar:CROSSBOWMAN [id:65536]\n    !! SLOW GROWTH: 17 turns to next pop \u2014 needs farm, granary, or trade route\n    D"
          },
          {
            "tool": "get_units",
            "result": "13 units:\n  Trader (UNIT_TRADER) at (53,15) \u2014 moves 2/2 [id:589824, idx:0]\n  Builder (UNIT_BUILDER) at (50,21) \u2014 moves 2/2 charges:3 [id:2949121, idx:1]\n  Builder (UNIT_BUILDER) at (49,22) \u2014 moves 2/2 charges:3 [id:2883586, idx:2]\n  Li Bai (UNIT_GREAT_WRITER) at (48,23) \u2014 moves 4/4 [id:2818051, idx:"
          },
          {
            "tool": "get_pending_diplomacy",
            "result": "No pending diplomacy sessions."
          },
          {
            "tool": "get_pending_trades",
            "result": "No pending trade deals."
          },
          {
            "tool": "move_unit",
            "result": "Error: STACKING_CONFLICT|Friendly UNIT_BUILDER already on (50,21). Cannot stack same formation class."
          },
          {
            "tool": "move_unit",
            "result": "MOVING_TO|49,21|from:49,22|now_at:49,21|(moved dx:+0 dy:-1)"
          },
          {
            "tool": "move_unit",
            "result": "Error: STACKING_CONFLICT|Friendly UNIT_BUILDER already on (50,22). Cannot stack same formation class."
          },
          {
            "tool": "move_unit",
            "result": "MOVING_TO|49,24|from:50,24|now_at:49,24|(moved dx:-1 dy:+0)"
          },
          {
            "tool": "move_unit",
            "result": "Error: STACKING_CONFLICT|Friendly UNIT_BUILDER already on (50,22). Cannot stack same formation class."
          },
          {
            "tool": "move_unit",
            "result": "MOVING_TO|49,22|from:50,22|now_at:49,22|(moved dx:-1 dy:+0)"
          },
          {
            "tool": "move_unit",
            "result": "MOVING_TO|57,17|from:55,17|now_at:57,17|(moved dx:+2 dy:+0)"
          },
          {
            "tool": "move_unit",
            "result": "MOVING_TO|58,17|from:57,17|now_at:57,17|BLOCKED (tile appears passable - path may be blocked by intermediate tiles)"
          },
          {
            "tool": "move_unit",
            "result": "CAPTURE_MOVE|59,16|from:57,17|now_at:58,16|(moved dx:+1 dy:-1)|STOPPED_MID_PATH (moves exhausted)"
          },
          {
            "tool": "move_unit",
            "result": "Error: STACKING_CONFLICT|Friendly UNIT_GREAT_WRITER already on (49,23). Cannot stack same formation class."
          }
        ],
        "promotion_sweep": [],
        "standing_memory": {
          "loaded": false,
          "injected": false,
          "injected_chars": 0,
          "captured_chars": 0,
          "error": ""
        },
        "task_tracker": {
          "active_before": 0,
          "pre_model_results": [],
          "active_after": 0,
          "error": ""
        },
        "channels": {
          "enabled": true,
          "acknowledgements": 0,
          "error": ""
        }
      },
      {
        "player": 3,
        "turn": 174,
        "summary": "scripted: observed + skipped unit 0",
        "actions": [
          {
            "tool": "skip_unit"
          }
        ],
        "promotion_sweep": [],
        "standing_memory": {
          "loaded": false,
          "injected": false,
          "injected_chars": 0,
          "captured_chars": 0,
          "error": ""
        },
        "task_tracker": {
          "active_before": 0,
          "pre_model_results": [],
          "active_after": 0,
          "error": ""
        },
        "channels": {
          "enabled": true,
          "acknowledgements": 0,
          "error": ""
        }
      },
      {
        "player": 1,
        "turn": 175,
        "summary": "I have analyzed the current state of the Khmer empire. We are in a Golden Age and progressing through the Medieval era.\n\n**Actions taken:**\n1.  **Research:** Set research to **Printing** to advance our culture and tech.\n2.  **Production:** \n    *   **Angkor Thom:** Set to produce a **Man-at-Arms** to bolster our military presence.\n    *   **Preah Vihear:** Continuing production of a **Builder**.\n    *   **Kompong Svay:** Set to produce a **Man-at-Arms** to secure the area and respond to the nearby Crossbowman.\n3.  **Military/Diplomacy:** Monitored units; I noted a Crossbowman near Kompong Svay and will prepare for potential conflict.\n\nNo unit movements were made this turn as most are in optimal positions or awaiting production.\n\n**Summary:** Researching Printing; set production for Man-at-Arms in Angkor Thom and Kompong Svay, and Builder in Preah Vihear.",
        "actions": [
          {
            "tool": "get_overview",
            "result": "Turn 175 | Khmer (Jayavarman VII) | Score: 354 | Prince\nGold: 261 (+8/turn) | Income: 38 | Maintenance: -31 (units: 9) | Science: 51.9 | Culture: 49.4 | Faith: 1354 | Favor: 96 (+3/turn)\nResearch: Gunpowder | Civic: Diplomatic Service\nCities: 8 | Population: 48 | Units: 15 \u2014 5 Missionary, 3 Builder,"
          },
          {
            "tool": "get_cities",
            "result": "8 cities:\n  Angkor Thom (pop 14) at (14,31) \u2014 Food 57 Prod 33 Gold 8 Sci 12 Cul 14 | Housing 19 Amenities 11 | Growth: 22/165 food (8t, +29.0/t) | Building: UNIT_KHMER_DOMREY (1 turns) | Walls 100/100 Garrison 200/200 Def:52 Gar:KHMER_DOMREY [id:65536]\n    Districts: HOLY_SITE(13,29) CAMPUS(14,30) I"
          },
          {
            "tool": "get_units",
            "result": "15 units:\n  Builder (UNIT_BUILDER) at (15,35) \u2014 moves 2/2 charges:3 [id:3211264, idx:0]\n    >> Can build: IMPROVEMENT_LUMBER_MILL\n  Missionary (UNIT_MISSIONARY) at (8,23) \u2014 moves 4/4 charges:3 [BUDDHISM] [id:2228225, idx:1]\n  Missionary (UNIT_MISSIONARY) at (0,32) \u2014 moves 2/2 charges:2 [BUDDHISM] [i"
          },
          {
            "tool": "set_research",
            "result": "Error: TECH_NOT_FOUND|TECH_METALLURGY"
          },
          {
            "tool": "set_research",
            "result": "RESEARCHING_GAMECORE|TECH_PRINTING"
          },
          {
            "tool": "set_city_production",
            "result": "PRODUCING|UNIT_MAN_AT_ARMS|5 turns"
          },
          {
            "tool": "set_city_production",
            "result": "PRODUCING|UNIT_BUILDER|3 turns"
          },
          {
            "tool": "set_city_production",
            "result": "PRODUCING|UNIT_MAN_AT_ARMS|3 turns"
          }
        ],
        "promotion_sweep": [],
        "standing_memory": {
          "loaded": false,
          "injected": false,
          "injected_chars": 0,
          "captured_chars": 0,
          "error": ""
        },
        "task_tracker": {
          "active_before": 0,
          "pre_model_results": [],
          "active_after": 0,
          "error": ""
        },
        "channels": {
          "enabled": true,
          "acknowledgements": 0,
          "error": ""
        }
      },
      {
        "player": 2,
        "turn": 175,
        "summary": "max_steps reached",
        "actions": [
          {
            "tool": "get_overview",
            "result": "Turn 175 | Brazil (Pedro II) | Score: 342 | Prince\nGold: 436 (-1/turn) | Income: 25 | Maintenance: -26 (units: 7) | Science: 39.5 | Culture: 77.0 | Faith: 1751 | Favor: 83 (+2/turn)\nResearch: Gunpowder | Civic: Mercantilism\nCities: 5 | Population: 33 | Units: 13 \u2014 5 Builder, 3 Great Writer, 1 Archer"
          },
          {
            "tool": "get_units",
            "result": "13 units:\n  Trader (UNIT_TRADER) at (53,15) \u2014 moves 2/2 [id:589824, idx:0]\n  Builder (UNIT_BUILDER) at (50,21) \u2014 moves 2/2 charges:3 [id:2949121, idx:1]\n  Builder (UNIT_BUILDER) at (49,21) \u2014 moves 2/2 charges:3 [id:2883586, idx:2]\n    >> Can build: IMPROVEMENT_FARM\n  Li Bai (UNIT_GREAT_WRITER) at (4"
          },
          {
            "tool": "get_cities",
            "result": "5 cities:\n  Rio de Janeiro (pop 11) at (49,23) \u2014 Food 30 Prod 26 Gold 18 Sci 28 Cul 41 | Housing 12 Amenities 13 | Growth: 64/126 food (16t, +8.0/t) | Building: BUILDING_WAT (4 turns) | HP:200/200 Def:39 Gar:CROSSBOWMAN [id:65536]\n    !! SLOW GROWTH: 16 turns to next pop \u2014 needs farm, granary, or tr"
          },
          {
            "tool": "get_pending_diplomacy",
            "result": "No pending diplomacy sessions."
          },
          {
            "tool": "get_pending_trades",
            "result": "No pending trade deals."
          },
          {
            "tool": "move_unit",
            "result": "CAPTURE_MOVE|57,16|from:58,16|now_at:58,16|BLOCKED (tile appears passable - path may be blocked by intermediate tiles)"
          },
          {
            "tool": "move_unit",
            "result": "Error: NO_MOVES|Unit has no movement points remaining this turn. Use skip or wait until next turn."
          },
          {
            "tool": "move_unit",
            "result": "MOVING_TO|51,21|from:50,21|now_at:50,21|BLOCKED (impassable terrain (ice or natural wonder))"
          },
          {
            "tool": "move_unit",
            "result": "Error: STACKING_CONFLICT|Friendly UNIT_BUILDER already on (49,21). Cannot stack same formation class."
          },
          {
            "tool": "move_unit",
            "result": "MOVING_TO|51,21|from:49,21|now_at:49,21|BLOCKED (impassable terrain (ice or natural wonder))"
          },
          {
            "tool": "move_unit",
            "result": "MOVING_TO|51,22|from:49,21|now_at:49,21|BLOCKED (impassable mountain)"
          },
          {
            "tool": "move_unit",
            "result": "MOVING_TO|51,22|from:49,22|now_at:49,22|BLOCKED (impassable mountain)"
          },
          {
            "tool": "move_unit",
            "result": "MOVING_TO|51,23|from:49,22|now_at:49,22|BLOCKED (impassable mountain)"
          },
          {
            "tool": "move_unit",
            "result": "MOVING_TO|50,24|from:49,24|now_at:50,24|(moved dx:+1 dy:+0)"
          },
          {
            "tool": "move_unit",
            "result": "Error: NO_MOVES|Unit has no movement points remaining this turn. Use skip or wait until next turn."
          }
        ],
        "promotion_sweep": [],
        "standing_memory": {
          "loaded": false,
          "injected": false,
          "injected_chars": 0,
          "captured_chars": 0,
          "error": ""
        },
        "task_tracker": {
          "active_before": 0,
          "pre_model_results": [],
          "active_after": 0,
          "error": ""
        },
        "channels": {
          "enabled": true,
          "acknowledgements": 0,
          "error": ""
        }
      },
      {
        "player": 3,
        "turn": 175,
        "summary": "scripted: observed + skipped unit 0",
        "actions": [
          {
            "tool": "skip_unit"
          }
        ],
        "promotion_sweep": [],
        "standing_memory": {
          "loaded": false,
          "injected": false,
          "injected_chars": 0,
          "captured_chars": 0,
          "error": ""
        },
        "task_tracker": {
          "active_before": 0,
          "pre_model_results": [],
          "active_after": 0,
          "error": ""
        },
        "channels": {
          "enabled": true,
          "acknowledgements": 0,
          "error": ""
        }
      },
      {
        "player": 1,
        "turn": 176,
        "summary": "max_steps reached",
        "actions": [
          {
            "tool": "get_overview",
            "result": "Turn 176 | Khmer (Jayavarman VII) | Score: 355 | Prince\nGold: 268 (+8/turn) | Income: 38 | Maintenance: -31 (units: 9) | Science: 52.3 | Culture: 49.7 | Faith: 1415 | Favor: 99 (+3/turn)\nResearch: Printing | Civic: Diplomatic Service\nCities: 8 | Population: 49 | Units: 15 \u2014 5 Missionary, 3 Builder, "
          },
          {
            "tool": "get_cities",
            "result": "8 cities:\n  Angkor Thom (pop 14) at (14,31) \u2014 Food 57 Prod 33 Gold 8 Sci 12 Cul 14 | Housing 19 Amenities 11 | Growth: 42/165 food (7t, +29.0/t) | Building: UNIT_MAN_AT_ARMS (4 turns) | Walls 100/100 Garrison 200/200 Def:52 Gar:KHMER_DOMREY [id:65536]\n    Districts: HOLY_SITE(13,29) CAMPUS(14,30) IN"
          },
          {
            "tool": "get_units",
            "result": "15 units:\n  Builder (UNIT_BUILDER) at (15,35) \u2014 moves 2/2 charges:3 [id:3211264, idx:0]\n    >> Can build: IMPROVEMENT_LUMBER_MILL\n  Missionary (UNIT_MISSIONARY) at (8,23) \u2014 moves 4/6 charges:3 [BUDDHISM] [id:2228225, idx:1]\n  Missionary (UNIT_MISSIONARY) at (0,32) \u2014 moves 2/4 charges:2 [BUDDHISM] [i"
          },
          {
            "tool": "set_research",
            "result": "Error: TECH_NOT_FOUND|TECH_METALLURGY"
          },
          {
            "tool": "set_research",
            "result": "RESEARCHING_GAMECORE|TECH_GUNPOWDER"
          },
          {
            "tool": "set_city_production",
            "result": "PRODUCING|UNIT_BUILDER|2 turns"
          },
          {
            "tool": "set_city_production",
            "result": "PRODUCING|UNIT_MAN_AT_ARMS|2 turns"
          },
          {
            "tool": "move_unit",
            "result": "MOVING_TO|16,36|from:15,35|now_at:16,36|(moved dx:+1 dy:+1)"
          },
          {
            "tool": "skip_unit",
            "result": "SKIPPED"
          },
          {
            "tool": "skip_unit",
            "result": "SKIPPED"
          },
          {
            "tool": "skip_unit",
            "result": "SKIPPED"
          },
          {
            "tool": "skip_unit",
            "result": "SKIPPED"
          },
          {
            "tool": "skip_unit",
            "result": "SKIPPED"
          },
          {
            "tool": "skip_unit",
            "result": "SKIPPED"
          },
          {
            "tool": "skip_unit",
            "result": "SKIPPED"
          }
        ],
        "promotion_sweep": [],
        "standing_memory": {
          "loaded": false,
          "injected": false,
          "injected_chars": 0,
          "captured_chars": 0,
          "error": ""
        },
        "task_tracker": {
          "active_before": 0,
          "pre_model_results": [],
          "active_after": 0,
          "error": ""
        },
        "channels": {
          "enabled": true,
          "acknowledgements": 0,
          "error": ""
        }
      },
      {
        "player": 2,
        "turn": 176,
        "summary": "max_steps reached",
        "actions": [
          {
            "tool": "get_overview",
            "result": "Turn 176 | Brazil (Pedro II) | Score: 342 | Prince\nGold: 436 (-1/turn) | Income: 25 | Maintenance: -26 (units: 7) | Science: 39.5 | Culture: 77.0 | Faith: 1834 | Favor: 85 (+2/turn)\nResearch: Gunpowder | Civic: Mercantilism\nCities: 5 | Population: 33 | Units: 13 \u2014 5 Builder, 3 Great Writer, 1 Archer"
          },
          {
            "tool": "get_units",
            "result": "13 units:\n  Trader (UNIT_TRADER) at (53,15) \u2014 moves 2/2 [id:589824, idx:0]\n  Builder (UNIT_BUILDER) at (50,21) \u2014 moves 2/2 charges:3 [id:2949121, idx:1]\n  Builder (UNIT_BUILDER) at (49,21) \u2014 moves 2/2 charges:3 [id:2883586, idx:2]\n    >> Can build: IMPROVEMENT_FARM\n  Li Bai (UNIT_GREAT_WRITER) at (4"
          },
          {
            "tool": "get_cities",
            "result": "5 cities:\n  Rio de Janeiro (pop 11) at (49,23) \u2014 Food 30 Prod 26 Gold 18 Sci 28 Cul 41 | Housing 12 Amenities 13 | Growth: 68/126 food (15t, +8.0/t) | Building: BUILDING_WAT (3 turns) | HP:200/200 Def:39 Gar:CROSSBOWMAN [id:65536]\n    Districts: HOLY_SITE(50,21) CAMPUS(48,25) THEATER(51,24) ENCAMPME"
          },
          {
            "tool": "get_pending_diplomacy",
            "result": "No pending diplomacy sessions."
          },
          {
            "tool": "get_pending_trades",
            "result": "No pending trade deals."
          },
          {
            "tool": "move_unit",
            "result": "CAPTURE_MOVE|59,16|from:58,16|now_at:58,16|BLOCKED (tile appears passable - path may be blocked by intermediate tiles)"
          },
          {
            "tool": "move_unit",
            "result": "MOVING_TO|59,20|from:58,20|now_at:59,20|(moved dx:+1 dy:+0)"
          },
          {
            "tool": "move_unit",
            "result": "Error: STACKING_CONFLICT|Friendly UNIT_BUILDER already on (50,21). Cannot stack same formation class."
          },
          {
            "tool": "move_unit",
            "result": "Error: STACKING_CONFLICT|Friendly UNIT_GREAT_WRITER already on (49,23). Cannot stack same formation class."
          },
          {
            "tool": "move_unit",
            "result": "MOVING_TO|50,22|from:49,21|now_at:50,22|(moved dx:+1 dy:+1)"
          },
          {
            "tool": "move_unit",
            "result": "MOVING_TO|51,22|from:49,22|now_at:49,22|BLOCKED (impassable mountain)"
          },
          {
            "tool": "move_unit",
            "result": "MOVING_TO|48,22|from:49,22|now_at:48,22|(moved dx:-1 dy:+0)"
          },
          {
            "tool": "move_unit",
            "result": "Error: NO_MOVES|Unit has no movement points remaining this turn. Use skip or wait until next turn."
          },
          {
            "tool": "skip_unit",
            "result": "SKIPPED"
          },
          {
            "tool": "move_unit",
            "result": "MOVING_TO|51,21|from:50,21|now_at:50,21|BLOCKED (impassable terrain (ice or natural wonder))"
          }
        ],
        "promotion_sweep": [],
        "standing_memory": {
          "loaded": false,
          "injected": false,
          "injected_chars": 0,
          "captured_chars": 0,
          "error": ""
        },
        "task_tracker": {
          "active_before": 0,
          "pre_model_results": [],
          "active_after": 0,
          "error": ""
        },
        "channels": {
          "enabled": true,
          "acknowledgements": 0,
          "error": ""
        }
      },
      {
        "player": 3,
        "turn": 176,
        "summary": "scripted: observed + skipped unit 0",
        "actions": [
          {
            "tool": "skip_unit"
          }
        ],
        "promotion_sweep": [],
        "standing_memory": {
          "loaded": false,
          "injected": false,
          "injected_chars": 0,
          "captured_chars": 0,
          "error": ""
        },
        "task_tracker": {
          "active_before": 0,
          "pre_model_results": [],
          "active_after": 0,
          "error": ""
        },
        "channels": {
          "enabled": true,
          "acknowledgements": 0,
          "error": ""
        }
      },
      {
        "player": 1,
        "turn": 177,
        "summary": "max_steps reached",
        "actions": [
          {
            "tool": "get_overview",
            "result": "Turn 177 | Khmer (Jayavarman VII) | Score: 356 | Prince\nGold: 276 (+8/turn) | Income: 39 | Maintenance: -31 (units: 9) | Science: 55.8 | Culture: 53.4 | Faith: 1479 | Favor: 102 (+3/turn)\nResearch: Gunpowder | Civic: Humanism\nCities: 8 | Population: 51 | Units: 15 \u2014 5 Missionary, 3 Builder, 2 Man-At"
          },
          {
            "tool": "get_cities",
            "result": "8 cities:\n  Angkor Thom (pop 14) at (14,31) \u2014 Food 57 Prod 36 Gold 9 Sci 14 Cul 16 | Housing 19 Amenities 12 | Growth: 67/165 food (4t, +29.0/t) | Building: UNIT_MAN_AT_ARMS (3 turns) | Walls 100/100 Garrison 200/200 Def:52 Gar:KHMER_DOMREY [id:65536]\n    Districts: HOLY_SITE(13,29) CAMPUS(14,30) IN"
          },
          {
            "tool": "get_units",
            "result": "15 units:\n  Builder (UNIT_BUILDER) at (16,36) \u2014 moves 2/2 charges:3 [id:3211264, idx:0]\n  Missionary (UNIT_MISSIONARY) at (8,23) \u2014 moves 6/6 charges:3 [BUDDHISM] [id:2228225, idx:1]\n  Missionary (UNIT_MISSIONARY) at (0,32) \u2014 moves 4/4 charges:2 [BUDDHISM] [id:2490370, idx:2]\n  Trader (UNIT_TRADER) a"
          },
          {
            "tool": "set_research",
            "result": "RESEARCHING_GAMECORE|TECH_PRINTING"
          },
          {
            "tool": "set_city_production",
            "result": "Error: ITEM_NOT_FOUND|MAN_AT_ARMS"
          },
          {
            "tool": "set_city_production",
            "result": "PRODUCING|UNIT_MAN_AT_ARMS|7 turns"
          },
          {
            "tool": "set_city_production",
            "result": "PRODUCING|UNIT_MAN_AT_ARMS|1 turns"
          },
          {
            "tool": "set_city_production",
            "result": "PRODUCING|UNIT_BUILDER|1 turns"
          },
          {
            "tool": "found_city",
            "result": "Error: CANNOT_FOUND|Unit cannot found cities (not a settler or no moves)\n\nNo valid settle locations within 5 tiles. Best sites on revealed map:\nTop 5 settle locations:\n  #1 (13,20): Score 246 \u2014 F:84 P:23 \u2014 no water, defense:4 | !! Loyalty: ~-2/turn (enemy pressure)\n     [L] SPICES, [L] COCOA, [L] SU"
          },
          {
            "tool": "skip_unit",
            "result": "SKIPPED"
          },
          {
            "tool": "skip_unit",
            "result": "SKIPPED"
          },
          {
            "tool": "skip_unit",
            "result": "SKIPPED"
          },
          {
            "tool": "skip_unit",
            "result": "SKIPPED"
          },
          {
            "tool": "skip_unit",
            "result": "SKIPPED"
          },
          {
            "tool": "skip_unit",
            "result": "SKIPPED"
          }
        ],
        "promotion_sweep": [],
        "standing_memory": {
          "loaded": false,
          "injected": false,
          "injected_chars": 0,
          "captured_chars": 0,
          "error": ""
        },
        "task_tracker": {
          "active_before": 0,
          "pre_model_results": [],
          "active_after": 0,
          "error": ""
        },
        "channels": {
          "enabled": true,
          "acknowledgements": 0,
          "error": ""
        }
      },
      {
        "player": 2,
        "turn": 177,
        "summary": "max_steps reached",
        "actions": [
          {
            "tool": "get_overview",
            "result": "Turn 177 | Brazil (Pedro II) | Score: 342 | Prince\nGold: 437 (+1/turn) | Income: 25 | Maintenance: -24 (units: 5) | Science: 39.5 | Culture: 77.0 | Faith: 1911 | Favor: 87 (+2/turn)\nResearch: Gunpowder | Civic: Mercantilism\nCities: 5 | Population: 33 | Units: 12 \u2014 5 Builder, 3 Great Writer, 1 Archer"
          },
          {
            "tool": "get_cities",
            "result": "5 cities:\n  Rio de Janeiro (pop 11) at (49,23) \u2014 Food 30 Prod 26 Gold 18 Sci 28 Cul 41 | Housing 12 Amenities 13 | Growth: 72/126 food (14t, +8.0/t) | Building: BUILDING_WAT (2 turns) | HP:200/200 Def:39 Gar:CROSSBOWMAN [id:65536]\n    Districts: HOLY_SITE(50,21) CAMPUS(48,25) THEATER(51,24) ENCAMPME"
          },
          {
            "tool": "get_units",
            "result": "12 units:\n  Trader (UNIT_TRADER) at (53,15) \u2014 moves 2/2 [id:589824, idx:0]\n  Builder (UNIT_BUILDER) at (50,21) \u2014 moves 2/2 charges:3 [id:2949121, idx:1]\n  Builder (UNIT_BUILDER) at (50,22) \u2014 moves 2/2 charges:3 [id:2883586, idx:2]\n  Li Bai (UNIT_GREAT_WRITER) at (48,23) \u2014 moves 4/4 [id:2818051, idx:"
          },
          {
            "tool": "get_pending_diplomacy",
            "result": "No pending diplomacy sessions."
          },
          {
            "tool": "get_pending_trades",
            "result": "No pending trade deals."
          },
          {
            "tool": "move_unit",
            "result": "MOVING_TO|49,21|from:50,21|now_at:49,21|(moved dx:-1 dy:+0)"
          },
          {
            "tool": "move_unit",
            "result": "MOVING_TO|49,22|from:50,22|now_at:49,22|(moved dx:-1 dy:+0)"
          },
          {
            "tool": "move_unit",
            "result": "Error: STACKING_CONFLICT|Friendly UNIT_GREAT_WRITER already on (48,23). Cannot stack same formation class."
          },
          {
            "tool": "move_unit",
            "result": "Error: STACKING_CONFLICT|Friendly UNIT_GREAT_WRITER already on (48,23). Cannot stack same formation class."
          },
          {
            "tool": "move_unit",
            "result": "MOVING_TO|50,23|from:50,24|now_at:50,23|(moved dx:+0 dy:-1)"
          },
          {
            "tool": "move_unit",
            "result": "MOVING_TO|49,22|from:50,21|now_at:49,22|(moved dx:-1 dy:+1)"
          },
          {
            "tool": "get_unit_promotions",
            "result": "No promotions available for UNIT_CROSSBOWMAN (id:12)."
          },
          {
            "tool": "get_unit_promotions",
            "result": "No promotions available for UNIT_SPEARMAN (id:10)."
          },
          {
            "tool": "fortify_unit",
            "result": "FORTIFIED"
          },
          {
            "tool": "fortify_unit",
            "result": "FORTIFIED"
          }
        ],
        "promotion_sweep": [],
        "standing_memory": {
          "loaded": false,
          "injected": false,
          "injected_chars": 0,
          "captured_chars": 0,
          "error": ""
        },
        "task_tracker": {
          "active_before": 0,
          "pre_model_results": [],
          "active_after": 0,
          "error": ""
        },
        "channels": {
          "enabled": true,
          "acknowledgements": 0,
          "error": ""
        }
      },
      {
        "player": 3,
        "turn": 177,
        "summary": "scripted: observed + skipped unit 0",
        "actions": [
          {
            "tool": "skip_unit"
          }
        ],
        "promotion_sweep": [],
        "standing_memory": {
          "loaded": false,
          "injected": false,
          "injected_chars": 0,
          "captured_chars": 0,
          "error": ""
        },
        "task_tracker": {
          "active_before": 0,
          "pre_model_results": [],
          "active_after": 0,
          "error": ""
        },
        "channels": {
          "enabled": true,
          "acknowledgements": 0,
          "error": ""
        }
      },
      {
        "player": 1,
        "turn": 178,
        "summary": "max_steps reached",
        "actions": [
          {
            "tool": "get_overview",
            "result": "Turn 178 | Khmer (Jayavarman VII) | Score: 362 | Prince\nGold: 284 (+5/turn) | Income: 39 | Maintenance: -34 (units: 12) | Science: 56.3 | Culture: 55.5 | Faith: 1548 | Favor: 105 (+3/turn)\nResearch: Printing | Civic: Humanism\nCities: 8 | Population: 52 | Units: 18 \u2014 5 Missionary, 4 Builder, 3 Man-At"
          },
          {
            "tool": "get_cities",
            "result": "8 cities:\n  Angkor Thom (pop 14) at (14,31) \u2014 Food 57 Prod 36 Gold 9 Sci 14 Cul 16 | Housing 19 Amenities 12 | Growth: 92/165 food (3t, +29.0/t) | Building: UNIT_MAN_AT_ARMS (2 turns) | Walls 100/100 Garrison 200/200 Def:52 Gar:KHMER_DOMREY [id:65536]\n    Districts: HOLY_SITE(13,29) CAMPUS(14,30) IN"
          },
          {
            "tool": "get_units",
            "result": "18 units:\n  Builder (UNIT_BUILDER) at (16,36) \u2014 moves 2/2 charges:3 [id:3211264, idx:0]\n  Missionary (UNIT_MISSIONARY) at (8,23) \u2014 moves 6/6 charges:3 [BUDDHISM] [id:2228225, idx:1]\n  Missionary (UNIT_MISSIONARY) at (0,32) \u2014 moves 4/4 charges:2 [BUDDHISM] [id:2490370, idx:2]\n  Trader (UNIT_TRADER) a"
          },
          {
            "tool": "set_research",
            "result": "RESEARCHING_GAMECORE|TECH_GUNPOWDER"
          },
          {
            "tool": "set_city_production",
            "result": "Error: CANNOT_PRODUCE|Granary cannot be produced in this city (already built)"
          },
          {
            "tool": "set_city_production",
            "result": "PRODUCING|UNIT_SETTLER|11 turns"
          },
          {
            "tool": "set_city_production",
            "result": "Error: CANNOT_PRODUCE|Granary cannot be produced in this city (already built)"
          },
          {
            "tool": "set_city_production",
            "result": "Error: ITEM_NOT_FOUND|Farm"
          },
          {
            "tool": "set_city_production",
            "result": "Error: CANNOT_PRODUCE|Shrine cannot be produced in this city"
          },
          {
            "tool": "set_city_production",
            "result": "Error: MISSING_COORDS|Campus is a district and requires target_x/target_y for placement. Use get_district_advisor(city_id, 'Campus') to find the best tile."
          },
          {
            "tool": "get_overview",
            "result": "Turn 178 | Khmer (Jayavarman VII) | Score: 362 | Prince\nGold: 284 (+5/turn) | Income: 39 | Maintenance: -34 (units: 12) | Science: 56.3 | Culture: 55.5 | Faith: 1548 | Favor: 105 (+3/turn)\nResearch: Gunpowder | Civic: Humanism\nCities: 8 | Population: 52 | Units: 18 \u2014 5 Missionary, 4 Builder, 3 Man-A"
          },
          {
            "tool": "set_city_production",
            "result": "PRODUCING|BUILDING_MONUMENT|8 turns"
          },
          {
            "tool": "move_unit",
            "result": "MOVING_TO|12,30|from:11,30|now_at:12,30|(moved dx:+1 dy:+0)"
          },
          {
            "tool": "move_unit",
            "result": "Error: STACKING_CONFLICT|Friendly UNIT_BUILDER already on (12,30). Cannot stack same formation class."
          },
          {
            "tool": "move_unit",
            "result": "MOVING_TO|11,29|from:11,30|now_at:11,30|BLOCKED (impassable terrain (ice or natural wonder))"
          }
        ],
        "promotion_sweep": [],
        "standing_memory": {
          "loaded": false,
          "injected": false,
          "injected_chars": 0,
          "captured_chars": 0,
          "error": ""
        },
        "task_tracker": {
          "active_before": 0,
          "pre_model_results": [],
          "active_after": 0,
          "error": ""
        },
        "channels": {
          "enabled": true,
          "acknowledgements": 0,
          "error": ""
        }
      },
      {
        "player": 2,
        "turn": 178,
        "summary": "max_steps reached",
        "actions": [
          {
            "tool": "get_overview",
            "result": "Turn 178 | Brazil (Pedro II) | Score: 342 | Prince\nGold: 438 (+1/turn) | Income: 25 | Maintenance: -24 (units: 5) | Science: 40.1 | Culture: 77.3 | Faith: 1989 | Favor: 89 (+2/turn)\nResearch: Irrigation | Civic: Mercantilism\nCities: 5 | Population: 34 | Units: 12 \u2014 5 Builder, 3 Great Writer, 1 Arche"
          },
          {
            "tool": "get_units",
            "result": "12 units:\n  Trader (UNIT_TRADER) at (53,15) \u2014 moves 2/2 [id:589824, idx:0]\n  Builder (UNIT_BUILDER) at (49,21) \u2014 moves 2/2 charges:3 [id:2949121, idx:1]\n    >> Can build: IMPROVEMENT_FARM\n  Builder (UNIT_BUILDER) at (49,22) \u2014 moves 2/2 charges:3 [id:2883586, idx:2]\n  Li Bai (UNIT_GREAT_WRITER) at (4"
          },
          {
            "tool": "get_cities",
            "result": "5 cities:\n  Rio de Janeiro (pop 11) at (49,23) \u2014 Food 31 Prod 28 Gold 18 Sci 28 Cul 41 | Housing 12 Amenities 13 | Growth: 76/126 food (12t, +9.0/t) | Building: BUILDING_WAT (1 turns) | HP:200/200 Def:39 Gar:CROSSBOWMAN [id:65536]\n    Districts: HOLY_SITE(50,21) CAMPUS(48,25) THEATER(51,24) ENCAMPME"
          },
          {
            "tool": "get_pending_diplomacy",
            "result": "No pending diplomacy sessions."
          },
          {
            "tool": "get_pending_trades",
            "result": "No pending trade deals."
          },
          {
            "tool": "move_unit",
            "result": "Error: STACKING_CONFLICT|Friendly UNIT_GREAT_WRITER already on (49,23). Cannot stack same formation class."
          },
          {
            "tool": "move_unit",
            "result": "Error: STACKING_CONFLICT|Friendly UNIT_GREAT_WRITER already on (48,23). Cannot stack same formation class."
          },
          {
            "tool": "move_unit",
            "result": "Error: STACKING_CONFLICT|Friendly UNIT_BUILDER already on (50,23). Cannot stack same formation class."
          },
          {
            "tool": "move_unit",
            "result": "MOVING_TO|50,21|from:49,21|now_at:50,21|(moved dx:+1 dy:+0)"
          },
          {
            "tool": "move_unit",
            "result": "MOVING_TO|56,14|from:56,15|now_at:56,14|(moved dx:+0 dy:-1)"
          },
          {
            "tool": "move_unit",
            "result": "MOVING_TO|49,24|from:50,23|now_at:49,24|(moved dx:-1 dy:+1)"
          },
          {
            "tool": "set_city_production",
            "result": "Error: CANNOT_PRODUCE|BUILDING_BANK cannot be produced in this city (requires DISTRICT_COMMERCIAL_HUB district)"
          },
          {
            "tool": "set_city_production",
            "result": "Error: MISSING_COORDS|DISTRICT_COMMERCIAL_HUB is a district and requires target_x/target_y for placement. Use get_district_advisor(city_id, 'DISTRICT_COMMERCIAL_HUB') to find the best tile."
          },
          {
            "tool": "set_research",
            "result": "RESEARCHING_GAMECORE|TECH_ASTRONOMY"
          },
          {
            "tool": "move_unit",
            "result": "Error: STACKING_CONFLICT|Friendly UNIT_GREAT_WRITER already on (48,25). Cannot stack same formation class."
          },
          {
            "tool": "move_unit",
            "result": "MOVING_TO|51,24|from:48,25|now_at:50,24|(moved dx:+2 dy:-1)|STOPPED_MID_PATH (moves exhausted)"
          },
          {
            "tool": "move_unit",
            "result": "MOVING_TO|51,24|from:48,23|now_at:50,23|(moved dx:+2 dy:+0)|STOPPED_MID_PATH (moves exhausted)"
          },
          {
            "tool": "move_unit",
            "result": "MOVING_TO|51,23|from:49,23|now_at:49,23|BLOCKED (impassable mountain)"
          },
          {
            "tool": "move_unit",
            "result": "Error: STACKING_CONFLICT|Friendly UNIT_SPEARMAN already on (49,22). Cannot stack same formation class."
          },
          {
            "tool": "move_unit",
            "result": "MOVING_TO|50,22|from:49,23|now_at:50,22|(moved dx:+1 dy:-1)"
          },
          {
            "tool": "move_unit",
            "result": "MOVING_TO|57,20|from:59,20|now_at:58,20|(moved dx:-1 dy:+0)|STOPPED_MID_PATH (moves exhausted)"
          },
          {
            "tool": "move_unit",
            "result": "Error: STACKING_CONFLICT|Friendly UNIT_BUILDER already on (49,24). Cannot stack same formation class."
          }
        ],
        "promotion_sweep": [],
        "standing_memory": {
          "loaded": false,
          "injected": false,
          "injected_chars": 0,
          "captured_chars": 0,
          "error": ""
        },
        "task_tracker": {
          "active_before": 0,
          "pre_model_results": [],
          "active_after": 0,
          "error": ""
        },
        "channels": {
          "enabled": true,
          "acknowledgements": 0,
          "error": ""
        }
      },
      {
        "player": 3,
        "turn": 178,
        "summary": "scripted: observed + skipped unit 0",
        "actions": [
          {
            "tool": "skip_unit"
          }
        ],
        "promotion_sweep": [],
        "standing_memory": {
          "loaded": false,
          "injected": false,
          "injected_chars": 0,
          "captured_chars": 0,
          "error": ""
        },
        "task_tracker": {
          "active_before": 0,
          "pre_model_results": [],
          "active_after": 0,
          "error": ""
        },
        "channels": {
          "enabled": true,
          "acknowledgements": 0,
          "error": ""
        }
      },
      {
        "player": 1,
        "turn": 179,
        "summary": "max_steps reached",
        "actions": [
          {
            "tool": "get_overview",
            "result": "Turn 179 | Khmer (Jayavarman VII) | Score: 370 | Prince\nGold: 289 (+2/turn) | Income: 39 | Maintenance: -37 (units: 15) | Science: 56.4 | Culture: 55.6 | Faith: 1616 | Favor: 108 (+3/turn)\nResearch: Gunpowder | Civic: Humanism\nCities: 8 | Population: 52 | Units: 19 \u2014 5 Missionary, 4 Builder, 3 Man-A"
          },
          {
            "tool": "get_cities",
            "result": "8 cities:\n  Angkor Thom (pop 14) at (14,31) \u2014 Food 57 Prod 36 Gold 9 Sci 14 Cul 16 | Housing 19 Amenities 12 | Growth: 116/165 food (2t, +29.0/t) | Building: UNIT_MAN_AT_ARMS (1 turns) | Walls 100/100 Garrison 200/200 Def:52 Gar:KHMER_DOMREY [id:65536]\n    Districts: HOLY_SITE(13,29) CAMPUS(14,30) I"
          },
          {
            "tool": "get_units",
            "result": "19 units:\n  Builder (UNIT_BUILDER) at (16,36) \u2014 moves 2/2 charges:3 [id:3211264, idx:0]\n  Missionary (UNIT_MISSIONARY) at (8,23) \u2014 moves 6/6 charges:3 [BUDDHISM] [id:2228225, idx:1]\n  Missionary (UNIT_MISSIONARY) at (0,32) \u2014 moves 4/4 charges:2 [BUDDHISM] [id:2490370, idx:2]\n  Trader (UNIT_TRADER) a"
          },
          {
            "tool": "set_research",
            "result": "Error: TECH_NOT_FOUND|TECH_MESSENGER"
          },
          {
            "tool": "set_research",
            "result": "RESEARCHING_GAMECORE|TECH_PRINTING"
          },
          {
            "tool": "set_city_production",
            "result": "PRODUCING|UNIT_SETTLER|10 turns"
          },
          {
            "tool": "set_city_production",
            "result": "PRODUCING|BUILDING_MONUMENT|7 turns"
          },
          {
            "tool": "skip_unit",
            "result": "SKIPPED"
          },
          {
            "tool": "skip_unit",
            "result": "SKIPPED"
          },
          {
            "tool": "skip_unit",
            "result": "SKIPPED"
          },
          {
            "tool": "skip_unit",
            "result": "SKIPPED"
          },
          {
            "tool": "skip_unit",
            "result": "SKIPPED"
          },
          {
            "tool": "skip_unit",
            "result": "SKIPPED"
          },
          {
            "tool": "skip_unit",
            "result": "SKIPPED"
          },
          {
            "tool": "skip_unit",
            "result": "SKIPPED"
          }
        ],
        "promotion_sweep": [],
        "standing_memory": {
          "loaded": false,
          "injected": false,
          "injected_chars": 0,
          "captured_chars": 0,
          "error": ""
        },
        "task_tracker": {
          "active_before": 0,
          "pre_model_results": [],
          "active_after": 0,
          "error": ""
        },
        "channels": {
          "enabled": true,
          "acknowledgements": 0,
          "error": ""
        }
      },
      {
        "player": 2,
        "turn": 179,
        "summary": "I've taken the following actions this turn:\n1. Moved Li Bai (Great Writer) to Rio's Theater district for a culture boost\n2. Moved other Great Writers toward Theaters in Curitiba and S\u00e3o Paulo (they ran out of moves but will continue next turn)\n3. Set Rio de Janeiro to produce a Crossbowman\n4. Fortified all three military units (Archer, Spearman, Crossbowman) for defense\n5. Sent a message to Player 1 offering further assistance regarding the skirmisher situation\n6. Skipped all remaining units\n\nI'm still in a Dark Age, 22 points short of avoiding it. My priority should be to gain enough culture/science/military points to exit the Dark Age. The Great Writers should help with culture, and the new Crossbowman will boost my military. I have builders available to repair pillaged farms in Rio next turn, which will improve my food production.\n\nLet me end this turn.",
        "actions": [
          {
            "tool": "get_overview",
            "result": "Turn 179 | Brazil (Pedro II) | Score: 346 | Prince\nGold: 444 (+6/turn) | Income: 29 | Maintenance: -23 (units: 5) | Science: 42.5 | Culture: 77.3 | Faith: 2067 | Favor: 91 (+2/turn)\nResearch: Astronomy | Civic: Mercantilism\nCities: 5 | Population: 34 | Units: 12 \u2014 5 Builder, 3 Great Writer, 1 Archer"
          },
          {
            "tool": "get_cities",
            "result": "5 cities:\n  Rio de Janeiro (pop 11) at (49,23) \u2014 Food 31 Prod 26 Gold 18 Sci 30 Cul 41 | Housing 12 Amenities 12 | Growth: 80/126 food (11t, +9.0/t) | Building: nothing | HP:200/200 Def:35 Gar:none [id:65536]\n    Districts: HOLY_SITE(50,21) CAMPUS(48,25) THEATER(51,24) ENCAMPMENT(47,23)\n    Building"
          },
          {
            "tool": "get_units",
            "result": "12 units:\n  Trader (UNIT_TRADER) at (53,15) \u2014 moves 2/2 [id:589824, idx:0]\n  Builder (UNIT_BUILDER) at (50,21) \u2014 moves 2/2 charges:3 [id:2949121, idx:1]\n  Builder (UNIT_BUILDER) at (49,22) \u2014 moves 2/2 charges:3 [id:2883586, idx:2]\n  Li Bai (UNIT_GREAT_WRITER) at (50,23) \u2014 moves 4/4 [id:2818051, idx:"
          },
          {
            "tool": "get_pending_diplomacy",
            "result": "No pending diplomacy sessions."
          },
          {
            "tool": "get_pending_trades",
            "result": "No pending trade deals."
          },
          {
            "tool": "move_unit",
            "result": "Error: STACKING_CONFLICT|Friendly UNIT_BUILDER already on (50,21). Cannot stack same formation class."
          },
          {
            "tool": "move_unit",
            "result": "Error: STACKING_CONFLICT|Friendly UNIT_BUILDER already on (49,22). Cannot stack same formation class."
          },
          {
            "tool": "move_unit",
            "result": "Error: STACKING_CONFLICT|Friendly UNIT_BUILDER already on (48,22). Cannot stack same formation class."
          },
          {
            "tool": "move_unit",
            "result": "Error: STACKING_CONFLICT|Friendly UNIT_BUILDER already on (49,24). Cannot stack same formation class."
          },
          {
            "tool": "move_unit",
            "result": "MOVING_TO|51,24|from:50,23|now_at:51,24|(moved dx:+1 dy:+1)"
          },
          {
            "tool": "move_unit",
            "result": "Error: STACKING_CONFLICT|Friendly UNIT_GREAT_WRITER already on (51,24). Cannot stack same formation class."
          },
          {
            "tool": "move_unit",
            "result": "Error: STACKING_CONFLICT|Friendly UNIT_GREAT_WRITER already on (51,24). Cannot stack same formation class."
          },
          {
            "tool": "move_unit",
            "result": "MOVING_TO|54,14|from:50,24|now_at:49,20|(moved dx:-1 dy:-4)|STOPPED_MID_PATH (moves exhausted)"
          },
          {
            "tool": "move_unit",
            "result": "MOVING_TO|55,15|from:49,23|now_at:49,19|(moved dx:+0 dy:-4)|STOPPED_MID_PATH (moves exhausted)"
          },
          {
            "tool": "set_city_production",
            "result": "PRODUCING|UNIT_CROSSBOWMAN|7 turns"
          },
          {
            "tool": "move_unit",
            "result": "MOVING_TO|52,22|from:58,20|now_at:58,20|BLOCKED (impassable terrain (ice or natural wonder))"
          },
          {
            "tool": "move_unit",
            "result": "Error: STACKING_CONFLICT|Friendly UNIT_CROSSBOWMAN already on (50,22). Cannot stack same formation class."
          },
          {
            "tool": "move_unit",
            "result": "Error: STACKING_CONFLICT|Friendly UNIT_CROSSBOWMAN already on (50,22). Cannot stack same formation class."
          },
          {
            "tool": "move_unit",
            "result": "MOVING_TO|51,22|from:49,22|now_at:49,22|BLOCKED (impassable mountain)"
          },
          {
            "tool": "move_unit",
            "result": "MOVING_TO|49,21|from:49,22|now_at:49,21|(moved dx:+0 dy:-1)"
          },
          {
            "tool": "move_unit",
            "result": "Error: CANNOT_MOVE|Unit cannot move (invalid state)"
          },
          {
            "tool": "fortify_unit",
            "result": "FORTIFIED"
          },
          {
            "tool": "fortify_unit",
            "result": "FORTIFIED"
          },
          {
            "tool": "fortify_unit",
            "result": "FORTIFIED"
          },
          {
            "tool": "skip_unit",
            "result": "SKIPPED"
          },
          {
            "tool": "skip_unit",
            "result": "SKIPPED"
          },
          {
            "tool": "skip_unit",
            "result": "SKIPPED"
          },
          {
            "tool": "skip_unit",
            "result": "SKIPPED"
          },
          {
            "tool": "skip_unit",
            "result": "SKIPPED"
          },
          {
            "tool": "skip_unit",
            "result": "SKIPPED"
          },
          {
            "tool": "skip_unit",
            "result": "SKIPPED"
          },
          {
            "tool": "skip_unit",
            "result": "SKIPPED"
          }
        ],
        "promotion_sweep": [],
        "standing_memory": {
          "loaded": false,
          "injected": false,
          "injected_chars": 0,
          "captured_chars": 0,
          "error": ""
        },
        "task_tracker": {
          "active_before": 0,
          "pre_model_results": [],
          "active_after": 0,
          "error": ""
        },
        "channels": {
          "enabled": true,
          "acknowledgements": 1,
          "error": ""
        }
      },
      {
        "player": 3,
        "turn": 179,
        "summary": "scripted: observed + skipped unit 0",
        "actions": [
          {
            "tool": "skip_unit"
          }
        ],
        "promotion_sweep": [],
        "standing_memory": {
          "loaded": false,
          "injected": false,
          "injected_chars": 0,
          "captured_chars": 0,
          "error": ""
        },
        "task_tracker": {
          "active_before": 0,
          "pre_model_results": [],
          "active_after": 0,
          "error": ""
        },
        "channels": {
          "enabled": true,
          "acknowledgements": 0,
          "error": ""
        }
      },
      {
        "player": 1,
        "turn": 180,
        "summary": "I have set my research to **Gunpowder** and updated production in **Preah Vihear** (Settler) and **Kompong Svay** (Monument). I also sent a follow-up message to Player 2 to clarify the skirmisher situation and probe their interest in military assistance.\n\n**Summary of Turn 180:**\n- **Research:** Gunpowder.\n- **Production:** Preah Vihear (Settler), Kompong Svay (Monument).\n- **Diplomacy:** Responded to Player 2 via private message regarding the skirmisher and their interest in a deal.",
        "actions": [
          {
            "tool": "get_overview",
            "result": "Turn 180 | Khmer (Jayavarman VII) | Score: 370 | Prince\nGold: 291 (-1/turn) | Income: 39 | Maintenance: -40 (units: 18) | Science: 56.4 | Culture: 55.6 | Faith: 1685 | Favor: 111 (+3/turn)\nResearch: Printing | Civic: Humanism\nCities: 8 | Population: 52 | Units: 20 \u2014 5 Missionary, 4 Man-At-Arms, 4 Bu"
          },
          {
            "tool": "get_units",
            "result": "20 units:\n  Builder (UNIT_BUILDER) at (16,36) \u2014 moves 2/2 charges:3 [id:3211264, idx:0]\n  Missionary (UNIT_MISSIONARY) at (8,23) \u2014 moves 6/6 charges:3 [BUDDHISM] [id:2228225, idx:1]\n  Missionary (UNIT_MISSIONARY) at (0,32) \u2014 moves 4/4 charges:2 [BUDDHISM] [id:2490370, idx:2]\n  Trader (UNIT_TRADER) a"
          },
          {
            "tool": "get_cities",
            "result": "8 cities:\n  Angkor Thom (pop 14) at (14,31) \u2014 Food 57 Prod 35 Gold 9 Sci 14 Cul 16 | Housing 19 Amenities 12 | Growth: 141/165 food (1t, +29.0/t) | Building: nothing | Walls 100/100 Garrison 200/200 Def:57 Gar:KHMER_DOMREY [id:65536]\n    Districts: HOLY_SITE(13,29) CAMPUS(14,30) INDUSTRIAL_ZONE(12,3"
          },
          {
            "tool": "set_research",
            "result": "RESEARCHING_GAMECORE|TECH_GUNPOWDER"
          },
          {
            "tool": "set_city_production",
            "result": "PRODUCING|UNIT_SETTLER|9 turns"
          },
          {
            "tool": "set_city_production",
            "result": "PRODUCING|BUILDING_MONUMENT|6 turns"
          }
        ],
        "promotion_sweep": [],
        "standing_memory": {
          "loaded": false,
          "injected": false,
          "injected_chars": 0,
          "captured_chars": 0,
          "error": ""
        },
        "task_tracker": {
          "active_before": 0,
          "pre_model_results": [],
          "active_after": 0,
          "error": ""
        },
        "channels": {
          "enabled": true,
          "acknowledgements": 1,
          "error": ""
        }
      },
      {
        "player": 2,
        "turn": 180,
        "summary": "Good. I've taken sensible actions for this turn:\n\n1. **Diplomacy**: Responded to Player 1's message, declining military assistance but keeping relations open for future opportunities.\n\n2. **Builder management**: Moved builders toward Rio de Janeiro's pillaged farms and S\u00e3o Paulo's unimproved resources to boost production and food yields.\n\n3. **Military**: Confirmed units are fortified for defense.\n\n4. **Research**: Continuing to research Astronomy.\n\n5. **Era Score**: Still 22 points short of avoiding Dark Age - need to focus on culture/science/fervor in coming turns.\n\nThe city production is focused on Crossbowmen for defense across Rio, Curitiba, and S\u00e3o Paulo. Builders should help repair pillaged tiles and improve resources next turn.",
        "actions": [
          {
            "tool": "get_overview",
            "result": "Turn 180 | Brazil (Pedro II) | Score: 347 | Prince\nGold: 450 (+6/turn) | Income: 29 | Maintenance: -23 (units: 5) | Science: 42.5 | Culture: 77.3 | Faith: 2148 | Favor: 93 (+2/turn)\nResearch: Astronomy | Civic: Nationalism\nCities: 5 | Population: 34 | Units: 12 \u2014 5 Builder, 3 Great Writer, 1 Archer,"
          },
          {
            "tool": "get_units",
            "result": "12 units:\n  Trader (UNIT_TRADER) at (53,15) \u2014 moves 2/2 [id:589824, idx:0]\n  Builder (UNIT_BUILDER) at (50,21) \u2014 moves 2/2 charges:3 [id:2949121, idx:1]\n  Builder (UNIT_BUILDER) at (49,22) \u2014 moves 2/2 charges:3 [id:2883586, idx:2]\n  Li Bai (UNIT_GREAT_WRITER) at (51,24) \u2014 moves 4/4 [id:2818051, idx:"
          },
          {
            "tool": "get_cities",
            "result": "5 cities:\n  Rio de Janeiro (pop 11) at (49,23) \u2014 Food 28 Prod 29 Gold 18 Sci 30 Cul 41 | Housing 12 Amenities 12 | Growth: 86/126 food (14t, +6.0/t) | Building: UNIT_CROSSBOWMAN (6 turns) | HP:200/200 Def:35 Gar:none [id:65536]\n    Districts: HOLY_SITE(50,21) CAMPUS(48,25) THEATER(51,24) ENCAMPMENT("
          },
          {
            "tool": "get_pending_diplomacy",
            "result": "No pending diplomacy sessions."
          },
          {
            "tool": "get_pending_trades",
            "result": "No pending trade deals."
          },
          {
            "tool": "move_unit",
            "result": "Error: STACKING_CONFLICT|Friendly UNIT_BUILDER already on (49,22). Cannot stack same formation class."
          },
          {
            "tool": "move_unit",
            "result": "Error: STACKING_CONFLICT|Friendly UNIT_BUILDER already on (50,21). Cannot stack same formation class."
          },
          {
            "tool": "move_unit",
            "result": "Error: STACKING_CONFLICT|Friendly UNIT_BUILDER already on (48,22). Cannot stack same formation class."
          },
          {
            "tool": "move_unit",
            "result": "MOVING_TO|50,23|from:49,24|now_at:49,23|(moved dx:+0 dy:-1)|STOPPED_MID_PATH (moves exhausted)"
          },
          {
            "tool": "move_unit",
            "result": "MOVING_TO|56,15|from:56,14|now_at:56,15|(moved dx:+0 dy:+1)"
          },
          {
            "tool": "set_research",
            "result": "RESEARCHING|TECH_ASTRONOMY"
          },
          {
            "tool": "fortify_unit",
            "result": "ALREADY_FORTIFIED|Fortify turns: 1"
          },
          {
            "tool": "fortify_unit",
            "result": "ALREADY_FORTIFIED|Fortify turns: 1"
          },
          {
            "tool": "skip_unit",
            "result": "SKIPPED"
          },
          {
            "tool": "skip_unit",
            "result": "SKIPPED"
          },
          {
            "tool": "skip_unit",
            "result": "SKIPPED"
          },
          {
            "tool": "skip_unit",
            "result": "SKIPPED"
          },
          {
            "tool": "skip_unit",
            "result": "SKIPPED"
          }
        ],
        "promotion_sweep": [],
        "standing_memory": {
          "loaded": false,
          "injected": false,
          "injected_chars": 0,
          "captured_chars": 0,
          "error": ""
        },
        "task_tracker": {
          "active_before": 0,
          "pre_model_results": [],
          "active_after": 0,
          "error": ""
        },
        "channels": {
          "enabled": true,
          "acknowledgements": 1,
          "error": ""
        }
      },
      {
        "player": 3,
        "turn": 180,
        "summary": "scripted: observed + skipped unit 0",
        "actions": [
          {
            "tool": "skip_unit"
          }
        ],
        "promotion_sweep": [],
        "standing_memory": {
          "loaded": false,
          "injected": false,
          "injected_chars": 0,
          "captured_chars": 0,
          "error": ""
        },
        "task_tracker": {
          "active_before": 0,
          "pre_model_results": [],
          "active_after": 0,
          "error": ""
        },
        "channels": {
          "enabled": true,
          "acknowledgements": 0,
          "error": ""
        }
      },
      {
        "player": 1,
        "turn": 181,
        "summary": "On turn 181, I have initiated the following actions:\n\n1.  **Research**: Set research to **Printing** to advance my science.\n2.  **City Production**: In **Preah Vihear**, I have switched production from a Settler to an **Archer** to bolster my military presence.\n3.  **Diplomacy**: I have noted the ongoing private negotiations with Player 2, though no immediate action was taken this turn as the conversation had stalled.\n\nI am monitoring my era score closely, as I am currently 23 points short of avoiding a Dark Age.",
        "actions": [
          {
            "tool": "get_overview",
            "result": "Turn 181 | Khmer (Jayavarman VII) | Score: 370 | Prince\nGold: 287 (-5/turn) | Income: 35 | Maintenance: -40 (units: 18) | Science: 55.5 | Culture: 54.7 | Faith: 1754 | Favor: 114 (+3/turn)\nResearch: Gunpowder | Civic: Humanism\nCities: 8 | Population: 53 | Units: 20 \u2014 5 Missionary, 4 Man-At-Arms, 4 B"
          },
          {
            "tool": "get_units",
            "result": "20 units:\n  Builder (UNIT_BUILDER) at (16,36) \u2014 moves 2/2 charges:3 [id:3211264, idx:0]\n  Missionary (UNIT_MISSIONARY) at (8,23) \u2014 moves 6/6 charges:3 [BUDDHISM] [id:2228225, idx:1]\n  Missionary (UNIT_MISSIONARY) at (0,32) \u2014 moves 4/4 charges:2 [BUDDHISM] [id:2490370, idx:2]\n  Trader (UNIT_TRADER) a"
          },
          {
            "tool": "set_research",
            "result": "RESEARCHING_GAMECORE|TECH_PRINTING"
          },
          {
            "tool": "get_cities",
            "result": "8 cities:\n  Angkor Thom (pop 15) at (14,31) \u2014 Food 57 Prod 33 Gold 8 Sci 13 Cul 15 | Housing 19 Amenities 13 | Growth: 1/179 food (10t, +27.0/t) | Building: BUILDING_WORKSHOP (5 turns) | Walls 100/100 Garrison 200/200 Def:57 Gar:MAN_AT_ARMS [id:65536]\n    Districts: HOLY_SITE(13,29) CAMPUS(14,30) IN"
          },
          {
            "tool": "set_city_production",
            "result": "Error: ITEM_NOT_FOUND|MAN_AT_ARMS"
          },
          {
            "tool": "set_city_production",
            "result": "Error: ITEM_NOT_FOUND|MAN_AT_ARMS"
          },
          {
            "tool": "set_city_production",
            "result": "Error: CANNOT_PRODUCE|Warrior cannot be produced in this city"
          },
          {
            "tool": "set_city_production",
            "result": "PRODUCING|UNIT_ARCHER|3 turns"
          }
        ],
        "promotion_sweep": [],
        "standing_memory": {
          "loaded": false,
          "injected": false,
          "injected_chars": 0,
          "captured_chars": 0,
          "error": ""
        },
        "task_tracker": {
          "active_before": 0,
          "pre_model_results": [],
          "active_after": 0,
          "error": ""
        },
        "channels": {
          "enabled": true,
          "acknowledgements": 0,
          "error": ""
        }
      },
      {
        "player": 2,
        "turn": 181,
        "summary": "max_steps reached",
        "actions": [
          {
            "tool": "get_overview",
            "result": "Turn 181 | Brazil (Pedro II) | Score: 350 | Prince\nGold: 455 (+3/turn) | Income: 29 | Maintenance: -26 (units: 8) | Science: 42.5 | Culture: 77.3 | Faith: 2236 | Favor: 95 (+2/turn)\nResearch: Astronomy | Civic: Nationalism\nCities: 5 | Population: 34 | Units: 13 \u2014 5 Builder, 3 Great Writer, 2 Crossbo"
          },
          {
            "tool": "get_units",
            "result": "13 units:\n  Trader (UNIT_TRADER) at (53,15) \u2014 moves 2/2 [id:589824, idx:0]\n  Builder (UNIT_BUILDER) at (50,21) \u2014 moves 2/2 charges:3 [id:2949121, idx:1]\n  Builder (UNIT_BUILDER) at (49,22) \u2014 moves 2/2 charges:3 [id:2883586, idx:2]\n  Li Bai (UNIT_GREAT_WRITER) at (51,24) \u2014 moves 4/4 [id:2818051, idx:"
          },
          {
            "tool": "get_cities",
            "result": "5 cities:\n  Rio de Janeiro (pop 11) at (49,23) \u2014 Food 28 Prod 29 Gold 18 Sci 30 Cul 41 | Housing 12 Amenities 12 | Growth: 89/126 food (13t, +6.0/t) | Building: UNIT_CROSSBOWMAN (5 turns) | HP:200/200 Def:35 Gar:none [id:65536]\n    Districts: HOLY_SITE(50,21) CAMPUS(48,25) THEATER(51,24) ENCAMPMENT("
          },
          {
            "tool": "get_pending_diplomacy",
            "result": "No pending diplomacy sessions."
          },
          {
            "tool": "get_pending_trades",
            "result": "No pending trade deals."
          },
          {
            "tool": "move_unit",
            "result": "CAPTURE_MOVE|56,13|from:56,14|now_at:56,14|BLOCKED (tile appears passable - path may be blocked by intermediate tiles)"
          },
          {
            "tool": "move_unit",
            "result": "MOVING_TO|57,13|from:56,14|now_at:57,14|(moved dx:+1 dy:+0)|STOPPED_MID_PATH (moves exhausted)"
          },
          {
            "tool": "move_unit",
            "result": "Error: STACKING_CONFLICT|Friendly UNIT_BUILDER already on (50,21). Cannot stack same formation class."
          },
          {
            "tool": "move_unit",
            "result": "MOVING_TO|48,23|from:48,22|now_at:48,23|(moved dx:+0 dy:+1)"
          },
          {
            "tool": "move_unit",
            "result": "MOVING_TO|49,24|from:49,23|now_at:49,24|(moved dx:+0 dy:+1)"
          },
          {
            "tool": "move_unit",
            "result": "CAPTURE_MOVE|56,13|from:56,15|now_at:56,15|BLOCKED (tile appears passable - path may be blocked by intermediate tiles)"
          },
          {
            "tool": "move_unit",
            "result": "Error: NO_MOVES|Unit has no movement points remaining this turn. Use skip or wait until next turn."
          },
          {
            "tool": "move_unit",
            "result": "CAPTURE_MOVE|56,13|from:50,22|now_at:49,20|(moved dx:-1 dy:-2)|STOPPED_MID_PATH (moves exhausted)"
          },
          {
            "tool": "move_unit",
            "result": "CAPTURE_MOVE|56,13|from:49,21|now_at:49,19|(moved dx:+0 dy:-2)|STOPPED_MID_PATH (moves exhausted)"
          },
          {
            "tool": "set_research",
            "result": "Error: TECH_NOT_FOUND|TECH_PRINTING_PRESS"
          },
          {
            "tool": "set_research",
            "result": "Error: ALREADY_COMPLETED|TECH_GUNPOWDER is already researched"
          },
          {
            "tool": "set_research",
            "result": "Error: TECH_NOT_FOUND|TECH_MECHANIZATION"
          },
          {
            "tool": "set_research",
            "result": "RESEARCHING_GAMECORE|TECH_STEEL"
          },
          {
            "tool": "set_city_production",
            "result": "PRODUCING|UNIT_CROSSBOWMAN|15 turns"
          },
          {
            "tool": "move_unit",
            "result": "MOVING_TO|48,22|from:48,23|now_at:48,22|(moved dx:+0 dy:-1)"
          }
        ],
        "promotion_sweep": [],
        "standing_memory": {
          "loaded": false,
          "injected": false,
          "injected_chars": 0,
          "captured_chars": 0,
          "error": ""
        },
        "task_tracker": {
          "active_before": 0,
          "pre_model_results": [],
          "active_after": 0,
          "error": ""
        },
        "channels": {
          "enabled": true,
          "acknowledgements": 0,
          "error": ""
        }
      },
      {
        "player": 3,
        "turn": 181,
        "summary": "scripted: observed + skipped unit 0",
        "actions": [
          {
            "tool": "skip_unit"
          }
        ],
        "promotion_sweep": [],
        "standing_memory": {
          "loaded": false,
          "injected": false,
          "injected_chars": 0,
          "captured_chars": 0,
          "error": ""
        },
        "task_tracker": {
          "active_before": 0,
          "pre_model_results": [],
          "active_after": 0,
          "error": ""
        },
        "channels": {
          "enabled": true,
          "acknowledgements": 0,
          "error": ""
        }
      },
      {
        "player": 1,
        "turn": 182,
        "summary": "max_steps reached",
        "actions": [
          {
            "tool": "get_overview",
            "result": "Turn 182 | Khmer (Jayavarman VII) | Score: 372 | Prince\nGold: 283 (-5/turn) | Income: 35 | Maintenance: -40 (units: 18) | Science: 53.7 | Culture: 54.7 | Faith: 1822 | Favor: 117 (+3/turn)\nResearch: Machinery | Civic: Humanism\nCities: 8 | Population: 53 | Units: 20 \u2014 5 Missionary, 4 Man-At-Arms, 4 B"
          },
          {
            "tool": "get_cities",
            "result": "8 cities:\n  Angkor Thom (pop 15) at (14,31) \u2014 Food 57 Prod 33 Gold 8 Sci 13 Cul 15 | Housing 19 Amenities 13 | Growth: 20/179 food (9t, +27.0/t) | Building: BUILDING_WORKSHOP (4 turns) | Walls 100/100 Garrison 200/200 Def:57 Gar:MAN_AT_ARMS [id:65536]\n    Districts: HOLY_SITE(13,29) CAMPUS(14,30) IN"
          },
          {
            "tool": "get_units",
            "result": "20 units:\n  Builder (UNIT_BUILDER) at (16,36) \u2014 moves 2/2 charges:3 [id:3211264, idx:0]\n  Missionary (UNIT_MISSIONARY) at (8,23) \u2014 moves 6/6 charges:3 [BUDDHISM] [id:2228225, idx:1]\n  Missionary (UNIT_MISSIONARY) at (0,32) \u2014 moves 4/4 charges:2 [BUDDHISM] [id:2490370, idx:2]\n  Trader (UNIT_TRADER) a"
          },
          {
            "tool": "set_research",
            "result": "Error: ALREADY_COMPLETED|TECH_PRINTING is already researched"
          },
          {
            "tool": "set_research",
            "result": "RESEARCHING_GAMECORE|TECH_GUNPOWDER"
          },
          {
            "tool": "set_city_production",
            "result": "PRODUCING|UNIT_ARCHER|2 turns"
          },
          {
            "tool": "set_city_production",
            "result": "PRODUCING|UNIT_ARCHER|2 turns"
          },
          {
            "tool": "set_city_production",
            "result": "PRODUCING|BUILDING_MONUMENT|4 turns"
          },
          {
            "tool": "set_city_production",
            "result": "PRODUCING|UNIT_SPY|20 turns"
          },
          {
            "tool": "skip_unit",
            "result": "SKIPPED"
          },
          {
            "tool": "skip_unit",
            "result": "SKIPPED"
          },
          {
            "tool": "skip_unit",
            "result": "SKIPPED"
          },
          {
            "tool": "skip_unit",
            "result": "SKIPPED"
          },
          {
            "tool": "skip_unit",
            "result": "SKIPPED"
          },
          {
            "tool": "skip_unit",
            "result": "SKIPPED"
          }
        ],
        "promotion_sweep": [],
        "standing_memory": {
          "loaded": false,
          "injected": false,
          "injected_chars": 0,
          "captured_chars": 0,
          "error": ""
        },
        "task_tracker": {
          "active_before": 0,
          "pre_model_results": [],
          "active_after": 0,
          "error": ""
        },
        "channels": {
          "enabled": true,
          "acknowledgements": 0,
          "error": ""
        }
      },
      {
        "player": 2,
        "turn": 182,
        "summary": "max_steps reached",
        "actions": [
          {
            "tool": "get_overview",
            "result": "Turn 182 | Brazil (Pedro II) | Score: 351 | Prince\nGold: 458 (-0/turn) | Income: 29 | Maintenance: -29 (units: 11) | Science: 42.5 | Culture: 77.3 | Faith: 2323 | Favor: 97 (+2/turn)\nResearch: Steel | Civic: Nationalism\nCities: 5 | Population: 34 | Units: 14 \u2014 5 Builder, 3 Crossbowman, 3 Great Write"
          },
          {
            "tool": "get_cities",
            "result": "5 cities:\n  Rio de Janeiro (pop 11) at (49,23) \u2014 Food 28 Prod 29 Gold 18 Sci 30 Cul 41 | Housing 12 Amenities 12 | Growth: 92/126 food (12t, +6.0/t) | Building: UNIT_CROSSBOWMAN (4 turns) | HP:200/200 Def:35 Gar:none [id:65536]\n    Districts: HOLY_SITE(50,21) CAMPUS(48,25) THEATER(51,24) ENCAMPMENT("
          },
          {
            "tool": "get_units",
            "result": "14 units:\n  Trader (UNIT_TRADER) at (53,15) \u2014 moves 2/2 [id:589824, idx:0]\n  Builder (UNIT_BUILDER) at (50,21) \u2014 moves 2/2 charges:3 [id:2949121, idx:1]\n  Builder (UNIT_BUILDER) at (49,22) \u2014 moves 2/2 charges:3 [id:2883586, idx:2]\n  Li Bai (UNIT_GREAT_WRITER) at (51,24) \u2014 moves 4/4 [id:2818051, idx:"
          },
          {
            "tool": "move_unit",
            "result": "MOVING_TO|50,22|from:50,21|now_at:50,22|(moved dx:+0 dy:+1)"
          },
          {
            "tool": "move_unit",
            "result": "MOVING_TO|51,23|from:49,22|now_at:49,22|BLOCKED (impassable mountain)"
          },
          {
            "tool": "move_unit",
            "result": "MOVING_TO|50,23|from:49,22|now_at:49,23|(moved dx:+0 dy:+1)|STOPPED_MID_PATH (moves exhausted)"
          },
          {
            "tool": "move_unit",
            "result": "Error: STACKING_CONFLICT|Friendly UNIT_BUILDER already on (49,23). Cannot stack same formation class."
          },
          {
            "tool": "move_unit",
            "result": "MOVING_TO|50,24|from:48,22|now_at:48,24|(moved dx:+0 dy:+2)|STOPPED_MID_PATH (moves exhausted)"
          },
          {
            "tool": "move_unit",
            "result": "MOVING_TO|56,14|from:57,14|now_at:56,14|(moved dx:-1 dy:+0)"
          },
          {
            "tool": "get_pending_diplomacy",
            "result": "No pending diplomacy sessions."
          },
          {
            "tool": "get_pending_trades",
            "result": "No pending trade deals."
          },
          {
            "tool": "move_unit",
            "result": "Error: STACKING_CONFLICT|Friendly UNIT_GREAT_WRITER already on (51,24). Cannot stack same formation class."
          },
          {
            "tool": "get_unit_promotions",
            "result": "No promotions available for UNIT_GREAT_WRITER (id:3)."
          },
          {
            "tool": "move_unit",
            "result": "CAPTURE_MOVE|56,13|from:56,15|now_at:56,15|BLOCKED (tile appears passable - path may be blocked by intermediate tiles)"
          },
          {
            "tool": "move_unit",
            "result": "MOVING_TO|55,14|from:56,15|now_at:55,14|(moved dx:-1 dy:-1)"
          }
        ],
        "promotion_sweep": [],
        "standing_memory": {
          "loaded": false,
          "injected": false,
          "injected_chars": 0,
          "captured_chars": 0,
          "error": ""
        },
        "task_tracker": {
          "active_before": 0,
          "pre_model_results": [],
          "active_after": 0,
          "error": ""
        },
        "channels": {
          "enabled": true,
          "acknowledgements": 0,
          "error": ""
        }
      },
      {
        "player": 3,
        "turn": 182,
        "summary": "scripted: observed + skipped unit 0",
        "actions": [
          {
            "tool": "skip_unit"
          }
        ],
        "promotion_sweep": [],
        "standing_memory": {
          "loaded": false,
          "injected": false,
          "injected_chars": 0,
          "captured_chars": 0,
          "error": ""
        },
        "task_tracker": {
          "active_before": 0,
          "pre_model_results": [],
          "active_after": 0,
          "error": ""
        },
        "channels": {
          "enabled": true,
          "acknowledgements": 0,
          "error": ""
        }
      },
      {
        "player": 1,
        "turn": 183,
        "summary": "max_steps reached",
        "actions": [
          {
            "tool": "get_overview",
            "result": "Turn 183 | Khmer (Jayavarman VII) | Score: 376 | Prince\nGold: 278 (-5/turn) | Income: 35 | Maintenance: -40 (units: 18) | Science: 53.7 | Culture: 56.8 | Faith: 1890 | Favor: 120 (+3/turn)\nResearch: Stirrups | Civic: Humanism\nCities: 8 | Population: 53 | Units: 20 \u2014 5 Missionary, 4 Man-At-Arms, 4 Bu"
          },
          {
            "tool": "get_cities",
            "result": "8 cities:\n  Angkor Thom (pop 15) at (14,31) \u2014 Food 57 Prod 33 Gold 8 Sci 13 Cul 15 | Housing 19 Amenities 13 | Growth: 39/179 food (8t, +27.0/t) | Building: UNIT_ARCHER (1 turns) | Walls 100/100 Garrison 200/200 Def:57 Gar:MAN_AT_ARMS [id:65536]\n    Districts: HOLY_SITE(13,29) CAMPUS(14,30) INDUSTRI"
          },
          {
            "tool": "get_units",
            "result": "20 units:\n  Builder (UNIT_BUILDER) at (16,36) \u2014 moves 2/2 charges:3 [id:3211264, idx:0]\n  Missionary (UNIT_MISSIONARY) at (8,23) \u2014 moves 6/6 charges:3 [BUDDHISM] [id:2228225, idx:1]\n  Missionary (UNIT_MISSIONARY) at (0,32) \u2014 moves 4/4 charges:2 [BUDDHISM] [id:2490370, idx:2]\n  Trader (UNIT_TRADER) a"
          },
          {
            "tool": "set_research",
            "result": "Error: ALREADY_COMPLETED|TECH_GUNPOWDER is already researched"
          },
          {
            "tool": "set_research",
            "result": "Error: ALREADY_COMPLETED|TECH_PRINTING is already researched"
          },
          {
            "tool": "set_research",
            "result": "Error: TECH_NOT_FOUND|TECH_PAPERMAKING"
          },
          {
            "tool": "set_research",
            "result": "Error: TECH_NOT_FOUND|TECH_METALLURGY"
          },
          {
            "tool": "set_research",
            "result": "RESEARCHING_GAMECORE|TECH_BALLISTICS"
          },
          {
            "tool": "set_city_production",
            "result": "PRODUCING|UNIT_ARCHER|1 turns"
          },
          {
            "tool": "set_city_production",
            "result": "PRODUCING|UNIT_ARCHER|1 turns"
          },
          {
            "tool": "set_city_production",
            "result": "PRODUCING|BUILDING_MONUMENT|3 turns"
          },
          {
            "tool": "skip_unit",
            "result": "SKIPPED"
          },
          {
            "tool": "skip_unit",
            "result": "SKIPPED"
          },
          {
            "tool": "skip_unit",
            "result": "SKIPPED"
          },
          {
            "tool": "skip_unit",
            "result": "SKIPPED"
          }
        ],
        "promotion_sweep": [],
        "standing_memory": {
          "loaded": false,
          "injected": false,
          "injected_chars": 0,
          "captured_chars": 0,
          "error": ""
        },
        "task_tracker": {
          "active_before": 0,
          "pre_model_results": [],
          "active_after": 0,
          "error": ""
        },
        "channels": {
          "enabled": true,
          "acknowledgements": 0,
          "error": ""
        }
      },
      {
        "player": 2,
        "turn": 183,
        "summary": "max_steps reached",
        "actions": [
          {
            "tool": "get_overview",
            "result": "Turn 183 | Brazil (Pedro II) | Score: 351 | Prince\nGold: 458 (-0/turn) | Income: 29 | Maintenance: -29 (units: 11) | Science: 42.5 | Culture: 77.3 | Faith: 2411 | Favor: 99 (+2/turn)\nResearch: Steel | Civic: Nationalism\nCities: 5 | Population: 34 | Units: 14 \u2014 5 Builder, 3 Crossbowman, 3 Great Write"
          },
          {
            "tool": "get_cities",
            "result": "5 cities:\n  Rio de Janeiro (pop 11) at (49,23) \u2014 Food 28 Prod 29 Gold 18 Sci 30 Cul 41 | Housing 12 Amenities 12 | Growth: 95/126 food (11t, +6.0/t) | Building: UNIT_CROSSBOWMAN (3 turns) | HP:200/200 Def:35 Gar:none [id:65536]\n    Districts: HOLY_SITE(50,21) CAMPUS(48,25) THEATER(51,24) ENCAMPMENT("
          },
          {
            "tool": "get_units",
            "result": "14 units:\n  Trader (UNIT_TRADER) at (53,15) \u2014 moves 2/2 [id:589824, idx:0]\n  Builder (UNIT_BUILDER) at (50,22) \u2014 moves 2/2 charges:3 [id:2949121, idx:1]\n  Builder (UNIT_BUILDER) at (49,23) \u2014 moves 2/2 charges:3 [id:2883586, idx:2]\n  Li Bai (UNIT_GREAT_WRITER) at (51,24) \u2014 moves 4/4 [id:2818051, idx:"
          },
          {
            "tool": "get_pending_diplomacy",
            "result": "No pending diplomacy sessions."
          },
          {
            "tool": "get_pending_trades",
            "result": "No pending trade deals."
          },
          {
            "tool": "move_unit",
            "result": "MOVING_TO|50,21|from:50,22|now_at:50,21|(moved dx:+0 dy:-1)"
          },
          {
            "tool": "move_unit",
            "result": "MOVING_TO|49,22|from:49,23|now_at:49,22|(moved dx:+0 dy:-1)"
          },
          {
            "tool": "move_unit",
            "result": "MOVING_TO|48,23|from:48,24|now_at:48,23|(moved dx:+0 dy:-1)"
          },
          {
            "tool": "move_unit",
            "result": "MOVING_TO|57,14|from:56,14|now_at:57,14|(moved dx:+1 dy:+0)"
          },
          {
            "tool": "move_unit",
            "result": "MOVING_TO|55,13|from:55,14|now_at:55,13|(moved dx:+0 dy:-1)"
          },
          {
            "tool": "move_unit",
            "result": "Error: NO_MOVES|Unit has no movement points remaining this turn. Use skip or wait until next turn."
          },
          {
            "tool": "set_city_production",
            "result": "Error: MISSING_COORDS|DISTRICT_ENCAMPMENT is a district and requires target_x/target_y for placement. Use get_district_advisor(city_id, 'DISTRICT_ENCAMPMENT') to find the best tile."
          },
          {
            "tool": "set_city_production",
            "result": "Error: CANNOT_PRODUCE|BUILDING_BANK cannot be produced in this city (requires DISTRICT_COMMERCIAL_HUB district)"
          },
          {
            "tool": "set_city_production",
            "result": "Error: CANNOT_START|DISTRICT_COMMERCIAL_HUB cannot start. Tried (52,14). Use get_district_advisor for details."
          },
          {
            "tool": "move_unit",
            "result": "Error: STACKING_CONFLICT|Friendly UNIT_BUILDER already on (49,24). Cannot stack same formation class."
          },
          {
            "tool": "move_unit",
            "result": "MOVING_TO|50,24|from:49,24|now_at:50,24|(moved dx:+1 dy:+0)"
          },
          {
            "tool": "move_unit",
            "result": "Error: STACKING_CONFLICT|Friendly UNIT_GREAT_WRITER already on (51,24). Cannot stack same formation class."
          },
          {
            "tool": "move_unit",
            "result": "Error: STACKING_CONFLICT|Friendly UNIT_BUILDER already on (50,24). Cannot stack same formation class."
          },
          {
            "tool": "move_unit",
            "result": "MOVING_TO|49,23|from:49,20|now_at:48,21|(moved dx:-1 dy:+1)|STOPPED_MID_PATH (moves exhausted)"
          },
          {
            "tool": "move_unit",
            "result": "MOVING_TO|50,23|from:49,19|now_at:50,22|(moved dx:+1 dy:+3)|STOPPED_MID_PATH (moves exhausted)"
          },
          {
            "tool": "move_unit",
            "result": "MOVING_TO|50,20|from:49,19|now_at:50,20|(moved dx:+1 dy:+1)"
          },
          {
            "tool": "move_unit",
            "result": "Error: STACKING_CONFLICT|Friendly UNIT_SPEARMAN already on (50,20). Cannot stack same formation class."
          }
        ],
        "promotion_sweep": [],
        "standing_memory": {
          "loaded": false,
          "injected": false,
          "injected_chars": 0,
          "captured_chars": 0,
          "error": ""
        },
        "task_tracker": {
          "active_before": 0,
          "pre_model_results": [],
          "active_after": 0,
          "error": ""
        },
        "channels": {
          "enabled": true,
          "acknowledgements": 0,
          "error": ""
        }
      },
      {
        "player": 3,
        "turn": 183,
        "summary": "scripted: observed + skipped unit 0",
        "actions": [
          {
            "tool": "skip_unit"
          }
        ],
        "promotion_sweep": [],
        "standing_memory": {
          "loaded": false,
          "injected": false,
          "injected_chars": 0,
          "captured_chars": 0,
          "error": ""
        },
        "task_tracker": {
          "active_before": 0,
          "pre_model_results": [],
          "active_after": 0,
          "error": ""
        },
        "channels": {
          "enabled": true,
          "acknowledgements": 0,
          "error": ""
        }
      },
      {
        "player": 1,
        "turn": 184,
        "summary": "max_steps reached",
        "actions": [
          {
            "tool": "get_overview",
            "result": "Turn 184 | Khmer (Jayavarman VII) | Score: 379 | Prince\nGold: 270 (-10/turn) | Income: 32 | Maintenance: -42 (units: 20) | Science: 53.7 | Culture: 56.8 | Faith: 1958 | Favor: 123 (+3/turn)\nResearch: Ballistics | Civic: Humanism\nCities: 8 | Population: 53 | Units: 22 \u2014 5 Missionary, 4 Man-At-Arms, 4"
          },
          {
            "tool": "get_units",
            "result": "22 units:\n  Builder (UNIT_BUILDER) at (16,36) \u2014 moves 2/2 charges:3 [id:3211264, idx:0]\n  Missionary (UNIT_MISSIONARY) at (8,23) \u2014 moves 6/6 charges:3 [BUDDHISM] [id:2228225, idx:1]\n  Missionary (UNIT_MISSIONARY) at (0,32) \u2014 moves 4/4 charges:2 [BUDDHISM] [id:2490370, idx:2]\n  Trader (UNIT_TRADER) a"
          },
          {
            "tool": "get_cities",
            "result": "8 cities:\n  Angkor Thom (pop 15) at (14,31) \u2014 Food 57 Prod 32 Gold 8 Sci 13 Cul 15 | Housing 19 Amenities 13 | Growth: 58/179 food (7t, +27.0/t) | Building: nothing | Walls 100/100 Garrison 200/200 Def:57 Gar:MAN_AT_ARMS [id:65536]\n    Districts: HOLY_SITE(13,29) CAMPUS(14,30) INDUSTRIAL_ZONE(12,31)"
          },
          {
            "tool": "set_research",
            "result": "Error: ALREADY_COMPLETED|TECH_GUNPOWDER is already researched"
          },
          {
            "tool": "set_research",
            "result": "Error: ALREADY_COMPLETED|TECH_PRINTING is already researched"
          },
          {
            "tool": "set_research",
            "result": "Error: TECH_NOT_FOUND|TECH_METALLURGY"
          },
          {
            "tool": "set_research",
            "result": "Error: TECH_NOT_FOUND|TECH_CIVILIZATION_AGE_RENAISSANCE"
          },
          {
            "tool": "set_research",
            "result": "RESEARCHING_GAMECORE|TECH_EDUCATION"
          },
          {
            "tool": "set_city_production",
            "result": "Error: CANNOT_PRODUCE|Granary cannot be produced in this city (already built)"
          },
          {
            "tool": "set_city_production",
            "result": "Error: CANNOT_PRODUCE|Library cannot be produced in this city (already built)"
          },
          {
            "tool": "set_city_production",
            "result": "Error: CANNOT_PRODUCE|Market cannot be produced in this city (requires DISTRICT_COMMERCIAL_HUB district)"
          },
          {
            "tool": "set_city_production",
            "result": "Error: CANNOT_PRODUCE|Monument cannot be produced in this city (already built)"
          },
          {
            "tool": "set_city_production",
            "result": "Error: CANNOT_PRODUCE|Campus cannot be produced in this city (already built)"
          },
          {
            "tool": "set_city_production",
            "result": "Error: MISSING_COORDS|Commercial Hub is a district and requires target_x/target_y for placement. Use get_district_advisor(city_id, 'Commercial Hub') to find the best tile."
          },
          {
            "tool": "set_city_production",
            "result": "Error: CANNOT_PRODUCE|Granary cannot be produced in this city (already built)"
          }
        ],
        "promotion_sweep": [],
        "standing_memory": {
          "loaded": false,
          "injected": false,
          "injected_chars": 0,
          "captured_chars": 0,
          "error": ""
        },
        "task_tracker": {
          "active_before": 0,
          "pre_model_results": [],
          "active_after": 0,
          "error": ""
        },
        "channels": {
          "enabled": true,
          "acknowledgements": 0,
          "error": ""
        }
      },
      {
        "player": 2,
        "turn": 184,
        "summary": "max_steps reached",
        "actions": [
          {
            "tool": "get_overview",
            "result": "Turn 184 | Brazil (Pedro II) | Score: 351 | Prince\nGold: 458 (-2/turn) | Income: 29 | Maintenance: -31 (units: 11) | Science: 42.5 | Culture: 81.6 | Faith: 2498 | Favor: 101 (+2/turn)\nResearch: Steel | Civic: Nationalism\nCities: 5 | Population: 34 | Units: 14 \u2014 5 Builder, 3 Crossbowman, 3 Great Writ"
          },
          {
            "tool": "get_cities",
            "result": "5 cities:\n  Rio de Janeiro (pop 11) at (49,23) \u2014 Food 28 Prod 29 Gold 18 Sci 30 Cul 41 | Housing 12 Amenities 12 | Growth: 98/126 food (10t, +6.0/t) | Building: UNIT_CROSSBOWMAN (2 turns) | HP:200/200 Def:35 Gar:none [id:65536]\n    Districts: HOLY_SITE(50,21) CAMPUS(48,25) THEATER(51,24) ENCAMPMENT("
          },
          {
            "tool": "get_cities",
            "result": "5 cities:\n  Rio de Janeiro (pop 11) at (49,23) \u2014 Food 28 Prod 29 Gold 18 Sci 30 Cul 41 | Housing 12 Amenities 12 | Growth: 98/126 food (10t, +6.0/t) | Building: UNIT_CROSSBOWMAN (2 turns) | HP:200/200 Def:35 Gar:none [id:65536]\n    Districts: HOLY_SITE(50,21) CAMPUS(48,25) THEATER(51,24) ENCAMPMENT("
          },
          {
            "tool": "get_units",
            "result": "14 units:\n  Trader (UNIT_TRADER) at (53,15) \u2014 moves 2/2 [id:589824, idx:0]\n  Builder (UNIT_BUILDER) at (50,21) \u2014 moves 2/2 charges:3 [id:2949121, idx:1]\n  Builder (UNIT_BUILDER) at (49,22) \u2014 moves 2/2 charges:3 [id:2883586, idx:2]\n  Li Bai (UNIT_GREAT_WRITER) at (51,24) \u2014 moves 4/4 [id:2818051, idx:"
          },
          {
            "tool": "get_pending_diplomacy",
            "result": "No pending diplomacy sessions."
          },
          {
            "tool": "get_pending_trades",
            "result": "No pending trade deals."
          },
          {
            "tool": "move_unit",
            "result": "CAPTURE_MOVE|58,14|from:57,14|now_at:57,14|BLOCKED (tile appears passable - path may be blocked by intermediate tiles)"
          },
          {
            "tool": "move_unit",
            "result": "CAPTURE_MOVE|58,15|from:57,14|now_at:57,15|(moved dx:+0 dy:+1)|STOPPED_MID_PATH (moves exhausted)"
          },
          {
            "tool": "move_unit",
            "result": "MOVING_TO|49,23|from:50,21|now_at:49,21|(moved dx:-1 dy:+0)|STOPPED_MID_PATH (moves exhausted)"
          },
          {
            "tool": "move_unit",
            "result": "MOVING_TO|56,14|from:55,13|now_at:56,14|(moved dx:+1 dy:+1)"
          },
          {
            "tool": "get_unit_promotions",
            "result": "No promotions available for UNIT_GREAT_WRITER (id:3)."
          },
          {
            "tool": "move_unit",
            "result": "CAPTURE_MOVE|58,15|from:58,20|now_at:58,18|(moved dx:+0 dy:-2)|STOPPED_MID_PATH (moves exhausted)"
          },
          {
            "tool": "get_unit_promotions",
            "result": "No promotions available for UNIT_CROSSBOWMAN (id:12)."
          },
          {
            "tool": "get_unit_promotions",
            "result": "No promotions available for UNIT_SPEARMAN (id:10)."
          },
          {
            "tool": "get_unit_promotions",
            "result": "No promotions available for UNIT_CROSSBOWMAN (id:13)."
          }
        ],
        "promotion_sweep": [],
        "standing_memory": {
          "loaded": false,
          "injected": false,
          "injected_chars": 0,
          "captured_chars": 0,
          "error": ""
        },
        "task_tracker": {
          "active_before": 0,
          "pre_model_results": [],
          "active_after": 0,
          "error": ""
        },
        "channels": {
          "enabled": true,
          "acknowledgements": 0,
          "error": ""
        }
      },
      {
        "player": 3,
        "turn": 184,
        "summary": "scripted: observed + skipped unit 0",
        "actions": [
          {
            "tool": "skip_unit"
          }
        ],
        "promotion_sweep": [],
        "standing_memory": {
          "loaded": false,
          "injected": false,
          "injected_chars": 0,
          "captured_chars": 0,
          "error": ""
        },
        "task_tracker": {
          "active_before": 0,
          "pre_model_results": [],
          "active_after": 0,
          "error": ""
        },
        "channels": {
          "enabled": true,
          "acknowledgements": 0,
          "error": ""
        }
      },
      {
        "player": 1,
        "turn": 185,
        "summary": "I am playing as the Khmer. On this turn, I have set my research to Ballistics to advance my military technology. In my cities, I've continued production on the Workshop in Angkor Thom, the Armory in Preah Vihear, and the Monument in Kompong Svay. My empire is currently facing a potential Dark Age, so I will be looking for ways to boost my score and civilization progress.",
        "actions": [
          {
            "tool": "get_overview",
            "result": "Turn 185 | Khmer (Jayavarman VII) | Score: 379 | Prince\nGold: 260 (-10/turn) | Income: 32 | Maintenance: -42 (units: 20) | Science: 54.2 | Culture: 57.1 | Faith: 2026 | Favor: 126 (+3/turn)\nResearch: Education | Civic: Humanism\nCities: 8 | Population: 54 | Units: 22 \u2014 5 Missionary, 4 Man-At-Arms, 4 "
          },
          {
            "tool": "get_cities",
            "result": "8 cities:\n  Angkor Thom (pop 15) at (14,31) \u2014 Food 57 Prod 33 Gold 8 Sci 13 Cul 15 | Housing 19 Amenities 13 | Growth: 77/179 food (6t, +27.0/t) | Building: BUILDING_WORKSHOP (3 turns) | Walls 100/100 Garrison 200/200 Def:47 Gar:ARCHER [id:65536]\n    Districts: HOLY_SITE(13,29) CAMPUS(14,30) INDUSTR"
          },
          {
            "tool": "get_units",
            "result": "22 units:\n  Builder (UNIT_BUILDER) at (16,36) \u2014 moves 2/2 charges:3 [id:3211264, idx:0]\n  Missionary (UNIT_MISSIONARY) at (8,23) \u2014 moves 6/6 charges:3 [BUDDHISM] [id:2228225, idx:1]\n  Missionary (UNIT_MISSIONARY) at (0,32) \u2014 moves 4/4 charges:2 [BUDDHISM] [id:2490370, idx:2]\n  Trader (UNIT_TRADER) a"
          },
          {
            "tool": "set_research",
            "result": "Error: ALREADY_COMPLETED|TECH_PRINTING is already researched"
          },
          {
            "tool": "set_research",
            "result": "Error: ALREADY_COMPLETED|TECH_GUNPOWDER is already researched"
          },
          {
            "tool": "set_research",
            "result": "Error: TECH_NOT_FOUND|TECH_NAVIGATION"
          },
          {
            "tool": "set_research",
            "result": "RESEARCHING_GAMECORE|TECH_BALLISTICS"
          },
          {
            "tool": "set_city_production",
            "result": "PRODUCING|BUILDING_WORKSHOP|3 turns"
          },
          {
            "tool": "set_city_production",
            "result": "Error: MISSING_COORDS|Armory is a district and requires target_x/target_y for placement. Use get_district_advisor(city_id, 'Armory') to find the best tile."
          },
          {
            "tool": "set_city_production",
            "result": "PRODUCING|BUILDING_MONUMENT|1 turns"
          },
          {
            "tool": "set_city_production",
            "result": "Error: ITEM_NOT_FOUND|Armory"
          },
          {
            "tool": "set_city_production",
            "result": "PRODUCING|BUILDING_ARMORY|7 turns"
          },
          {
            "tool": "set_city_production",
            "result": "Error: CANNOT_PRODUCE|Granary cannot be produced in this city (already built)"
          }
        ],
        "promotion_sweep": [],
        "standing_memory": {
          "loaded": false,
          "injected": false,
          "injected_chars": 0,
          "captured_chars": 0,
          "error": ""
        },
        "task_tracker": {
          "active_before": 0,
          "pre_model_results": [],
          "active_after": 0,
          "error": ""
        },
        "channels": {
          "enabled": true,
          "acknowledgements": 0,
          "error": ""
        }
      },
      {
        "player": 2,
        "turn": 185,
        "summary": "## Summary\n\n**Turn 185 actions:**\n- Set research to Industrialization (continuing from Steel)\n- Set Curitiba to produce a Crossbowman (9 turns)\n- Moved builders toward Rio de Janeiro to repair pillaged farm tiles\n- Moved Great Writers toward Theater districts (Li Bai already at Rio's Theater at 51,24; Murasaki and Geoffrey moved toward Curitiba and S\u00e3o Paulo theaters)\n- Moved Spearman toward center for defense\n- Skipped remaining units\n\n**Key concerns:**\n- Still 22 era score points short of avoiding Dark Age - need culture/science boosts\n- Pillaged tiles in Rio need builder repairs\n- Limited production capacity in smaller cities\n- Focus on military production for defense while managing the Dark Age risk",
        "actions": [
          {
            "tool": "get_overview",
            "result": "Turn 185 | Brazil (Pedro II) | Score: 352 | Prince\nGold: 458 (+1/turn) | Income: 29 | Maintenance: -28 (units: 8) | Science: 44.7 | Culture: 81.6 | Faith: 2592 | Favor: 103 (+2/turn)\nResearch: Steel | Civic: Nationalism\nCities: 5 | Population: 34 | Units: 13 \u2014 5 Builder, 3 Great Writer, 2 Crossbowma"
          },
          {
            "tool": "get_cities",
            "result": "5 cities:\n  Rio de Janeiro (pop 11) at (49,23) \u2014 Food 28 Prod 29 Gold 18 Sci 30 Cul 41 | Housing 12 Amenities 12 | Growth: 101/126 food (9t, +6.0/t) | Building: UNIT_CROSSBOWMAN (1 turns) | HP:200/200 Def:35 Gar:none [id:65536]\n    Districts: HOLY_SITE(50,21) CAMPUS(48,25) THEATER(51,24) ENCAMPMENT("
          },
          {
            "tool": "get_units",
            "result": "13 units:\n  Trader (UNIT_TRADER) at (53,15) \u2014 moves 2/2 [id:589824, idx:0]\n  Builder (UNIT_BUILDER) at (49,21) \u2014 moves 2/2 charges:3 [id:2949121, idx:1]\n    >> Can build: IMPROVEMENT_FARM\n  Builder (UNIT_BUILDER) at (49,22) \u2014 moves 2/2 charges:3 [id:2883586, idx:2]\n  Li Bai (UNIT_GREAT_WRITER) at (5"
          },
          {
            "tool": "get_pending_diplomacy",
            "result": "No pending diplomacy sessions."
          },
          {
            "tool": "get_pending_trades",
            "result": "No pending trade deals."
          },
          {
            "tool": "set_city_production",
            "result": "Error: MISSING_COORDS|Campus is a district and requires target_x/target_y for placement. Use get_district_advisor(city_id, 'Campus') to find the best tile."
          },
          {
            "tool": "set_city_production",
            "result": "Error: MISSING_COORDS|Encampment is a district and requires target_x/target_y for placement. Use get_district_advisor(city_id, 'Encampment') to find the best tile."
          },
          {
            "tool": "move_unit",
            "result": "MOVING_TO|50,23|from:49,21|now_at:49,23|(moved dx:+0 dy:+2)|STOPPED_MID_PATH (moves exhausted)"
          },
          {
            "tool": "move_unit",
            "result": "Error: STACKING_CONFLICT|Friendly UNIT_BUILDER already on (50,24). Cannot stack same formation class."
          },
          {
            "tool": "move_unit",
            "result": "MOVING_TO|56,13|from:56,14|now_at:56,13|(moved dx:+0 dy:-1)"
          },
          {
            "tool": "move_unit",
            "result": "Error: STACKING_CONFLICT|Friendly UNIT_GREAT_WRITER already on (51,24). Cannot stack same formation class."
          },
          {
            "tool": "move_unit",
            "result": "MOVING_TO|54,14|from:48,21|now_at:49,19|(moved dx:+1 dy:-2)|STOPPED_MID_PATH (moves exhausted)"
          },
          {
            "tool": "move_unit",
            "result": "MOVING_TO|55,15|from:50,22|now_at:50,18|(moved dx:+0 dy:-4)|STOPPED_MID_PATH (moves exhausted)"
          },
          {
            "tool": "set_city_production",
            "result": "PRODUCING|UNIT_CROSSBOWMAN|9 turns"
          },
          {
            "tool": "set_research",
            "result": "Error: TECH_NOT_FOUND|TECH_PRINTING_PRESS"
          },
          {
            "tool": "set_research",
            "result": "Error: ALREADY_COMPLETED|TECH_GUNPOWDER is already researched"
          },
          {
            "tool": "set_research",
            "result": "Error: TECH_NOT_FOUND|TECH_MECHANIZATION"
          },
          {
            "tool": "set_research",
            "result": "RESEARCHING_GAMECORE|TECH_INDUSTRIALIZATION"
          },
          {
            "tool": "move_unit",
            "result": "Error: NO_MOVES|Unit has no movement points remaining this turn. Use skip or wait until next turn."
          },
          {
            "tool": "move_unit",
            "result": "MOVING_TO|52,20|from:50,20|now_at:50,19|(moved dx:+0 dy:-1)|STOPPED_MID_PATH (moves exhausted)"
          },
          {
            "tool": "move_unit",
            "result": "Error: STACKING_CONFLICT|Friendly UNIT_BUILDER already on (49,22). Cannot stack same formation class."
          },
          {
            "tool": "move_unit",
            "result": "MOVING_TO|49,21|from:50,24|now_at:50,23|(moved dx:+0 dy:-1)|STOPPED_MID_PATH (moves exhausted)"
          },
          {
            "tool": "skip_unit",
            "result": "SKIPPED"
          },
          {
            "tool": "skip_unit",
            "result": "SKIPPED"
          },
          {
            "tool": "skip_unit",
            "result": "SKIPPED"
          },
          {
            "tool": "skip_unit",
            "result": "SKIPPED"
          },
          {
            "tool": "skip_unit",
            "result": "SKIPPED"
          },
          {
            "tool": "skip_unit",
            "result": "SKIPPED"
          },
          {
            "tool": "skip_unit",
            "result": "SKIPPED"
          },
          {
            "tool": "skip_unit",
            "result": "SKIPPED"
          },
          {
            "tool": "skip_unit",
            "result": "SKIPPED"
          },
          {
            "tool": "skip_unit",
            "result": "SKIPPED"
          },
          {
            "tool": "skip_unit",
            "result": "SKIPPED"
          },
          {
            "tool": "skip_unit",
            "result": "SKIPPED"
          },
          {
            "tool": "skip_unit",
            "result": "SKIPPED"
          }
        ],
        "promotion_sweep": [],
        "standing_memory": {
          "loaded": false,
          "injected": false,
          "injected_chars": 0,
          "captured_chars": 0,
          "error": ""
        },
        "task_tracker": {
          "active_before": 0,
          "pre_model_results": [],
          "active_after": 0,
          "error": ""
        },
        "channels": {
          "enabled": true,
          "acknowledgements": 0,
          "error": ""
        }
      },
      {
        "player": 3,
        "turn": 185,
        "summary": "scripted: observed + skipped unit 0",
        "actions": [
          {
            "tool": "skip_unit"
          }
        ],
        "promotion_sweep": [],
        "standing_memory": {
          "loaded": false,
          "injected": false,
          "injected_chars": 0,
          "captured_chars": 0,
          "error": ""
        },
        "task_tracker": {
          "active_before": 0,
          "pre_model_results": [],
          "active_after": 0,
          "error": ""
        },
        "channels": {
          "enabled": true,
          "acknowledgements": 0,
          "error": ""
        }
      },
      {
        "player": 1,
        "turn": 186,
        "summary": "max_steps reached",
        "actions": [
          {
            "tool": "get_overview",
            "result": "Turn 186 | Khmer (Jayavarman VII) | Score: 380 | Prince\nGold: 250 (-10/turn) | Income: 32 | Maintenance: -42 (units: 20) | Science: 54.2 | Culture: 59.1 | Faith: 2094 | Favor: 129 (+3/turn)\nResearch: Ballistics | Civic: Humanism\nCities: 8 | Population: 54 | Units: 22 \u2014 5 Missionary, 4 Man-At-Arms, 4"
          },
          {
            "tool": "get_cities",
            "result": "8 cities:\n  Angkor Thom (pop 15) at (14,31) \u2014 Food 57 Prod 33 Gold 8 Sci 13 Cul 15 | Housing 19 Amenities 13 | Growth: 96/179 food (5t, +27.0/t) | Building: BUILDING_WORKSHOP (2 turns) | Walls 100/100 Garrison 200/200 Def:47 Gar:ARCHER [id:65536]\n    Districts: HOLY_SITE(13,29) CAMPUS(14,30) INDUSTR"
          },
          {
            "tool": "get_units",
            "result": "22 units:\n  Builder (UNIT_BUILDER) at (16,36) \u2014 moves 2/2 charges:3 [id:3211264, idx:0]\n  Missionary (UNIT_MISSIONARY) at (8,23) \u2014 moves 6/6 charges:3 [BUDDHISM] [id:2228225, idx:1]\n  Missionary (UNIT_MISSIONARY) at (0,32) \u2014 moves 4/4 charges:2 [BUDDHISM] [id:2490370, idx:2]\n  Trader (UNIT_TRADER) a"
          },
          {
            "tool": "set_research",
            "result": "Error: ALREADY_COMPLETED|TECH_PRINTING is already researched"
          },
          {
            "tool": "set_research",
            "result": "Error: ALREADY_COMPLETED|TECH_GUNPOWDER is already researched"
          },
          {
            "tool": "set_research",
            "result": "Error: TECH_NOT_FOUND|TECH_NAVIGATION"
          },
          {
            "tool": "set_research",
            "result": "Error: TECH_NOT_FOUND|TECH_METALLURGY"
          },
          {
            "tool": "set_city_production",
            "result": "PRODUCING|BUILDING_WORKSHOP|2 turns"
          },
          {
            "tool": "set_research",
            "result": "Error: TECH_NOT_FOUND|TECH_CRITICAL_RESEARCH"
          },
          {
            "tool": "get_overview",
            "result": "Turn 186 | Khmer (Jayavarman VII) | Score: 380 | Prince\nGold: 250 (-10/turn) | Income: 32 | Maintenance: -42 (units: 20) | Science: 54.2 | Culture: 59.1 | Faith: 2094 | Favor: 129 (+3/turn)\nResearch: Ballistics | Civic: Humanism\nCities: 8 | Population: 54 | Units: 22 \u2014 5 Missionary, 4 Man-At-Arms, 4"
          },
          {
            "tool": "set_research",
            "result": "Error: TECH_NOT_FOUND|TECH_CLOCKWORK"
          },
          {
            "tool": "set_research",
            "result": "Error: TECH_NOT_FOUND|TECH_COAL_POWER"
          },
          {
            "tool": "get_overview",
            "result": "Turn 186 | Khmer (Jayavarman VII) | Score: 380 | Prince\nGold: 250 (-10/turn) | Income: 32 | Maintenance: -42 (units: 20) | Science: 54.2 | Culture: 59.1 | Faith: 2094 | Favor: 129 (+3/turn)\nResearch: Ballistics | Civic: Humanism\nCities: 8 | Population: 54 | Units: 22 \u2014 5 Missionary, 4 Man-At-Arms, 4"
          },
          {
            "tool": "set_research",
            "result": "Error: ALREADY_COMPLETED|TECH_CONSTRUCTION is already researched"
          },
          {
            "tool": "set_research",
            "result": "Error: TECH_NOT_FOUND|TECH_APACHE"
          }
        ],
        "promotion_sweep": [],
        "standing_memory": {
          "loaded": false,
          "injected": false,
          "injected_chars": 0,
          "captured_chars": 0,
          "error": ""
        },
        "task_tracker": {
          "active_before": 0,
          "pre_model_results": [],
          "active_after": 0,
          "error": ""
        },
        "channels": {
          "enabled": true,
          "acknowledgements": 0,
          "error": ""
        }
      },
      {
        "player": 2,
        "turn": 186,
        "summary": "max_steps reached",
        "actions": [
          {
            "tool": "get_overview",
            "result": "Turn 186 | Brazil (Pedro II) | Score: 353 | Prince\nGold: 459 (-2/turn) | Income: 29 | Maintenance: -31 (units: 11) | Science: 44.7 | Culture: 81.6 | Faith: 2691 | Favor: 105 (+2/turn)\nResearch: Industrialization | Civic: Nationalism\nCities: 5 | Population: 34 | Units: 13 \u2014 4 Builder, 3 Crossbowman, "
          },
          {
            "tool": "get_units",
            "result": "13 units:\n  Trader (UNIT_TRADER) at (53,15) \u2014 moves 2/2 [id:589824, idx:0]\n  Builder (UNIT_BUILDER) at (49,23) \u2014 moves 2/2 charges:3 [id:2949121, idx:1]\n  Builder (UNIT_BUILDER) at (49,22) \u2014 moves 2/2 charges:3 [id:2883586, idx:2]\n  Li Bai (UNIT_GREAT_WRITER) at (51,24) \u2014 moves 4/4 [id:2818051, idx:"
          },
          {
            "tool": "get_cities",
            "result": "5 cities:\n  Rio de Janeiro (pop 11) at (49,23) \u2014 Food 28 Prod 28 Gold 18 Sci 30 Cul 41 | Housing 12 Amenities 12 | Growth: 104/126 food (8t, +6.0/t) | Building: nothing | HP:200/200 Def:39 Gar:CROSSBOWMAN [id:65536]\n    Districts: HOLY_SITE(50,21) CAMPUS(48,25) THEATER(51,24) ENCAMPMENT(47,23)\n    B"
          },
          {
            "tool": "move_unit",
            "result": "MOVING_TO|49,21|from:49,23|now_at:49,21|(moved dx:+0 dy:-2)"
          },
          {
            "tool": "move_unit",
            "result": "Error: STACKING_CONFLICT|Friendly UNIT_BUILDER already on (49,22). Cannot stack same formation class."
          },
          {
            "tool": "move_unit",
            "result": "Error: STACKING_CONFLICT|Friendly UNIT_BUILDER already on (48,23). Cannot stack same formation class."
          },
          {
            "tool": "move_unit",
            "result": "MOVING_TO|50,24|from:50,23|now_at:50,24|(moved dx:+0 dy:+1)"
          },
          {
            "tool": "move_unit",
            "result": "Error: STACKING_CONFLICT|Friendly UNIT_GREAT_WRITER already on (51,24). Cannot stack same formation class."
          },
          {
            "tool": "move_unit",
            "result": "MOVING_TO|49,23|from:49,19|now_at:49,19|BLOCKED (tile appears passable - path may be blocked by intermediate tiles)"
          },
          {
            "tool": "move_unit",
            "result": "MOVING_TO|50,23|from:50,18|now_at:48,21|(moved dx:-2 dy:+3)|STOPPED_MID_PATH (moves exhausted)"
          },
          {
            "tool": "move_unit",
            "result": "MOVING_TO|49,23|from:51,24|now_at:49,23|(moved dx:-2 dy:-1)"
          },
          {
            "tool": "move_unit",
            "result": "MOVING_TO|52,15|from:49,19|now_at:49,19|BLOCKED (tile appears passable - path may be blocked by intermediate tiles)"
          },
          {
            "tool": "move_unit",
            "result": "Error: STACKING_CONFLICT|Friendly UNIT_GREAT_WRITER already on (49,23). Cannot stack same formation class."
          },
          {
            "tool": "move_unit",
            "result": "MOVING_TO|56,14|from:48,21|now_at:49,20|(moved dx:+1 dy:-1)|STOPPED_MID_PATH (moves exhausted)"
          },
          {
            "tool": "get_pending_diplomacy",
            "result": "No pending diplomacy sessions."
          }
        ],
        "promotion_sweep": [],
        "standing_memory": {
          "loaded": false,
          "injected": false,
          "injected_chars": 0,
          "captured_chars": 0,
          "error": ""
        },
        "task_tracker": {
          "active_before": 0,
          "pre_model_results": [],
          "active_after": 0,
          "error": ""
        },
        "channels": {
          "enabled": true,
          "acknowledgements": 0,
          "error": ""
        }
      },
      {
        "player": 3,
        "turn": 186,
        "summary": "scripted: observed + skipped unit 0",
        "actions": [
          {
            "tool": "skip_unit"
          }
        ],
        "promotion_sweep": [],
        "standing_memory": {
          "loaded": false,
          "injected": false,
          "injected_chars": 0,
          "captured_chars": 0,
          "error": ""
        },
        "task_tracker": {
          "active_before": 0,
          "pre_model_results": [],
          "active_after": 0,
          "error": ""
        },
        "channels": {
          "enabled": true,
          "acknowledgements": 0,
          "error": ""
        }
      }
    ]
  },
  "cost": {
    "by_player": {
      "1": {
        "prompt_tokens": 1353633,
        "completion_tokens": 10872,
        "usd": 0.0
      },
      "2": {
        "prompt_tokens": 1948355,
        "completion_tokens": 36805,
        "usd": 0.0
      }
    },
    "total_usd": 0.0
  }
}
