{
  "result": {
    "puppet_turns_played": 90,
    "turns_slept": 0,
    "seat0_turns_played": 0,
    "seat0_turns_failed": 0,
    "seat0_human_pending": 0,
    "log": [
      {
        "player": 1,
        "turn": 157,
        "summary": "I have begun researching **Printing** to boost my science and culture. In **Kompong Svay**, I have set production to a **Granary** to address the city's slow growth. \n\nNo unit movements or diplomatic actions were taken this turn as I am focusing on internal development and research.",
        "actions": [
          {
            "tool": "get_overview",
            "result": "Turn 157 | Khmer (Jayavarman VII) | Score: 320 | Prince\nGold: 222 (-5/turn) | Income: 21 | Maintenance: -26 (units: 6) | Science: 49.7 | Culture: 43.1 | Faith: 321 | Favor: 42 (+3/turn)\nResearch: Machinery | Civic: Medieval Faires\nCities: 7 | Population: 41 | Units: 13 \u2014 5 Missionary, 2 Man-At-Arms,"
          },
          {
            "tool": "get_cities",
            "result": "7 cities:\n  Angkor Thom (pop 11) at (14,31) \u2014 Food 52 Prod 31 Gold 9 Sci 12 Cul 14 | Housing 18 Amenities 10 | Growth: 11/126 food (5t, +30.0/t) | Building: nothing | Walls 100/100 Garrison 200/200 Def:47 Gar:none [id:65536]\n    Districts: HOLY_SITE(13,29) CAMPUS(14,30) INDUSTRIAL_ZONE(12,31) WONDER"
          },
          {
            "tool": "get_units",
            "result": "13 units:\n  Missionary (UNIT_MISSIONARY) at (8,23) \u2014 moves 4/4 charges:3 [BUDDHISM] [id:2228225, idx:1]\n  Missionary (UNIT_MISSIONARY) at (0,32) \u2014 moves 2/2 charges:2 [BUDDHISM] [id:2490370, idx:2]\n  Trader (UNIT_TRADER) at (14,31) \u2014 moves 2/2 [id:458755, idx:3]\n  Man-At-Arms (UNIT_MAN_AT_ARMS) at ("
          },
          {
            "tool": "set_research",
            "result": "RESEARCHING_GAMECORE|TECH_PRINTING"
          },
          {
            "tool": "set_city_production",
            "result": "PRODUCING|BUILDING_GRANARY|10 turns"
          }
        ],
        "promotion_sweep": [],
        "standing_memory": {
          "loaded": false,
          "injected": false,
          "injected_chars": 0,
          "captured_chars": 0,
          "error": ""
        },
        "task_tracker": {
          "active_before": 0,
          "pre_model_results": [],
          "active_after": 0,
          "error": ""
        },
        "channels": {
          "enabled": true,
          "acknowledgements": 0,
          "error": ""
        }
      },
      {
        "player": 2,
        "turn": 157,
        "summary": "max_steps reached",
        "actions": [
          {
            "tool": "get_overview",
            "result": "Turn 157 | Brazil (Pedro II) | Score: 308 | Prince\nGold: 305 (+2/turn) | Income: 24 | Maintenance: -22 (units: 6) | Science: 35.5 | Culture: 71.9 | Faith: 358 | Favor: 47 (+2/turn)\nResearch: Military Engineering | Civic: Diplomatic Service\nCities: 5 | Population: 28 | Units: 8 \u2014 2 Builder, 1 Horsema"
          },
          {
            "tool": "get_units",
            "result": "8 units:\n  Trader (UNIT_TRADER) at (53,15) \u2014 moves 2/2 [id:589824, idx:0]\n  Swordsman (UNIT_SWORDSMAN) at (59,19) \u2014 CS:35 moves 2/2 [id:1966081, idx:1]\n  Builder (UNIT_BUILDER) at (51,15) \u2014 moves 2/2 charges:3 [id:2752516, idx:4]\n    >> Can build: IMPROVEMENT_LUMBER_MILL\n  Murasaki Shikibu (UNIT_GRE"
          },
          {
            "tool": "get_cities",
            "result": "5 cities:\n  Rio de Janeiro (pop 10) at (49,23) \u2014 Food 27 Prod 26 Gold 18 Sci 26 Cul 39 | Housing 12 Amenities 12 | Growth: 95/114 food (3t, +7.0/t) | Building: DISTRICT_ENCAMPMENT (3 turns) | HP:200/200 Def:35 Gar:none [id:65536]\n    Districts: HOLY_SITE(50,21) CAMPUS(48,25) THEATER(51,24) ENCAMPMEN"
          },
          {
            "tool": "get_pending_diplomacy",
            "result": "No pending diplomacy sessions."
          },
          {
            "tool": "get_pending_trades",
            "result": "No pending trade deals."
          },
          {
            "tool": "move_unit",
            "result": "MOVING_TO|49,23|from:51,15|now_at:50,17|(moved dx:-1 dy:+2)|STOPPED_MID_PATH (moves exhausted)"
          },
          {
            "tool": "move_unit",
            "result": "MOVING_TO|52,19|from:53,16|now_at:53,17|(moved dx:+0 dy:+1)|STOPPED_MID_PATH (moves exhausted)"
          },
          {
            "tool": "move_unit",
            "result": "MOVING_TO|50,23|from:44,24|now_at:47,24|(moved dx:+3 dy:+0)|STOPPED_MID_PATH (moves exhausted)"
          },
          {
            "tool": "move_unit",
            "result": "MOVING_TO|54,20|from:59,19|now_at:58,19|(moved dx:-1 dy:+0)|STOPPED_MID_PATH (moves exhausted)"
          },
          {
            "tool": "set_city_production",
            "result": "Error: CANNOT_PRODUCE|BUILDING_BARRACKS cannot be produced in this city"
          },
          {
            "tool": "set_city_production",
            "result": "Error: MISSING_COORDS|DISTRICT_MARKET is a district and requires target_x/target_y for placement. Use get_district_advisor(city_id, 'DISTRICT_MARKET') to find the best tile."
          },
          {
            "tool": "set_city_production",
            "result": "PRODUCING|UNIT_SETTLER|8 turns"
          },
          {
            "tool": "set_city_production",
            "result": "PRODUCING|BUILDING_GRANARY|4 turns"
          },
          {
            "tool": "set_research",
            "result": "RESEARCHING_GAMECORE|TECH_GUNPOWDER"
          },
          {
            "tool": "move_unit",
            "result": "MOVING_TO|50,22|from:49,22|now_at:50,22|(moved dx:+1 dy:+0)"
          }
        ],
        "promotion_sweep": [],
        "standing_memory": {
          "loaded": false,
          "injected": false,
          "injected_chars": 0,
          "captured_chars": 0,
          "error": ""
        },
        "task_tracker": {
          "active_before": 0,
          "pre_model_results": [],
          "active_after": 0,
          "error": ""
        },
        "channels": {
          "enabled": true,
          "acknowledgements": 0,
          "error": ""
        }
      },
      {
        "player": 3,
        "turn": 157,
        "summary": "scripted: observed; skipped unit 0; channel propose_deal queued; channel propose_deal queued",
        "actions": [
          {
            "tool": "skip_unit"
          },
          {
            "tool": "channel:propose_deal",
            "result": "QUEUED channel action api:arena-channels-behavior-v4:3:157:0:5bd6f19fcf7a7dbf; canonical result appears next turn"
          },
          {
            "tool": "channel:propose_deal",
            "result": "QUEUED channel action api:arena-channels-behavior-v4:3:157:1:cf5813c7e3a19d43; canonical result appears next turn"
          }
        ],
        "promotion_sweep": [],
        "standing_memory": {
          "loaded": false,
          "injected": false,
          "injected_chars": 0,
          "captured_chars": 0,
          "error": ""
        },
        "task_tracker": {
          "active_before": 0,
          "pre_model_results": [],
          "active_after": 0,
          "error": ""
        },
        "channels": {
          "enabled": true,
          "acknowledgements": 2,
          "error": ""
        }
      },
      {
        "player": 1,
        "turn": 158,
        "summary": "I have accepted the deal from Player 3 to keep my military units 3 tiles away from their lands in exchange for 50 gold. I have also set my research to Gunpowder and ensured production is continuing in my major cities.\n\nSummary:\n- Accepted Player 3's deal (deal-000001).\n- Researched Gunpowder.\n- Maintained production in Angkor Thom (Cathedral) and Preah Vihear (Barracks).\n- Moved units slightly to prepare for upcoming needs.",
        "actions": [
          {
            "tool": "get_overview",
            "result": "Turn 158 | Khmer (Jayavarman VII) | Score: 327 | Prince\nGold: 217 (-5/turn) | Income: 21 | Maintenance: -26 (units: 6) | Science: 50.2 | Culture: 43.4 | Faith: 376 | Favor: 45 (+3/turn)\nResearch: Printing | Civic: Medieval Faires\nCities: 7 | Population: 42 | Units: 13 \u2014 5 Missionary, 2 Man-At-Arms, "
          },
          {
            "tool": "get_cities",
            "result": "7 cities:\n  Angkor Thom (pop 11) at (14,31) \u2014 Food 52 Prod 32 Gold 9 Sci 12 Cul 14 | Housing 18 Amenities 10 | Growth: 37/126 food (4t, +30.0/t) | Building: BUILDING_CATHEDRAL (5 turns) | Walls 100/100 Garrison 200/200 Def:47 Gar:none [id:65536]\n    Districts: HOLY_SITE(13,29) CAMPUS(14,30) INDUSTRI"
          },
          {
            "tool": "get_units",
            "result": "13 units:\n  Missionary (UNIT_MISSIONARY) at (8,23) \u2014 moves 4/4 charges:3 [BUDDHISM] [id:2228225, idx:1]\n  Missionary (UNIT_MISSIONARY) at (0,32) \u2014 moves 2/2 charges:2 [BUDDHISM] [id:2490370, idx:2]\n  Trader (UNIT_TRADER) at (14,31) \u2014 moves 2/2 [id:458755, idx:3]\n  Man-At-Arms (UNIT_MAN_AT_ARMS) at ("
          },
          {
            "tool": "set_research",
            "result": "RESEARCHING_GAMECORE|TECH_GUNPOWDER"
          },
          {
            "tool": "set_city_production",
            "result": "PRODUCING|BUILDING_CATHEDRAL|5 turns"
          },
          {
            "tool": "set_city_production",
            "result": "PRODUCING|BUILDING_BARRACKS|3 turns"
          },
          {
            "tool": "move_unit",
            "result": "MOVING_TO|13,29|from:14,26|now_at:14,28|(moved dx:+0 dy:+2)|STOPPED_MID_PATH (moves exhausted)"
          },
          {
            "tool": "move_unit",
            "result": "CAPTURE_MOVE|8,23|from:8,23|now_at:8,23|BLOCKED (tile appears passable - path may be blocked by intermediate tiles)"
          },
          {
            "tool": "move_unit",
            "result": "Error: STACKING_CONFLICT|Friendly UNIT_BUILDER already on (17,32). Cannot stack same formation class."
          },
          {
            "tool": "move_unit",
            "result": "MOVING_TO|18,32|from:17,32|now_at:18,32|(moved dx:+1 dy:+0)"
          }
        ],
        "promotion_sweep": [],
        "standing_memory": {
          "loaded": false,
          "injected": false,
          "injected_chars": 0,
          "captured_chars": 0,
          "error": ""
        },
        "task_tracker": {
          "active_before": 0,
          "pre_model_results": [],
          "active_after": 0,
          "error": ""
        },
        "channels": {
          "enabled": true,
          "acknowledgements": 1,
          "error": ""
        }
      },
      {
        "player": 2,
        "turn": 158,
        "summary": "max_steps reached",
        "actions": [
          {
            "tool": "get_overview",
            "result": "Turn 158 | Brazil (Pedro II) | Score: 309 | Prince\nGold: 307 (+1/turn) | Income: 24 | Maintenance: -23 (units: 6) | Science: 35.5 | Culture: 71.9 | Faith: 422 | Favor: 49 (+2/turn)\nResearch: Gunpowder | Civic: Diplomatic Service\nCities: 5 | Population: 28 | Units: 8 \u2014 2 Builder, 1 Horseman, 1 Trader"
          },
          {
            "tool": "get_units",
            "result": "8 units:\n  Trader (UNIT_TRADER) at (53,15) \u2014 moves 2/2 [id:589824, idx:0]\n  Swordsman (UNIT_SWORDSMAN) at (58,19) \u2014 CS:35 moves 2/2 [id:1966081, idx:1]\n  Builder (UNIT_BUILDER) at (50,17) \u2014 moves 2/2 charges:3 [id:2752516, idx:4]\n  Murasaki Shikibu (UNIT_GREAT_WRITER) at (54,14) \u2014 moves 4/4 [id:2686"
          },
          {
            "tool": "get_cities",
            "result": "5 cities:\n  Rio de Janeiro (pop 10) at (49,23) \u2014 Food 28 Prod 25 Gold 18 Sci 26 Cul 39 | Housing 12 Amenities 12 | Growth: 102/114 food (2t, +8.0/t) | Building: nothing | HP:200/200 Def:35 Gar:none [id:65536]\n    Districts: HOLY_SITE(50,21) CAMPUS(48,25) THEATER(51,24) ENCAMPMENT(47,23)\n    Building"
          },
          {
            "tool": "get_pending_diplomacy",
            "result": "No pending diplomacy sessions."
          },
          {
            "tool": "get_pending_trades",
            "result": "No pending trade deals."
          },
          {
            "tool": "move_unit",
            "result": "MOVING_TO|49,22|from:53,17|now_at:53,16|(moved dx:+0 dy:-1)|STOPPED_MID_PATH (moves exhausted)"
          },
          {
            "tool": "move_unit",
            "result": "MOVING_TO|49,22|from:50,17|now_at:49,19|(moved dx:-1 dy:+2)|STOPPED_MID_PATH (moves exhausted)"
          },
          {
            "tool": "move_unit",
            "result": "Error: NO_MOVES|Unit has no movement points remaining this turn. Use skip or wait until next turn."
          },
          {
            "tool": "fortify_unit",
            "result": "FORTIFIED"
          },
          {
            "tool": "fortify_unit",
            "result": "FORTIFIED"
          },
          {
            "tool": "fortify_unit",
            "result": "FORTIFIED"
          },
          {
            "tool": "move_unit",
            "result": "MOVING_TO|45,26|from:47,24|now_at:47,24|BLOCKED (impassable mountain)"
          },
          {
            "tool": "move_unit",
            "result": "MOVING_TO|44,24|from:47,24|now_at:45,24|(moved dx:-2 dy:+0)|STOPPED_MID_PATH (moves exhausted)"
          },
          {
            "tool": "move_unit",
            "result": "Error: CANNOT_MOVE|Unit cannot move (invalid state)"
          },
          {
            "tool": "skip_unit",
            "result": "SKIPPED"
          },
          {
            "tool": "set_city_production",
            "result": "Error: CANNOT_PRODUCE|Swordsman cannot be produced in this city"
          }
        ],
        "promotion_sweep": [],
        "standing_memory": {
          "loaded": false,
          "injected": false,
          "injected_chars": 0,
          "captured_chars": 0,
          "error": ""
        },
        "task_tracker": {
          "active_before": 0,
          "pre_model_results": [],
          "active_after": 0,
          "error": ""
        },
        "channels": {
          "enabled": true,
          "acknowledgements": 1,
          "error": ""
        }
      },
      {
        "player": 3,
        "turn": 158,
        "summary": "scripted: observed; skipped unit 0",
        "actions": [
          {
            "tool": "skip_unit"
          }
        ],
        "promotion_sweep": [],
        "standing_memory": {
          "loaded": false,
          "injected": false,
          "injected_chars": 0,
          "captured_chars": 0,
          "error": ""
        },
        "task_tracker": {
          "active_before": 0,
          "pre_model_results": [],
          "active_after": 0,
          "error": ""
        },
        "channels": {
          "enabled": true,
          "acknowledgements": 0,
          "error": ""
        }
      },
      {
        "player": 1,
        "turn": 159,
        "summary": "I have started researching Printing to progress towards the Renaissance. In Kompong Svay, which was experiencing very slow growth, I have set the production to a Granary to help boost its food capacity and housing. I will continue to manage my religious units and military presence according to our diplomatic commitments.",
        "actions": [
          {
            "tool": "get_overview",
            "result": "Turn 159 | Khmer (Jayavarman VII) | Score: 328 | Prince\nGold: 211 (-5/turn) | Income: 21 | Maintenance: -26 (units: 6) | Science: 50.2 | Culture: 43.4 | Faith: 432 | Favor: 48 (+3/turn)\nResearch: Gunpowder | Civic: Medieval Faires\nCities: 7 | Population: 42 | Units: 13 \u2014 5 Missionary, 2 Man-At-Arms,"
          },
          {
            "tool": "get_cities",
            "result": "7 cities:\n  Angkor Thom (pop 11) at (14,31) \u2014 Food 52 Prod 32 Gold 9 Sci 12 Cul 14 | Housing 18 Amenities 10 | Growth: 62/126 food (3t, +30.0/t) | Building: BUILDING_CATHEDRAL (4 turns) | Walls 100/100 Garrison 200/200 Def:47 Gar:none [id:65536]\n    Districts: HOLY_SITE(13,29) CAMPUS(14,30) INDUSTRI"
          },
          {
            "tool": "get_units",
            "result": "13 units:\n  Missionary (UNIT_MISSIONARY) at (8,23) \u2014 moves 4/4 charges:3 [BUDDHISM] [id:2228225, idx:1]\n  Missionary (UNIT_MISSIONARY) at (0,32) \u2014 moves 2/2 charges:2 [BUDDHISM] [id:2490370, idx:2]\n  Trader (UNIT_TRADER) at (14,31) \u2014 moves 2/2 [id:458755, idx:3]\n  Man-At-Arms (UNIT_MAN_AT_ARMS) at ("
          },
          {
            "tool": "set_research",
            "result": "RESEARCHING_GAMECORE|TECH_PRINTING"
          },
          {
            "tool": "set_city_production",
            "result": "PRODUCING|BUILDING_GRANARY|9 turns"
          }
        ],
        "promotion_sweep": [],
        "standing_memory": {
          "loaded": false,
          "injected": false,
          "injected_chars": 0,
          "captured_chars": 0,
          "error": ""
        },
        "task_tracker": {
          "active_before": 0,
          "pre_model_results": [],
          "active_after": 0,
          "error": ""
        },
        "channels": {
          "enabled": true,
          "acknowledgements": 0,
          "error": ""
        }
      },
      {
        "player": 2,
        "turn": 159,
        "summary": "max_steps reached",
        "actions": [
          {
            "tool": "get_overview",
            "result": "Turn 159 | Brazil (Pedro II) | Score: 311 | Prince\nGold: 308 (+1/turn) | Income: 24 | Maintenance: -23 (units: 6) | Science: 35.5 | Culture: 71.9 | Faith: 499 | Favor: 51 (+2/turn)\nResearch: Gunpowder | Civic: Diplomatic Service\nCities: 5 | Population: 28 | Units: 8 \u2014 2 Builder, 1 Horseman, 1 Trader"
          },
          {
            "tool": "get_cities",
            "result": "5 cities:\n  Rio de Janeiro (pop 10) at (49,23) \u2014 Food 28 Prod 26 Gold 18 Sci 26 Cul 39 | Housing 12 Amenities 12 | Growth: 110/114 food (1t, +8.0/t) | Building: BUILDING_LIBRARY (3 turns) | HP:200/200 Def:35 Gar:none [id:65536]\n    Districts: HOLY_SITE(50,21) CAMPUS(48,25) THEATER(51,24) ENCAMPMENT("
          },
          {
            "tool": "get_units",
            "result": "8 units:\n  Trader (UNIT_TRADER) at (53,15) \u2014 moves 2/2 [id:589824, idx:0]\n  Swordsman (UNIT_SWORDSMAN) at (58,19) \u2014 CS:35 moves 2/2 [id:1966081, idx:1]\n  Builder (UNIT_BUILDER) at (49,19) \u2014 moves 2/2 charges:3 [id:2752516, idx:4]\n  Murasaki Shikibu (UNIT_GREAT_WRITER) at (54,14) \u2014 moves 4/4 [id:2686"
          },
          {
            "tool": "get_pending_diplomacy",
            "result": "No pending diplomacy sessions."
          },
          {
            "tool": "get_pending_trades",
            "result": "No pending trade deals."
          },
          {
            "tool": "get_unit_promotions",
            "result": "No promotions available for UNIT_SWORDSMAN (id:1)."
          },
          {
            "tool": "get_unit_promotions",
            "result": "No promotions available for UNIT_HORSEMAN (id:9)."
          },
          {
            "tool": "move_unit",
            "result": "MOVING_TO|49,23|from:49,19|now_at:48,21|(moved dx:-1 dy:+2)|STOPPED_MID_PATH (moves exhausted)"
          },
          {
            "tool": "move_unit",
            "result": "Error: NO_MOVES|Unit has no movement points remaining this turn. Use skip or wait until next turn."
          },
          {
            "tool": "move_unit",
            "result": "MOVING_TO|49,23|from:45,24|now_at:48,24|(moved dx:+3 dy:+0)|STOPPED_MID_PATH (moves exhausted)"
          },
          {
            "tool": "move_unit",
            "result": "Error: NO_MOVES|Unit has no movement points remaining this turn. Use skip or wait until next turn."
          },
          {
            "tool": "move_unit",
            "result": "MOVING_TO|52,19|from:58,19|now_at:57,19|(moved dx:-1 dy:+0)|STOPPED_MID_PATH (moves exhausted)"
          },
          {
            "tool": "set_city_production",
            "result": "PRODUCING|BUILDING_GRANARY|3 turns"
          },
          {
            "tool": "set_city_production",
            "result": "Error: MISSING_COORDS|Encampment is a district and requires target_x/target_y for placement. Use get_district_advisor(city_id, 'Encampment') to find the best tile."
          },
          {
            "tool": "set_city_production",
            "result": "PRODUCING|UNIT_CROSSBOWMAN|7 turns"
          },
          {
            "tool": "skip_unit",
            "result": "SKIPPED"
          },
          {
            "tool": "skip_unit",
            "result": "SKIPPED"
          },
          {
            "tool": "skip_unit",
            "result": "SKIPPED"
          },
          {
            "tool": "skip_unit",
            "result": "SKIPPED"
          },
          {
            "tool": "skip_unit",
            "result": "SKIPPED"
          }
        ],
        "promotion_sweep": [],
        "standing_memory": {
          "loaded": false,
          "injected": false,
          "injected_chars": 0,
          "captured_chars": 0,
          "error": ""
        },
        "task_tracker": {
          "active_before": 0,
          "pre_model_results": [],
          "active_after": 0,
          "error": ""
        },
        "channels": {
          "enabled": true,
          "acknowledgements": 0,
          "error": ""
        }
      },
      {
        "player": 3,
        "turn": 159,
        "summary": "scripted: observed; skipped unit 0",
        "actions": [
          {
            "tool": "skip_unit"
          }
        ],
        "promotion_sweep": [],
        "standing_memory": {
          "loaded": false,
          "injected": false,
          "injected_chars": 0,
          "captured_chars": 0,
          "error": ""
        },
        "task_tracker": {
          "active_before": 0,
          "pre_model_results": [],
          "active_after": 0,
          "error": ""
        },
        "channels": {
          "enabled": true,
          "acknowledgements": 0,
          "error": ""
        }
      },
      {
        "player": 1,
        "turn": 160,
        "summary": "max_steps reached",
        "actions": [
          {
            "tool": "get_overview",
            "result": "Turn 160 | Khmer (Jayavarman VII) | Score: 328 | Prince\nGold: 206 (-5/turn) | Income: 21 | Maintenance: -26 (units: 6) | Science: 50.2 | Culture: 43.4 | Faith: 488 | Favor: 51 (+3/turn)\nResearch: Printing | Civic: Medieval Faires\nCities: 7 | Population: 42 | Units: 13 \u2014 5 Missionary, 2 Man-At-Arms, "
          },
          {
            "tool": "get_cities",
            "result": "7 cities:\n  Angkor Thom (pop 11) at (14,31) \u2014 Food 52 Prod 32 Gold 9 Sci 12 Cul 14 | Housing 18 Amenities 10 | Growth: 88/126 food (2t, +30.0/t) | Building: BUILDING_CATHEDRAL (3 turns) | Walls 100/100 Garrison 200/200 Def:47 Gar:none [id:65536]\n    Districts: HOLY_SITE(13,29) CAMPUS(14,30) INDUSTRI"
          },
          {
            "tool": "get_units",
            "result": "13 units:\n  Missionary (UNIT_MISSIONARY) at (8,23) \u2014 moves 4/4 charges:3 [BUDDHISM] [id:2228225, idx:1]\n  Missionary (UNIT_MISSIONARY) at (0,32) \u2014 moves 2/2 charges:2 [BUDDHISM] [id:2490370, idx:2]\n  Trader (UNIT_TRADER) at (14,31) \u2014 moves 2/2 [id:458755, idx:3]\n  Man-At-Arms (UNIT_MAN_AT_ARMS) at ("
          },
          {
            "tool": "set_research",
            "result": "RESEARCHING_GAMECORE|TECH_GUNPOWDER"
          },
          {
            "tool": "set_city_production",
            "result": "Error: CANNOT_PRODUCE|Granary cannot be produced in this city (already built)"
          },
          {
            "tool": "set_city_production",
            "result": "PRODUCING|BUILDING_GRANARY|8 turns"
          },
          {
            "tool": "set_city_production",
            "result": "Error: CITY_NOT_FOUND"
          },
          {
            "tool": "set_city_production",
            "result": "Error: CITY_NOT_FOUND"
          },
          {
            "tool": "get_cities",
            "result": "7 cities:\n  Angkor Thom (pop 11) at (14,31) \u2014 Food 52 Prod 32 Gold 9 Sci 12 Cul 14 | Housing 18 Amenities 10 | Growth: 88/126 food (2t, +30.0/t) | Building: BUILDING_CATHEDRAL (3 turns) | Walls 100/100 Garrison 200/200 Def:47 Gar:none [id:65536]\n    Districts: HOLY_SITE(13,29) CAMPUS(14,30) INDUSTRI"
          },
          {
            "tool": "set_city_production",
            "result": "Error: CANNOT_PRODUCE|Library cannot be produced in this city (already built)"
          },
          {
            "tool": "set_city_production",
            "result": "Error: CITY_NOT_FOUND"
          },
          {
            "tool": "set_city_production",
            "result": "Error: CITY_NOT_FOUND"
          },
          {
            "tool": "set_city_production",
            "result": "Error: CITY_NOT_FOUND"
          },
          {
            "tool": "set_city_production",
            "result": "Error: MISSING_COORDS|Campus is a district and requires target_x/target_y for placement. Use get_district_advisor(city_id, 'Campus') to find the best tile."
          },
          {
            "tool": "set_city_production",
            "result": "Error: CITY_NOT_FOUND"
          }
        ],
        "promotion_sweep": [],
        "standing_memory": {
          "loaded": false,
          "injected": false,
          "injected_chars": 0,
          "captured_chars": 0,
          "error": ""
        },
        "task_tracker": {
          "active_before": 0,
          "pre_model_results": [],
          "active_after": 0,
          "error": ""
        },
        "channels": {
          "enabled": true,
          "acknowledgements": 0,
          "error": ""
        }
      },
      {
        "player": 2,
        "turn": 160,
        "summary": "max_steps reached",
        "actions": [
          {
            "tool": "get_overview",
            "result": "Turn 160 | Brazil (Pedro II) | Score: 311 | Prince\nGold: 309 (+1/turn) | Income: 24 | Maintenance: -23 (units: 6) | Science: 37.4 | Culture: 73.5 | Faith: 577 | Favor: 53 (+2/turn)\nResearch: Gunpowder | Civic: Diplomatic Service\nCities: 5 | Population: 29 | Units: 8 \u2014 2 Builder, 1 Horseman, 1 Trader"
          },
          {
            "tool": "get_units",
            "result": "8 units:\n  Trader (UNIT_TRADER) at (53,15) \u2014 moves 2/2 [id:589824, idx:0]\n  Swordsman (UNIT_SWORDSMAN) at (57,19) \u2014 CS:35 moves 2/2 [id:1966081, idx:1]\n  Builder (UNIT_BUILDER) at (48,21) \u2014 moves 2/2 charges:3 [id:2752516, idx:4]\n  Murasaki Shikibu (UNIT_GREAT_WRITER) at (54,14) \u2014 moves 4/4 [id:2686"
          },
          {
            "tool": "get_cities",
            "result": "5 cities:\n  Rio de Janeiro (pop 11) at (49,23) \u2014 Food 30 Prod 25 Gold 18 Sci 28 Cul 41 | Housing 12 Amenities 13 | Growth: 4/126 food (31t, +8.0/t) | Building: nothing | HP:200/200 Def:35 Gar:none [id:65536]\n    !! SLOW GROWTH: 31 turns to next pop \u2014 needs farm, granary, or trade route\n    Districts"
          },
          {
            "tool": "get_cities",
            "result": "5 cities:\n  Rio de Janeiro (pop 11) at (49,23) \u2014 Food 30 Prod 25 Gold 18 Sci 28 Cul 41 | Housing 12 Amenities 13 | Growth: 4/126 food (31t, +8.0/t) | Building: nothing | HP:200/200 Def:35 Gar:none [id:65536]\n    !! SLOW GROWTH: 31 turns to next pop \u2014 needs farm, granary, or trade route\n    Districts"
          },
          {
            "tool": "get_pending_diplomacy",
            "result": "No pending diplomacy sessions."
          },
          {
            "tool": "get_pending_trades",
            "result": "No pending trade deals."
          },
          {
            "tool": "move_unit",
            "result": "MOVING_TO|50,22|from:48,21|now_at:49,21|(moved dx:+1 dy:+0)|STOPPED_MID_PATH (moves exhausted)"
          },
          {
            "tool": "move_unit",
            "result": "MOVING_TO|53,15|from:53,16|now_at:53,15|(moved dx:+0 dy:-1)"
          },
          {
            "tool": "move_unit",
            "result": "MOVING_TO|50,22|from:49,21|now_at:49,21|BLOCKED (tile appears passable - path may be blocked by intermediate tiles)"
          },
          {
            "tool": "move_unit",
            "result": "MOVING_TO|49,22|from:49,21|now_at:49,22|(moved dx:+0 dy:+1)"
          },
          {
            "tool": "move_unit",
            "result": "Error: NO_MOVES|Unit has no movement points remaining this turn. Use skip or wait until next turn."
          },
          {
            "tool": "skip_unit",
            "result": "SKIPPED"
          },
          {
            "tool": "set_city_production",
            "result": "Error: CANNOT_PRODUCE|MARKET cannot be produced in this city (requires DISTRICT_COMMERCIAL_HUB district)"
          },
          {
            "tool": "set_city_production",
            "result": "Error: CANNOT_PRODUCE|MUSKETMAN cannot be produced in this city"
          },
          {
            "tool": "set_city_production",
            "result": "PRODUCING|UNIT_BUILDER|4 turns"
          },
          {
            "tool": "get_unit_promotions",
            "result": "No promotions available for UNIT_SWORDSMAN (id:1)."
          },
          {
            "tool": "get_unit_promotions",
            "result": "No promotions available for UNIT_HORSEMAN (id:9)."
          },
          {
            "tool": "get_unit_promotions",
            "result": "No promotions available for UNIT_ARCHER (id:7)."
          },
          {
            "tool": "move_unit",
            "result": "Error: STACKING_CONFLICT|Friendly UNIT_GREAT_WRITER already on (54,14). Cannot stack same formation class."
          },
          {
            "tool": "move_unit",
            "result": "MOVING_TO|56,14|from:54,14|now_at:56,14|(moved dx:+2 dy:+0)"
          },
          {
            "tool": "skip_unit",
            "result": "SKIPPED"
          },
          {
            "tool": "skip_unit",
            "result": "SKIPPED"
          },
          {
            "tool": "skip_unit",
            "result": "SKIPPED"
          },
          {
            "tool": "skip_unit",
            "result": "SKIPPED"
          },
          {
            "tool": "skip_unit",
            "result": "SKIPPED"
          },
          {
            "tool": "skip_unit",
            "result": "SKIPPED"
          },
          {
            "tool": "get_overview",
            "result": "Turn 160 | Brazil (Pedro II) | Score: 311 | Prince\nGold: 309 (+1/turn) | Income: 24 | Maintenance: -23 (units: 6) | Science: 37.4 | Culture: 73.5 | Faith: 577 | Favor: 53 (+2/turn)\nResearch: Gunpowder | Civic: Diplomatic Service\nCities: 5 | Population: 29 | Units: 8 \u2014 2 Builder, 1 Horseman, 1 Trader"
          }
        ],
        "promotion_sweep": [],
        "standing_memory": {
          "loaded": false,
          "injected": false,
          "injected_chars": 0,
          "captured_chars": 0,
          "error": ""
        },
        "task_tracker": {
          "active_before": 0,
          "pre_model_results": [],
          "active_after": 0,
          "error": ""
        },
        "channels": {
          "enabled": true,
          "acknowledgements": 0,
          "error": ""
        }
      },
      {
        "player": 3,
        "turn": 160,
        "summary": "scripted: observed; skipped unit 0",
        "actions": [
          {
            "tool": "skip_unit"
          }
        ],
        "promotion_sweep": [],
        "standing_memory": {
          "loaded": false,
          "injected": false,
          "injected_chars": 0,
          "captured_chars": 0,
          "error": ""
        },
        "task_tracker": {
          "active_before": 0,
          "pre_model_results": [],
          "active_after": 0,
          "error": ""
        },
        "channels": {
          "enabled": true,
          "acknowledgements": 0,
          "error": ""
        }
      },
      {
        "player": 1,
        "turn": 161,
        "summary": "max_steps reached",
        "actions": [
          {
            "tool": "get_overview",
            "result": "Turn 161 | Khmer (Jayavarman VII) | Score: 328 | Prince\nGold: 201 (-6/turn) | Income: 21 | Maintenance: -27 (units: 6) | Science: 50.2 | Culture: 43.4 | Faith: 543 | Favor: 54 (+3/turn)\nResearch: Gunpowder | Civic: Medieval Faires\nCities: 7 | Population: 42 | Units: 14 \u2014 5 Missionary, 2 Builder, 2 M"
          },
          {
            "tool": "get_cities",
            "result": "7 cities:\n  Angkor Thom (pop 11) at (14,31) \u2014 Food 52 Prod 32 Gold 9 Sci 12 Cul 14 | Housing 18 Amenities 10 | Growth: 113/126 food (1t, +30.0/t) | Building: BUILDING_CATHEDRAL (2 turns) | Walls 100/100 Garrison 200/200 Def:47 Gar:none [id:65536]\n    Districts: HOLY_SITE(13,29) CAMPUS(14,30) INDUSTR"
          },
          {
            "tool": "get_units",
            "result": "14 units:\n  Builder (UNIT_BUILDER) at (14,35) \u2014 moves 2/2 charges:3 [id:3211264, idx:0]\n  Missionary (UNIT_MISSIONARY) at (8,23) \u2014 moves 4/4 charges:3 [BUDDHISM] [id:2228225, idx:1]\n  Missionary (UNIT_MISSIONARY) at (0,32) \u2014 moves 2/2 charges:2 [BUDDHISM] [id:2490370, idx:2]\n  Trader (UNIT_TRADER) a"
          },
          {
            "tool": "set_research",
            "result": "RESEARCHING_GAMECORE|TECH_PRINTING"
          },
          {
            "tool": "set_city_production",
            "result": "Error: ITEM_NOT_FOUND|MAN_AT_ARMS"
          },
          {
            "tool": "set_city_production",
            "result": "PRODUCING|UNIT_MAN_AT_ARMS|6 turns"
          },
          {
            "tool": "set_city_production",
            "result": "Error: CANNOT_PRODUCE|Granary cannot be produced in this city (already built)"
          },
          {
            "tool": "set_city_production",
            "result": "Error: CANNOT_PRODUCE|Library cannot be produced in this city (already built)"
          },
          {
            "tool": "set_city_production",
            "result": "Error: CANNOT_PRODUCE|Market cannot be produced in this city (requires DISTRICT_COMMERCIAL_HUB district)"
          },
          {
            "tool": "set_city_production",
            "result": "PRODUCING|UNIT_SCOUT|1 turns"
          },
          {
            "tool": "skip_unit",
            "result": "SKIPPED"
          },
          {
            "tool": "skip_unit",
            "result": "SKIPPED"
          },
          {
            "tool": "skip_unit",
            "result": "SKIPPED"
          }
        ],
        "promotion_sweep": [],
        "standing_memory": {
          "loaded": false,
          "injected": false,
          "injected_chars": 0,
          "captured_chars": 0,
          "error": ""
        },
        "task_tracker": {
          "active_before": 0,
          "pre_model_results": [],
          "active_after": 0,
          "error": ""
        },
        "channels": {
          "enabled": true,
          "acknowledgements": 1,
          "error": ""
        }
      },
      {
        "player": 2,
        "turn": 161,
        "summary": "Good. I'm continuing to research Gunpowder. Let me summarize my actions this turn:\n\n1. Moved Builder toward Rio's pillaged farms (stopped mid-path)\n2. Skipped Trader, Builder, Great Writer, and second Builder (couldn't use them productively this turn)\n3. Fortified all 4 military units (Swordsman, Archer, Horseman, Spearman) to comply with the deal to keep units away from Player 3's lands\n4. Confirmed S\u00e3o Paulo is producing a Settler\n5. Set research to Gunpowder\n\nThe deal with Player 3 (deal-000002) requires me to keep military units 3 tiles away from their lands until turn 163. My units are fortified, which should keep them in place. I'll receive 50 gold payment once the favor period ends.\n\n**Summary:** Fortified all military units to comply with the keep-away deal with Player 3, moved builder toward damaged farms, continued Gunpowder research, and maintained production queue. Awaiting deal payment after turn 163 when favor period completes.",
        "actions": [
          {
            "tool": "get_overview",
            "result": "Turn 161 | Brazil (Pedro II) | Score: 312 | Prince\nGold: 310 (+1/turn) | Income: 24 | Maintenance: -23 (units: 6) | Science: 37.4 | Culture: 73.5 | Faith: 656 | Favor: 55 (+2/turn)\nResearch: Gunpowder | Civic: Diplomatic Service\nCities: 5 | Population: 29 | Units: 8 \u2014 2 Builder, 1 Horseman, 1 Trader"
          },
          {
            "tool": "get_units",
            "result": "8 units:\n  Trader (UNIT_TRADER) at (53,15) \u2014 moves 2/2 [id:589824, idx:0]\n  Swordsman (UNIT_SWORDSMAN) at (57,19) \u2014 CS:35 moves 2/2 [id:1966081, idx:1]\n  Builder (UNIT_BUILDER) at (49,22) \u2014 moves 2/2 charges:3 [id:2752516, idx:4]\n  Murasaki Shikibu (UNIT_GREAT_WRITER) at (56,14) \u2014 moves 4/4 [id:2686"
          },
          {
            "tool": "get_cities",
            "result": "5 cities:\n  Rio de Janeiro (pop 11) at (49,23) \u2014 Food 30 Prod 26 Gold 18 Sci 28 Cul 41 | Housing 12 Amenities 13 | Growth: 8/126 food (30t, +8.0/t) | Building: UNIT_BUILDER (3 turns) | HP:200/200 Def:35 Gar:none [id:65536]\n    !! SLOW GROWTH: 30 turns to next pop \u2014 needs farm, granary, or trade rout"
          },
          {
            "tool": "get_pending_diplomacy",
            "result": "No pending diplomacy sessions."
          },
          {
            "tool": "get_pending_trades",
            "result": "No pending trade deals."
          },
          {
            "tool": "move_unit",
            "result": "MOVING_TO|50,23|from:49,22|now_at:49,23|(moved dx:+0 dy:+1)|STOPPED_MID_PATH (moves exhausted)"
          },
          {
            "tool": "set_city_production",
            "result": "PRODUCING|UNIT_SETTLER|12 turns"
          },
          {
            "tool": "move_unit",
            "result": "Error: CANNOT_MOVE|Unit cannot move (invalid state)"
          },
          {
            "tool": "move_unit",
            "result": "Error: CANNOT_MOVE|Unit cannot move (invalid state)"
          },
          {
            "tool": "skip_unit",
            "result": "SKIPPED"
          },
          {
            "tool": "skip_unit",
            "result": "SKIPPED"
          },
          {
            "tool": "skip_unit",
            "result": "SKIPPED"
          },
          {
            "tool": "skip_unit",
            "result": "SKIPPED"
          },
          {
            "tool": "fortify_unit",
            "result": "FORTIFIED"
          },
          {
            "tool": "fortify_unit",
            "result": "ALREADY_FORTIFIED|Fortify turns: 1"
          },
          {
            "tool": "fortify_unit",
            "result": "FORTIFIED"
          },
          {
            "tool": "fortify_unit",
            "result": "ALREADY_FORTIFIED|Fortify turns: 1"
          },
          {
            "tool": "set_research",
            "result": "RESEARCHING|TECH_GUNPOWDER"
          }
        ],
        "promotion_sweep": [],
        "standing_memory": {
          "loaded": false,
          "injected": false,
          "injected_chars": 0,
          "captured_chars": 0,
          "error": ""
        },
        "task_tracker": {
          "active_before": 0,
          "pre_model_results": [],
          "active_after": 0,
          "error": ""
        },
        "channels": {
          "enabled": true,
          "acknowledgements": 0,
          "error": ""
        }
      },
      {
        "player": 3,
        "turn": 161,
        "summary": "scripted: observed; skipped unit 0",
        "actions": [
          {
            "tool": "skip_unit"
          }
        ],
        "promotion_sweep": [],
        "standing_memory": {
          "loaded": false,
          "injected": false,
          "injected_chars": 0,
          "captured_chars": 0,
          "error": ""
        },
        "task_tracker": {
          "active_before": 0,
          "pre_model_results": [],
          "active_after": 0,
          "error": ""
        },
        "channels": {
          "enabled": true,
          "acknowledgements": 0,
          "error": ""
        }
      },
      {
        "player": 1,
        "turn": 162,
        "summary": "max_steps reached",
        "actions": [
          {
            "tool": "get_overview",
            "result": "Turn 162 | Khmer (Jayavarman VII) | Score: 329 | Prince\nGold: 194 (-6/turn) | Income: 21 | Maintenance: -27 (units: 6) | Science: 50.7 | Culture: 44.2 | Faith: 599 | Favor: 57 (+3/turn)\nResearch: Printing | Civic: Medieval Faires\nCities: 7 | Population: 43 | Units: 15 \u2014 5 Missionary, 2 Builder, 2 Sc"
          },
          {
            "tool": "get_units",
            "result": "15 units:\n  Builder (UNIT_BUILDER) at (14,35) \u2014 moves 2/2 charges:3 [id:3211264, idx:0]\n  Missionary (UNIT_MISSIONARY) at (8,23) \u2014 moves 4/4 charges:3 [BUDDHISM] [id:2228225, idx:1]\n  Missionary (UNIT_MISSIONARY) at (0,32) \u2014 moves 2/2 charges:2 [BUDDHISM] [id:2490370, idx:2]\n  Trader (UNIT_TRADER) a"
          },
          {
            "tool": "get_cities",
            "result": "7 cities:\n  Angkor Thom (pop 12) at (14,31) \u2014 Food 53 Prod 34 Gold 9 Sci 13 Cul 14 | Housing 18 Amenities 10 | Growth: 13/139 food (6t, +29.0/t) | Building: nothing | Walls 100/100 Garrison 200/200 Def:47 Gar:none [id:65536]\n    Districts: HOLY_SITE(13,29) CAMPUS(14,30) INDUSTRIAL_ZONE(12,31) WONDER"
          },
          {
            "tool": "set_research",
            "result": "RESEARCHING|TECH_PRINTING"
          },
          {
            "tool": "set_city_production",
            "result": "PRODUCING|BUILDING_GRANARY|6 turns"
          },
          {
            "tool": "set_city_production",
            "result": "Error: CANNOT_PRODUCE|Library cannot be produced in this city (already built)"
          },
          {
            "tool": "set_city_production",
            "result": "Error: CANNOT_PRODUCE|Market cannot be produced in this city (requires DISTRICT_COMMERCIAL_HUB district)"
          },
          {
            "tool": "set_city_production",
            "result": "Error: CANNOT_PRODUCE|Shrine cannot be produced in this city (requires DISTRICT_HOLY_SITE district)"
          },
          {
            "tool": "set_city_production",
            "result": "PRODUCING|BUILDING_MONUMENT|7 turns"
          },
          {
            "tool": "set_city_production",
            "result": "Error: CANNOT_PRODUCE|Library cannot be produced in this city (already built)"
          },
          {
            "tool": "set_city_production",
            "result": "Error: CANNOT_PRODUCE|Shrine cannot be produced in this city (already built)"
          },
          {
            "tool": "set_city_production",
            "result": "Error: CANNOT_PRODUCE|Monument cannot be produced in this city (already built)"
          },
          {
            "tool": "set_city_production",
            "result": "Error: CANNOT_PRODUCE|Granary cannot be produced in this city (already built)"
          }
        ],
        "promotion_sweep": [],
        "standing_memory": {
          "loaded": false,
          "injected": false,
          "injected_chars": 0,
          "captured_chars": 0,
          "error": ""
        },
        "task_tracker": {
          "active_before": 0,
          "pre_model_results": [],
          "active_after": 0,
          "error": ""
        },
        "channels": {
          "enabled": true,
          "acknowledgements": 1,
          "error": ""
        }
      },
      {
        "player": 2,
        "turn": 162,
        "summary": "I've skipped the Swordsman and Great Writer. I think I've completed my actions for this turn. Let me summarize:\n\n**Turn 162 Summary:**\n- Set Curitiba to produce a Builder (4 turns) to improve infrastructure\n- Moved Horseman toward exploration (now at 46,22)\n- Moved second Builder toward Rio area (now at 52,16) to help with repairs/improvements\n- Spearman and Archer are fortified for defense\n- Skipped Swordsman and Great Writer\n- Maintaining deal with Player 3 (keeping military units 3+ tiles away from their lands)\n- Continuing research on Gunpowder\n- Gold income is low but I have 311 gold reserves",
        "actions": [
          {
            "tool": "get_overview",
            "result": "Turn 162 | Brazil (Pedro II) | Score: 312 | Prince\nGold: 311 (+1/turn) | Income: 24 | Maintenance: -23 (units: 6) | Science: 37.9 | Culture: 73.9 | Faith: 734 | Favor: 57 (+2/turn)\nResearch: Gunpowder | Civic: Diplomatic Service\nCities: 5 | Population: 30 | Units: 8 \u2014 2 Builder, 1 Horseman, 1 Trader"
          },
          {
            "tool": "get_pending_diplomacy",
            "result": "No pending diplomacy sessions."
          },
          {
            "tool": "get_pending_trades",
            "result": "No pending trade deals."
          },
          {
            "tool": "get_cities",
            "result": "5 cities:\n  Rio de Janeiro (pop 11) at (49,23) \u2014 Food 30 Prod 26 Gold 18 Sci 28 Cul 41 | Housing 12 Amenities 13 | Growth: 12/126 food (29t, +8.0/t) | Building: UNIT_BUILDER (2 turns) | HP:200/200 Def:35 Gar:none [id:65536]\n    !! SLOW GROWTH: 29 turns to next pop \u2014 needs farm, granary, or trade rou"
          },
          {
            "tool": "get_units",
            "result": "8 units:\n  Trader (UNIT_TRADER) at (53,15) \u2014 moves 2/2 [id:589824, idx:0]\n  Swordsman (UNIT_SWORDSMAN) at (57,19) \u2014 CS:35 moves 2/2 [id:1966081, idx:1]\n  Builder (UNIT_BUILDER) at (49,23) \u2014 moves 2/2 charges:3 [id:2752516, idx:4]\n  Murasaki Shikibu (UNIT_GREAT_WRITER) at (56,14) \u2014 moves 4/4 [id:2686"
          },
          {
            "tool": "move_unit",
            "result": "Error: STACKING_CONFLICT|Friendly UNIT_BUILDER already on (49,23). Cannot stack same formation class."
          },
          {
            "tool": "move_unit",
            "result": "MOVING_TO|50,21|from:49,23|now_at:49,21|(moved dx:+0 dy:-2)|STOPPED_MID_PATH (moves exhausted)"
          },
          {
            "tool": "set_city_production",
            "result": "Error: MISSING_COORDS|Encampment is a district and requires target_x/target_y for placement. Use get_district_advisor(city_id, 'Encampment') to find the best tile."
          },
          {
            "tool": "set_city_production",
            "result": "Error: CANNOT_PRODUCE|Swordsman cannot be produced in this city"
          },
          {
            "tool": "set_city_production",
            "result": "Error: CANNOT_PRODUCE|Archer cannot be produced in this city"
          },
          {
            "tool": "set_city_production",
            "result": "Error: MISSING_COORDS|Encampment is a district and requires target_x/target_y for placement. Use get_district_advisor(city_id, 'Encampment') to find the best tile."
          },
          {
            "tool": "set_city_production",
            "result": "PRODUCING|UNIT_BUILDER|4 turns"
          },
          {
            "tool": "fortify_unit",
            "result": "ALREADY_FORTIFIED|Fortify turns: 1"
          },
          {
            "tool": "fortify_unit",
            "result": "ALREADY_FORTIFIED|Fortify turns: 1"
          },
          {
            "tool": "move_unit",
            "result": "MOVING_TO|45,20|from:48,24|now_at:46,22|(moved dx:-2 dy:-2)|STOPPED_MID_PATH (moves exhausted)"
          },
          {
            "tool": "move_unit",
            "result": "MOVING_TO|50,20|from:53,15|now_at:52,16|(moved dx:-1 dy:+1)|STOPPED_MID_PATH (moves exhausted)"
          },
          {
            "tool": "move_unit",
            "result": "Error: CANNOT_MOVE|Unit cannot move (invalid state)"
          },
          {
            "tool": "get_overview",
            "result": "Turn 162 | Brazil (Pedro II) | Score: 312 | Prince\nGold: 311 (+1/turn) | Income: 24 | Maintenance: -23 (units: 6) | Science: 37.9 | Culture: 73.9 | Faith: 734 | Favor: 57 (+2/turn)\nResearch: Gunpowder | Civic: Diplomatic Service\nCities: 5 | Population: 30 | Units: 8 \u2014 2 Builder, 1 Horseman, 1 Trader"
          },
          {
            "tool": "get_unit_promotions",
            "result": "No promotions available for UNIT_SPEARMAN (id:10)."
          },
          {
            "tool": "get_unit_promotions",
            "result": "No promotions available for UNIT_ARCHER (id:7)."
          },
          {
            "tool": "get_unit_promotions",
            "result": "No promotions available for UNIT_SWORDSMAN (id:1)."
          },
          {
            "tool": "skip_unit",
            "result": "SKIPPED"
          },
          {
            "tool": "skip_unit",
            "result": "SKIPPED"
          }
        ],
        "promotion_sweep": [],
        "standing_memory": {
          "loaded": false,
          "injected": false,
          "injected_chars": 0,
          "captured_chars": 0,
          "error": ""
        },
        "task_tracker": {
          "active_before": 0,
          "pre_model_results": [],
          "active_after": 0,
          "error": ""
        },
        "channels": {
          "enabled": true,
          "acknowledgements": 0,
          "error": ""
        }
      },
      {
        "player": 3,
        "turn": 162,
        "summary": "scripted: observed; skipped unit 0",
        "actions": [
          {
            "tool": "skip_unit"
          }
        ],
        "promotion_sweep": [],
        "standing_memory": {
          "loaded": false,
          "injected": false,
          "injected_chars": 0,
          "captured_chars": 0,
          "error": ""
        },
        "task_tracker": {
          "active_before": 0,
          "pre_model_results": [],
          "active_after": 0,
          "error": ""
        },
        "channels": {
          "enabled": true,
          "acknowledgements": 0,
          "error": ""
        }
      },
      {
        "player": 1,
        "turn": 163,
        "summary": "I have accepted the payment from Player 3 for the deal to keep my military units away from their lands. I am also continuing my research into Printing and maintaining production in Preah Vihear and Kompong Svay to improve my infrastructure.\n\nSummary:\n- Accepted 50 gold payment from Player 3 (deal-000001).\n- Researching Printing.\n- Production set for Amphitheater in Preah Vihear and Granary in Kompong Svay.",
        "actions": [
          {
            "tool": "get_overview",
            "result": "Turn 163 | Khmer (Jayavarman VII) | Score: 330 | Prince\nGold: 188 (-6/turn) | Income: 21 | Maintenance: -27 (units: 6) | Science: 51.9 | Culture: 46.1 | Faith: 656 | Favor: 60 (+3/turn)\nResearch: Printing | Civic: Medieval Faires\nCities: 7 | Population: 45 | Units: 15 \u2014 5 Missionary, 2 Builder, 2 Sc"
          },
          {
            "tool": "get_units",
            "result": "15 units:\n  Builder (UNIT_BUILDER) at (14,35) \u2014 moves 2/2 charges:3 [id:3211264, idx:0]\n  Missionary (UNIT_MISSIONARY) at (8,23) \u2014 moves 4/4 charges:3 [BUDDHISM] [id:2228225, idx:1]\n  Missionary (UNIT_MISSIONARY) at (0,32) \u2014 moves 2/2 charges:2 [BUDDHISM] [id:2490370, idx:2]\n  Trader (UNIT_TRADER) a"
          },
          {
            "tool": "get_cities",
            "result": "7 cities:\n  Angkor Thom (pop 12) at (14,31) \u2014 Food 53 Prod 34 Gold 9 Sci 13 Cul 14 | Housing 18 Amenities 10 | Growth: 38/139 food (5t, +29.0/t) | Building: nothing | Walls 100/100 Garrison 200/200 Def:47 Gar:none [id:65536]\n    Districts: HOLY_SITE(13,29) CAMPUS(14,30) INDUSTRIAL_ZONE(12,31) WONDER"
          },
          {
            "tool": "set_research",
            "result": "RESEARCHING|TECH_PRINTING"
          },
          {
            "tool": "set_city_production",
            "result": "PRODUCING|BUILDING_AMPHITHEATER|6 turns"
          },
          {
            "tool": "set_city_production",
            "result": "PRODUCING|BUILDING_GRANARY|5 turns"
          }
        ],
        "promotion_sweep": [],
        "standing_memory": {
          "loaded": false,
          "injected": false,
          "injected_chars": 0,
          "captured_chars": 0,
          "error": ""
        },
        "task_tracker": {
          "active_before": 0,
          "pre_model_results": [],
          "active_after": 0,
          "error": ""
        },
        "channels": {
          "enabled": true,
          "acknowledgements": 1,
          "error": ""
        }
      },
      {
        "player": 2,
        "turn": 163,
        "summary": "Turn 163 summary:\n- **Accepted the 50 gold payment** from deal-000002 (Player 3's deal to keep my military units away from their lands)\n- **Moved military units** (Horseman, Swordsman, Spearman) away from Player 3's territory to fulfill the deal obligation\n- **Set Rio de Janeiro** to produce a Crossbowman (6 turns) to strengthen my military\n- **Skipped all other units** as they either had no useful moves or were already in safe positions\n- Builder is positioned near Rio's pillaged farms but ran out of moves; will repair next turn",
        "actions": [
          {
            "tool": "get_overview",
            "result": "Turn 163 | Brazil (Pedro II) | Score: 314 | Prince\nGold: 312 (+14/turn) | Income: 37 | Maintenance: -23 (units: 6) | Science: 37.9 | Culture: 73.9 | Faith: 812 | Favor: 59 (+2/turn)\nResearch: Gunpowder | Civic: The Enlightenment\nCities: 5 | Population: 30 | Units: 9 \u2014 2 Great Writer, 2 Builder, 1 Sp"
          },
          {
            "tool": "get_units",
            "result": "9 units:\n  Trader (UNIT_TRADER) at (53,15) \u2014 moves 2/2 [id:589824, idx:0]\n  Swordsman (UNIT_SWORDSMAN) at (57,19) \u2014 CS:35 moves 2/2 [id:1966081, idx:1]\n  Li Bai (UNIT_GREAT_WRITER) at (49,23) \u2014 moves 4/4 [id:2818051, idx:3]\n  Builder (UNIT_BUILDER) at (49,21) \u2014 moves 2/2 charges:3 [id:2752516, idx:4"
          },
          {
            "tool": "get_cities",
            "result": "5 cities:\n  Rio de Janeiro (pop 11) at (49,23) \u2014 Food 30 Prod 26 Gold 18 Sci 28 Cul 41 | Housing 12 Amenities 13 | Growth: 16/126 food (28t, +8.0/t) | Building: UNIT_BUILDER (1 turns) | HP:200/200 Def:35 Gar:none [id:65536]\n    !! SLOW GROWTH: 28 turns to next pop \u2014 needs farm, granary, or trade rou"
          },
          {
            "tool": "get_pending_diplomacy",
            "result": "No pending diplomacy sessions."
          },
          {
            "tool": "get_pending_trades",
            "result": "No pending trade deals."
          },
          {
            "tool": "get_overview",
            "result": "Turn 163 | Brazil (Pedro II) | Score: 314 | Prince\nGold: 312 (+14/turn) | Income: 37 | Maintenance: -23 (units: 6) | Science: 37.9 | Culture: 73.9 | Faith: 812 | Favor: 59 (+2/turn)\nResearch: Gunpowder | Civic: The Enlightenment\nCities: 5 | Population: 30 | Units: 9 \u2014 2 Great Writer, 2 Builder, 1 Sp"
          },
          {
            "tool": "move_unit",
            "result": "MOVING_TO|50,22|from:49,21|now_at:50,22|(moved dx:+1 dy:+1)"
          },
          {
            "tool": "move_unit",
            "result": "MOVING_TO|55,20|from:57,19|now_at:56,19|(moved dx:-1 dy:+0)|STOPPED_MID_PATH (moves exhausted)"
          },
          {
            "tool": "move_unit",
            "result": "MOVING_TO|51,23|from:50,22|now_at:50,22|BLOCKED (impassable mountain)"
          },
          {
            "tool": "set_city_production",
            "result": "Error: CANNOT_PRODUCE|GRANARY cannot be produced in this city (already built)"
          },
          {
            "tool": "set_city_production",
            "result": "Error: CANNOT_PRODUCE|UNIVERSITY cannot be produced in this city"
          },
          {
            "tool": "move_unit",
            "result": "Error: NO_MOVES|Unit has no movement points remaining this turn. Use skip or wait until next turn."
          },
          {
            "tool": "set_city_production",
            "result": "Error: MISSING_COORDS|INDUSTRIAL_ZONE is a district and requires target_x/target_y for placement. Use get_district_advisor(city_id, 'INDUSTRIAL_ZONE') to find the best tile."
          },
          {
            "tool": "skip_unit",
            "result": "SKIPPED"
          },
          {
            "tool": "set_city_production",
            "result": "PRODUCING|UNIT_CROSSBOWMAN|6 turns"
          },
          {
            "tool": "move_unit",
            "result": "MOVING_TO|48,24|from:46,22|now_at:48,24|(moved dx:+2 dy:+2)"
          },
          {
            "tool": "skip_unit",
            "result": "SKIPPED"
          },
          {
            "tool": "skip_unit",
            "result": "SKIPPED"
          },
          {
            "tool": "skip_unit",
            "result": "SKIPPED"
          },
          {
            "tool": "skip_unit",
            "result": "SKIPPED"
          },
          {
            "tool": "skip_unit",
            "result": "SKIPPED"
          },
          {
            "tool": "skip_unit",
            "result": "SKIPPED"
          },
          {
            "tool": "skip_unit",
            "result": "SKIPPED"
          }
        ],
        "promotion_sweep": [],
        "standing_memory": {
          "loaded": false,
          "injected": false,
          "injected_chars": 0,
          "captured_chars": 0,
          "error": ""
        },
        "task_tracker": {
          "active_before": 0,
          "pre_model_results": [],
          "active_after": 0,
          "error": ""
        },
        "channels": {
          "enabled": true,
          "acknowledgements": 1,
          "error": ""
        }
      },
      {
        "player": 3,
        "turn": 163,
        "summary": "scripted: observed; skipped unit 0; channel fund_deal queued; channel fund_deal queued",
        "actions": [
          {
            "tool": "skip_unit"
          },
          {
            "tool": "channel:fund_deal",
            "result": "QUEUED channel action api:arena-channels-behavior-v4:3:163:0:7546b3f4fa314467; canonical result appears next turn",
            "deal_id": "deal-000001"
          },
          {
            "tool": "channel:fund_deal",
            "result": "QUEUED channel action api:arena-channels-behavior-v4:3:163:1:d446affbfc9119a8; canonical result appears next turn",
            "deal_id": "deal-000002"
          }
        ],
        "promotion_sweep": [],
        "standing_memory": {
          "loaded": false,
          "injected": false,
          "injected_chars": 0,
          "captured_chars": 0,
          "error": ""
        },
        "task_tracker": {
          "active_before": 0,
          "pre_model_results": [],
          "active_after": 0,
          "error": ""
        },
        "channels": {
          "enabled": true,
          "acknowledgements": 2,
          "error": ""
        }
      },
      {
        "turn": 163,
        "orphan_sweep": "ORPHANS|2-3#131075"
      },
      {
        "player": 1,
        "turn": 164,
        "summary": "I have assessed the current state of the empire. I am playing as the Khmer, currently in a Golden Age. \n\nKey actions taken:\n- **Research:** Continued research on **Printing**.\n- **Production:** Set **Angkor Thom** to finish its **Granary** and **Preah Vihear** to continue its **Amphitheater**.\n- **Expansion:** Moved the **Settler** towards a high-value location at (8, 26) to found a new city next turn.\n- **Diplomacy:** Noted the pending deal from Player 3. Since the favor (keeping military units 3 tiles away) is satisfied or being managed, I will look to collect the 50 gold if the mechanics allow next turn, though the log indicates previous rejection attempts.\n\nTurn finished.",
        "actions": [
          {
            "tool": "get_overview",
            "result": "Turn 164 | Khmer (Jayavarman VII) | Score: 333 | Prince\nGold: 232 (+6/turn) | Income: 33 | Maintenance: -27 (units: 6) | Science: 51.9 | Culture: 46.1 | Faith: 715 | Favor: 63 (+3/turn)\nResearch: Printing | Civic: Diplomatic Service\nCities: 7 | Population: 45 | Units: 15 \u2014 5 Missionary, 2 Builder, 2"
          },
          {
            "tool": "get_units",
            "result": "15 units:\n  Builder (UNIT_BUILDER) at (14,35) \u2014 moves 2/2 charges:3 [id:3211264, idx:0]\n  Missionary (UNIT_MISSIONARY) at (8,23) \u2014 moves 4/4 charges:3 [BUDDHISM] [id:2228225, idx:1]\n  Missionary (UNIT_MISSIONARY) at (0,32) \u2014 moves 2/2 charges:2 [BUDDHISM] [id:2490370, idx:2]\n  Trader (UNIT_TRADER) a"
          },
          {
            "tool": "get_cities",
            "result": "7 cities:\n  Angkor Thom (pop 12) at (14,31) \u2014 Food 53 Prod 35 Gold 9 Sci 13 Cul 14 | Housing 17 Amenities 10 | Growth: 62/139 food (4t, +29.0/t) | Building: BUILDING_GRANARY (1 turns) | Walls 100/100 Garrison 200/200 Def:47 Gar:none [id:65536]\n    Districts: HOLY_SITE(13,29) CAMPUS(14,30) INDUSTRIAL"
          },
          {
            "tool": "set_city_production",
            "result": "PRODUCING|BUILDING_GRANARY|1 turns"
          },
          {
            "tool": "set_city_production",
            "result": "Error: ITEM_NOT_FOUND|Amphitheater"
          },
          {
            "tool": "set_city_production",
            "result": "Error: CANNOT_PRODUCE|Theater Square cannot be produced in this city"
          },
          {
            "tool": "set_city_production",
            "result": "PRODUCING|BUILDING_AMPHITHEATER|5 turns"
          },
          {
            "tool": "set_research",
            "result": "RESEARCHING|TECH_PRINTING"
          },
          {
            "tool": "found_city",
            "result": "Error: CANNOT_FOUND|Too close to Angkor Thom (settler at 13,29, distance 2, need > 3)\n\nTop 4 settle locations:\n  #1 (8,26): Score 200 \u2014 F:62 P:29 \u2014 coast, defense:2\n     [B] FISH, [B] STONE, [B] STONE, [B] FISH, [B] CATTLE, [B] CATTLE, [B] BANANAS, [L] SPICES\n  #2 (8,27): Score 192 \u2014 F:57 P:34 \u2014 no "
          },
          {
            "tool": "move_unit",
            "result": "MOVING_TO|8,26|from:13,29|now_at:12,28|(moved dx:-1 dy:-1)|STOPPED_MID_PATH (moves exhausted)"
          },
          {
            "tool": "move_unit",
            "result": "Error: NO_MOVES|Unit has no movement points remaining this turn. Use skip or wait until next turn."
          }
        ],
        "promotion_sweep": [],
        "standing_memory": {
          "loaded": false,
          "injected": false,
          "injected_chars": 0,
          "captured_chars": 0,
          "error": ""
        },
        "task_tracker": {
          "active_before": 0,
          "pre_model_results": [],
          "active_after": 0,
          "error": ""
        },
        "channels": {
          "enabled": true,
          "acknowledgements": 0,
          "error": ""
        }
      },
      {
        "player": 2,
        "turn": 164,
        "summary": "Good. I've completed my turn with the following actions:\n\n**Turn 164 Summary:**\n- Fortified Swordsman, Archer, and Spearman for defense\n- Moved Horseman toward Rio area (blocked by mountain)\n- Set Curitiba to produce Crossbowman (10 turns)\n- Set S\u00e3o Paulo to produce Crossbowman (17 turns)\n- Rio de Janeiro continues Crossbowman production (5 turns)\n- Builders were moved toward pillaged farm tiles but ran out of movement\n- Skipped remaining units\n- No pending diplomacy or trade deals to address\n- The deal with Player 3 (keep_units_away) was already satisfied; payment issue was resolved on turn 163\n\nMy military is building up with Crossbowmen in 3 cities, which will help defend against Korea who leads in score. Builders still need to repair pillaged farms in Rio next turn to restore food production.",
        "actions": [
          {
            "tool": "get_overview",
            "result": "Turn 164 | Brazil (Pedro II) | Score: 323 | Prince\nGold: 376 (+14/turn) | Income: 37 | Maintenance: -23 (units: 6) | Science: 37.9 | Culture: 73.9 | Faith: 890 | Favor: 61 (+2/turn)\nResearch: Gunpowder | Civic: The Enlightenment\nCities: 5 | Population: 30 | Units: 9 \u2014 2 Great Writer, 2 Builder, 1 Sp"
          },
          {
            "tool": "get_units",
            "result": "9 units:\n  Trader (UNIT_TRADER) at (53,15) \u2014 moves 2/2 [id:589824, idx:0]\n  Swordsman (UNIT_SWORDSMAN) at (56,19) \u2014 CS:35 moves 2/2 [id:1966081, idx:1]\n  Li Bai (UNIT_GREAT_WRITER) at (49,23) \u2014 moves 4/4 [id:2818051, idx:3]\n  Builder (UNIT_BUILDER) at (50,22) \u2014 moves 2/2 charges:3 [id:2752516, idx:4"
          },
          {
            "tool": "get_cities",
            "result": "5 cities:\n  Rio de Janeiro (pop 11) at (49,23) \u2014 Food 30 Prod 26 Gold 18 Sci 28 Cul 41 | Housing 12 Amenities 13 | Growth: 20/126 food (27t, +8.0/t) | Building: UNIT_CROSSBOWMAN (5 turns) | HP:200/200 Def:35 Gar:none [id:65536]\n    !! SLOW GROWTH: 27 turns to next pop \u2014 needs farm, granary, or trade"
          },
          {
            "tool": "get_pending_diplomacy",
            "result": "No pending diplomacy sessions."
          },
          {
            "tool": "get_pending_trades",
            "result": "No pending trade deals."
          },
          {
            "tool": "move_unit",
            "result": "MOVING_TO|50,21|from:50,22|now_at:50,21|(moved dx:+0 dy:-1)"
          },
          {
            "tool": "move_unit",
            "result": "MOVING_TO|49,22|from:52,16|now_at:50,17|(moved dx:-2 dy:+1)|STOPPED_MID_PATH (moves exhausted)"
          },
          {
            "tool": "fortify_unit",
            "result": "FORTIFIED"
          },
          {
            "tool": "fortify_unit",
            "result": "ALREADY_FORTIFIED|Fortify turns: 1"
          },
          {
            "tool": "fortify_unit",
            "result": "ALREADY_FORTIFIED|Fortify turns: 1"
          },
          {
            "tool": "move_unit",
            "result": "Error: NO_MOVES|Unit has no movement points remaining this turn. Use skip or wait until next turn."
          },
          {
            "tool": "move_unit",
            "result": "MOVING_TO|51,23|from:49,24|now_at:49,24|BLOCKED (impassable mountain)"
          },
          {
            "tool": "move_unit",
            "result": "Error: NO_MOVES|Unit has no movement points remaining this turn. Use skip or wait until next turn."
          },
          {
            "tool": "move_unit",
            "result": "Error: NO_MOVES|Unit has no movement points remaining this turn. Use skip or wait until next turn."
          },
          {
            "tool": "move_unit",
            "result": "Error: NO_MOVES|Unit has no movement points remaining this turn. Use skip or wait until next turn."
          },
          {
            "tool": "set_research",
            "result": "RESEARCHING_GAMECORE|TECH_GUNPOWDER"
          },
          {
            "tool": "set_city_production",
            "result": "Error: CANNOT_PRODUCE|GRANARY cannot be produced in this city (already built)"
          },
          {
            "tool": "set_city_production",
            "result": "PRODUCING|UNIT_CROSSBOWMAN|17 turns"
          },
          {
            "tool": "set_city_production",
            "result": "PRODUCING|UNIT_CROSSBOWMAN|10 turns"
          },
          {
            "tool": "get_cities",
            "result": "5 cities:\n  Rio de Janeiro (pop 11) at (49,23) \u2014 Food 30 Prod 26 Gold 18 Sci 28 Cul 41 | Housing 12 Amenities 13 | Growth: 20/126 food (27t, +8.0/t) | Building: UNIT_CROSSBOWMAN (5 turns) | HP:200/200 Def:35 Gar:none [id:65536]\n    !! SLOW GROWTH: 27 turns to next pop \u2014 needs farm, granary, or trade"
          },
          {
            "tool": "skip_unit",
            "result": "SKIPPED"
          },
          {
            "tool": "skip_unit",
            "result": "SKIPPED"
          },
          {
            "tool": "skip_unit",
            "result": "SKIPPED"
          },
          {
            "tool": "skip_unit",
            "result": "SKIPPED"
          },
          {
            "tool": "skip_unit",
            "result": "SKIPPED"
          },
          {
            "tool": "skip_unit",
            "result": "SKIPPED"
          }
        ],
        "promotion_sweep": [],
        "standing_memory": {
          "loaded": false,
          "injected": false,
          "injected_chars": 0,
          "captured_chars": 0,
          "error": ""
        },
        "task_tracker": {
          "active_before": 0,
          "pre_model_results": [],
          "active_after": 0,
          "error": ""
        },
        "channels": {
          "enabled": true,
          "acknowledgements": 0,
          "error": ""
        }
      },
      {
        "player": 3,
        "turn": 164,
        "summary": "scripted: observed; skipped unit 0",
        "actions": [
          {
            "tool": "skip_unit"
          }
        ],
        "promotion_sweep": [],
        "standing_memory": {
          "loaded": false,
          "injected": false,
          "injected_chars": 0,
          "captured_chars": 0,
          "error": ""
        },
        "task_tracker": {
          "active_before": 0,
          "pre_model_results": [],
          "active_after": 0,
          "error": ""
        },
        "channels": {
          "enabled": true,
          "acknowledgements": 0,
          "error": ""
        }
      },
      {
        "player": 1,
        "turn": 165,
        "summary": "I have assessed the empire's status. We are in a Golden Age as Khmer, with strong yields and a solid religious foundation.\n\n**Actions taken:**\n1.  **Research:** Confirmed research of **Printing**.\n2.  **Production:** Ensured **Preah Vihear** is continuing its production of an **Amphitheater**.\n3.  **Diplomacy Note:** I noted the expired/failed unofficial deal with Player 3. Since it is turn 165 and the payment was due/the favor was due previously, no further automatic action can be taken on that specific deal through these tools without a new proposal.\n\n**Turn Summary:**\n- Researching Printing.\n- Preah Vihear producing Amphitheater (4 turns remaining).\n- No unit movements or city expansions performed this turn; focusing on maintaining existing momentum and religious spread.",
        "actions": [
          {
            "tool": "get_overview",
            "result": "Turn 165 | Khmer (Jayavarman VII) | Score: 336 | Prince\nGold: 237 (+6/turn) | Income: 33 | Maintenance: -27 (units: 6) | Science: 51.9 | Culture: 46.1 | Faith: 775 | Favor: 66 (+3/turn)\nResearch: Printing | Civic: Diplomatic Service\nCities: 7 | Population: 45 | Units: 15 \u2014 5 Missionary, 2 Builder, 2"
          },
          {
            "tool": "get_units",
            "result": "15 units:\n  Builder (UNIT_BUILDER) at (14,35) \u2014 moves 2/2 charges:3 [id:3211264, idx:0]\n  Missionary (UNIT_MISSIONARY) at (8,23) \u2014 moves 4/4 charges:3 [BUDDHISM] [id:2228225, idx:1]\n  Missionary (UNIT_MISSIONARY) at (0,32) \u2014 moves 2/2 charges:2 [BUDDHISM] [id:2490370, idx:2]\n  Trader (UNIT_TRADER) a"
          },
          {
            "tool": "get_cities",
            "result": "7 cities:\n  Angkor Thom (pop 12) at (14,31) \u2014 Food 54 Prod 34 Gold 9 Sci 13 Cul 14 | Housing 19 Amenities 10 | Growth: 88/139 food (2t, +30.0/t) | Building: nothing | Walls 100/100 Garrison 200/200 Def:47 Gar:none [id:65536]\n    Districts: HOLY_SITE(13,29) CAMPUS(14,30) INDUSTRIAL_ZONE(12,31) WONDER"
          },
          {
            "tool": "set_research",
            "result": "RESEARCHING|TECH_PRINTING"
          },
          {
            "tool": "set_city_production",
            "result": "PRODUCING|BUILDING_AMPHITHEATER|4 turns"
          }
        ],
        "promotion_sweep": [],
        "standing_memory": {
          "loaded": false,
          "injected": false,
          "injected_chars": 0,
          "captured_chars": 0,
          "error": ""
        },
        "task_tracker": {
          "active_before": 0,
          "pre_model_results": [],
          "active_after": 0,
          "error": ""
        },
        "channels": {
          "enabled": true,
          "acknowledgements": 0,
          "error": ""
        }
      },
      {
        "player": 2,
        "turn": 165,
        "summary": "The Great Writer already moved earlier (it had 4 moves and was at (49,19) - it may have already been skipped). Let me check - I did skip unit index 3 earlier. So the Great Writers are already done for this turn.\n\nI believe I've taken all the sensible actions for this turn:\n1. Moved builder toward pillaged farms in Rio\n2. Set S\u00e3o Paulo to produce a Crossbowman\n3. Fortified Spearman and Swordsman for defense\n4. Moved Horseman and Archer for better positioning\n5. Skipped remaining units\n6. Confirmed research on Gunpowder\n\nLet me provide a summary.\n\n**Turn 165 Summary:**\n- Moved Builder toward Rio de Janeiro's pillaged farms for repair next turn\n- Set S\u00e3o Paulo to produce Crossbowman (16 turns)\n- Fortified Spearman and Swordsman for defense; Swordsman was already fortified\n- Moved Horseman and Archer to better defensive positions near Rio\n- Skipped remaining units (Trader, Great Writers, Archer, Horseman, Builder)\n- Confirmed Gunpowder research to advance toward Renaissance era\n- No pending diplomacy or trades to handle; Player 3's deal expired without proper payment\n- Focus remains on defense and development while Korea leads in score",
        "actions": [
          {
            "tool": "get_overview",
            "result": "Turn 165 | Brazil (Pedro II) | Score: 323 | Prince\nGold: 390 (+14/turn) | Income: 37 | Maintenance: -23 (units: 6) | Science: 37.9 | Culture: 73.9 | Faith: 968 | Favor: 63 (+2/turn)\nResearch: Gunpowder | Civic: The Enlightenment\nCities: 5 | Population: 30 | Units: 9 \u2014 2 Great Writer, 2 Builder, 1 Sp"
          },
          {
            "tool": "get_units",
            "result": "9 units:\n  Trader (UNIT_TRADER) at (54,14) \u2014 moves 2/2 [id:589824, idx:0]\n  Swordsman (UNIT_SWORDSMAN) at (56,19) \u2014 CS:35 moves 2/2 [id:1966081, idx:1]\n  Li Bai (UNIT_GREAT_WRITER) at (49,19) \u2014 moves 4/4 [id:2818051, idx:3]\n  Builder (UNIT_BUILDER) at (50,21) \u2014 moves 2/2 charges:3 [id:2752516, idx:4"
          },
          {
            "tool": "get_cities",
            "result": "5 cities:\n  Rio de Janeiro (pop 11) at (49,23) \u2014 Food 30 Prod 26 Gold 18 Sci 28 Cul 41 | Housing 12 Amenities 13 | Growth: 24/126 food (26t, +8.0/t) | Building: UNIT_CROSSBOWMAN (4 turns) | HP:200/200 Def:35 Gar:none [id:65536]\n    !! SLOW GROWTH: 26 turns to next pop \u2014 needs farm, granary, or trade"
          },
          {
            "tool": "get_pending_diplomacy",
            "result": "No pending diplomacy sessions."
          },
          {
            "tool": "get_pending_trades",
            "result": "No pending trade deals."
          },
          {
            "tool": "move_unit",
            "result": "MOVING_TO|50,22|from:50,21|now_at:50,22|(moved dx:+0 dy:+1)"
          },
          {
            "tool": "move_unit",
            "result": "Error: NO_MOVES|Unit has no movement points remaining this turn. Use skip or wait until next turn."
          },
          {
            "tool": "set_city_production",
            "result": "PRODUCING|UNIT_CROSSBOWMAN|16 turns"
          },
          {
            "tool": "move_unit",
            "result": "MOVING_TO|47,24|from:49,24|now_at:47,24|(moved dx:-2 dy:+0)"
          },
          {
            "tool": "get_unit_promotions",
            "result": "No promotions available for UNIT_SWORDSMAN (id:1)."
          },
          {
            "tool": "get_unit_promotions",
            "result": "No promotions available for UNIT_ARCHER (id:7)."
          },
          {
            "tool": "get_unit_promotions",
            "result": "No promotions available for UNIT_HORSEMAN (id:9)."
          },
          {
            "tool": "move_unit",
            "result": "MOVING_TO|56,24|from:57,23|now_at:57,24|(moved dx:+0 dy:+1)|STOPPED_MID_PATH (moves exhausted)"
          },
          {
            "tool": "fortify_unit",
            "result": "Error: CANNOT_FORTIFY|Unit cannot fortify or sleep"
          },
          {
            "tool": "fortify_unit",
            "result": "FORTIFIED"
          },
          {
            "tool": "fortify_unit",
            "result": "ALREADY_FORTIFIED|Fortify turns: 2"
          },
          {
            "tool": "skip_unit",
            "result": "SKIPPED"
          },
          {
            "tool": "skip_unit",
            "result": "SKIPPED"
          },
          {
            "tool": "skip_unit",
            "result": "SKIPPED"
          },
          {
            "tool": "skip_unit",
            "result": "SKIPPED"
          },
          {
            "tool": "skip_unit",
            "result": "SKIPPED"
          },
          {
            "tool": "skip_unit",
            "result": "SKIPPED"
          },
          {
            "tool": "set_research",
            "result": "RESEARCHING|TECH_GUNPOWDER"
          },
          {
            "tool": "move_unit",
            "result": "Error: NO_MOVES|Unit has no movement points remaining this turn. Use skip or wait until next turn."
          }
        ],
        "promotion_sweep": [],
        "standing_memory": {
          "loaded": false,
          "injected": false,
          "injected_chars": 0,
          "captured_chars": 0,
          "error": ""
        },
        "task_tracker": {
          "active_before": 0,
          "pre_model_results": [],
          "active_after": 0,
          "error": ""
        },
        "channels": {
          "enabled": true,
          "acknowledgements": 0,
          "error": ""
        }
      },
      {
        "player": 3,
        "turn": 165,
        "summary": "scripted: observed; skipped unit 0",
        "actions": [
          {
            "tool": "skip_unit"
          }
        ],
        "promotion_sweep": [],
        "standing_memory": {
          "loaded": false,
          "injected": false,
          "injected_chars": 0,
          "captured_chars": 0,
          "error": ""
        },
        "task_tracker": {
          "active_before": 0,
          "pre_model_results": [],
          "active_after": 0,
          "error": ""
        },
        "channels": {
          "enabled": true,
          "acknowledgements": 0,
          "error": ""
        }
      },
      {
        "player": 1,
        "turn": 166,
        "summary": "max_steps reached",
        "actions": [
          {
            "tool": "get_overview",
            "result": "Turn 166 | Khmer (Jayavarman VII) | Score: 337 | Prince\nGold: 243 (+6/turn) | Income: 33 | Maintenance: -27 (units: 6) | Science: 51.9 | Culture: 46.1 | Faith: 835 | Favor: 69 (+3/turn)\nResearch: Printing | Civic: Diplomatic Service\nCities: 7 | Population: 45 | Units: 15 \u2014 5 Missionary, 2 Builder, 2"
          },
          {
            "tool": "get_cities",
            "result": "7 cities:\n  Angkor Thom (pop 12) at (14,31) \u2014 Food 54 Prod 35 Gold 9 Sci 13 Cul 14 | Housing 19 Amenities 10 | Growth: 113/139 food (1t, +30.0/t) | Building: UNIT_KHMER_DOMREY (5 turns) | Walls 100/100 Garrison 200/200 Def:47 Gar:none [id:65536]\n    Districts: HOLY_SITE(13,29) CAMPUS(14,30) INDUSTRI"
          },
          {
            "tool": "get_units",
            "result": "15 units:\n  Builder (UNIT_BUILDER) at (14,35) \u2014 moves 2/2 charges:3 [id:3211264, idx:0]\n  Missionary (UNIT_MISSIONARY) at (8,23) \u2014 moves 4/4 charges:3 [BUDDHISM] [id:2228225, idx:1]\n  Missionary (UNIT_MISSIONARY) at (0,32) \u2014 moves 2/2 charges:2 [BUDDHISM] [id:2490370, idx:2]\n  Trader (UNIT_TRADER) a"
          },
          {
            "tool": "set_research",
            "result": "RESEARCHING_GAMECORE|TECH_GUNPOWDER"
          },
          {
            "tool": "set_city_production",
            "result": "Error: MISSING_COORDS|AMPHITHEATER is a district and requires target_x/target_y for placement. Use get_district_advisor(city_id, 'AMPHITHEATER') to find the best tile."
          },
          {
            "tool": "set_city_production",
            "result": "PRODUCING|BUILDING_GRANARY|2 turns"
          },
          {
            "tool": "set_city_production",
            "result": "Error: ITEM_NOT_FOUND|AMPHITHEATER"
          },
          {
            "tool": "set_city_production",
            "result": "Error: MISSING_COORDS|THEATER_SQUARE is a district and requires target_x/target_y for placement. Use get_district_advisor(city_id, 'THEATER_SQUARE') to find the best tile."
          },
          {
            "tool": "set_city_production",
            "result": "Error: CITY_NOT_FOUND"
          },
          {
            "tool": "set_city_production",
            "result": "Error: CANNOT_PRODUCE|CAMPUS cannot be produced in this city (already built)"
          },
          {
            "tool": "set_city_production",
            "result": "Error: CANNOT_PRODUCE|LIBRARY cannot be produced in this city (already built)"
          },
          {
            "tool": "set_city_production",
            "result": "Error: CANNOT_PRODUCE|LIBRARY cannot be produced in this city (already built)"
          },
          {
            "tool": "set_city_production",
            "result": "Error: CANNOT_PRODUCE|MONUMENT cannot be produced in this city (already built)"
          },
          {
            "tool": "set_city_production",
            "result": "Error: CANNOT_PRODUCE|SHRINE cannot be produced in this city (already built)"
          },
          {
            "tool": "set_city_production",
            "result": "Error: CANNOT_PRODUCE|GRANARY cannot be produced in this city (already built)"
          }
        ],
        "promotion_sweep": [],
        "standing_memory": {
          "loaded": false,
          "injected": false,
          "injected_chars": 0,
          "captured_chars": 0,
          "error": ""
        },
        "task_tracker": {
          "active_before": 0,
          "pre_model_results": [],
          "active_after": 0,
          "error": ""
        },
        "channels": {
          "enabled": true,
          "acknowledgements": 0,
          "error": ""
        }
      },
      {
        "player": 2,
        "turn": 166,
        "summary": "Turn 166 summary:\n- **Builder** (idx 4) moved to Rio de Janeiro's pillaged farm tile at (49,21) to begin repairs next turn.\n- **Horseman** (idx 9) advanced toward the Rio area to (49,23) for exploration/defense.\n- **Great Writer Murasaki** (idx 5) moved toward Rio to (53,16) for cultural investment.\n- **Swordsman** (idx 1) repositioned toward (54,19) to bolster defenses near Rio.\n- **Rio de Janeiro** continues producing Crossbowman (3 turns left).\n- **Research** confirmed on Gunpowder.\n- Skipped remaining units (Li Bai, second Builder, Archer, Spearman, Trader) as they have no urgent moves this turn.\n- No pending diplomacy or trade deals to address. The broken deal with Player 3 has already been resolved with a grievance on their side.",
        "actions": [
          {
            "tool": "get_overview",
            "result": "Turn 166 | Brazil (Pedro II) | Score: 323 | Prince\nGold: 404 (+14/turn) | Income: 37 | Maintenance: -23 (units: 6) | Science: 37.9 | Culture: 73.9 | Faith: 1046 | Favor: 65 (+2/turn)\nResearch: Gunpowder | Civic: The Enlightenment\nCities: 5 | Population: 30 | Units: 9 \u2014 2 Great Writer, 2 Builder, 1 S"
          },
          {
            "tool": "get_cities",
            "result": "5 cities:\n  Rio de Janeiro (pop 11) at (49,23) \u2014 Food 30 Prod 26 Gold 18 Sci 28 Cul 41 | Housing 12 Amenities 13 | Growth: 28/126 food (25t, +8.0/t) | Building: UNIT_CROSSBOWMAN (3 turns) | HP:200/200 Def:35 Gar:none [id:65536]\n    !! SLOW GROWTH: 25 turns to next pop \u2014 needs farm, granary, or trade"
          },
          {
            "tool": "get_units",
            "result": "9 units:\n  Trader (UNIT_TRADER) at (54,14) \u2014 moves 2/2 [id:589824, idx:0]\n  Swordsman (UNIT_SWORDSMAN) at (56,19) \u2014 CS:35 moves 2/2 [id:1966081, idx:1]\n  Li Bai (UNIT_GREAT_WRITER) at (49,19) \u2014 moves 4/4 [id:2818051, idx:3]\n  Builder (UNIT_BUILDER) at (50,22) \u2014 moves 2/2 charges:3 [id:2752516, idx:4"
          },
          {
            "tool": "get_pending_diplomacy",
            "result": "No pending diplomacy sessions."
          },
          {
            "tool": "get_pending_trades",
            "result": "No pending trade deals."
          },
          {
            "tool": "get_cities",
            "result": "5 cities:\n  Rio de Janeiro (pop 11) at (49,23) \u2014 Food 30 Prod 26 Gold 18 Sci 28 Cul 41 | Housing 12 Amenities 13 | Growth: 28/126 food (25t, +8.0/t) | Building: UNIT_CROSSBOWMAN (3 turns) | HP:200/200 Def:35 Gar:none [id:65536]\n    !! SLOW GROWTH: 25 turns to next pop \u2014 needs farm, granary, or trade"
          },
          {
            "tool": "move_unit",
            "result": "MOVING_TO|49,21|from:50,22|now_at:49,21|(moved dx:-1 dy:-1)"
          },
          {
            "tool": "move_unit",
            "result": "MOVING_TO|50,25|from:47,24|now_at:49,23|(moved dx:+2 dy:-1)|STOPPED_MID_PATH (moves exhausted)"
          },
          {
            "tool": "move_unit",
            "result": "MOVING_TO|49,23|from:56,14|now_at:53,16|(moved dx:-3 dy:+2)|STOPPED_MID_PATH (moves exhausted)"
          },
          {
            "tool": "move_unit",
            "result": "MOVING_TO|50,20|from:56,19|now_at:54,19|(moved dx:-2 dy:+0)|STOPPED_MID_PATH (moves exhausted)"
          },
          {
            "tool": "set_city_production",
            "result": "PRODUCING|UNIT_CROSSBOWMAN|3 turns"
          },
          {
            "tool": "set_research",
            "result": "RESEARCHING|TECH_GUNPOWDER"
          },
          {
            "tool": "skip_unit",
            "result": "SKIPPED"
          },
          {
            "tool": "skip_unit",
            "result": "SKIPPED"
          },
          {
            "tool": "skip_unit",
            "result": "SKIPPED"
          },
          {
            "tool": "skip_unit",
            "result": "SKIPPED"
          },
          {
            "tool": "skip_unit",
            "result": "SKIPPED"
          }
        ],
        "promotion_sweep": [],
        "standing_memory": {
          "loaded": false,
          "injected": false,
          "injected_chars": 0,
          "captured_chars": 0,
          "error": ""
        },
        "task_tracker": {
          "active_before": 0,
          "pre_model_results": [],
          "active_after": 0,
          "error": ""
        },
        "channels": {
          "enabled": true,
          "acknowledgements": 0,
          "error": ""
        }
      },
      {
        "player": 3,
        "turn": 166,
        "summary": "scripted: observed; skipped unit 0",
        "actions": [
          {
            "tool": "skip_unit"
          }
        ],
        "promotion_sweep": [],
        "standing_memory": {
          "loaded": false,
          "injected": false,
          "injected_chars": 0,
          "captured_chars": 0,
          "error": ""
        },
        "task_tracker": {
          "active_before": 0,
          "pre_model_results": [],
          "active_after": 0,
          "error": ""
        },
        "channels": {
          "enabled": true,
          "acknowledgements": 0,
          "error": ""
        }
      },
      {
        "player": 1,
        "turn": 167,
        "summary": "I have completed my turn.\n\n**Summary of Actions:**\n- **Research:** Started researching **Machinery** to prepare for future military and infrastructure needs.\n- **Production:** \n    - Set **Preah Vihear** to produce an **Amphitheater** (2 turns remaining).\n    - Set **Kompong Svay** to produce a **Granary** (1 turn remaining) to address its slow growth.\n- **Diplomacy:** Noted the existing grievance from Player 3 regarding a broken deal. No new diplomatic actions were taken this turn.\n\nThe empire is currently in a Golden Age and focusing on expanding its science and food production to support its growing population.",
        "actions": [
          {
            "tool": "get_overview",
            "result": "Turn 167 | Khmer (Jayavarman VII) | Score: 337 | Prince\nGold: 249 (+6/turn) | Income: 33 | Maintenance: -27 (units: 6) | Science: 51.9 | Culture: 46.1 | Faith: 894 | Favor: 72 (+3/turn)\nResearch: Gunpowder | Civic: Diplomatic Service\nCities: 7 | Population: 45 | Units: 15 \u2014 5 Missionary, 2 Builder, "
          },
          {
            "tool": "get_cities",
            "result": "7 cities:\n  Angkor Thom (pop 12) at (14,31) \u2014 Food 54 Prod 35 Gold 9 Sci 13 Cul 14 | Housing 19 Amenities 10 | Growth: STAGNANT (+30.0 food/t) | Building: UNIT_KHMER_DOMREY (4 turns) | Walls 100/100 Garrison 200/200 Def:47 Gar:none [id:65536]\n    Districts: HOLY_SITE(13,29) CAMPUS(14,30) INDUSTRIAL_"
          },
          {
            "tool": "get_units",
            "result": "15 units:\n  Builder (UNIT_BUILDER) at (14,35) \u2014 moves 2/2 charges:3 [id:3211264, idx:0]\n  Missionary (UNIT_MISSIONARY) at (8,23) \u2014 moves 4/4 charges:3 [BUDDHISM] [id:2228225, idx:1]\n  Missionary (UNIT_MISSIONARY) at (0,32) \u2014 moves 2/2 charges:2 [BUDDHISM] [id:2490370, idx:2]\n  Trader (UNIT_TRADER) a"
          },
          {
            "tool": "set_research",
            "result": "RESEARCHING_GAMECORE|TECH_MACHINERY"
          },
          {
            "tool": "set_city_production",
            "result": "PRODUCING|BUILDING_AMPHITHEATER|2 turns"
          },
          {
            "tool": "set_city_production",
            "result": "PRODUCING|BUILDING_GRANARY|1 turns"
          }
        ],
        "promotion_sweep": [],
        "standing_memory": {
          "loaded": false,
          "injected": false,
          "injected_chars": 0,
          "captured_chars": 0,
          "error": ""
        },
        "task_tracker": {
          "active_before": 0,
          "pre_model_results": [],
          "active_after": 0,
          "error": ""
        },
        "channels": {
          "enabled": true,
          "acknowledgements": 0,
          "error": ""
        }
      },
      {
        "player": 2,
        "turn": 167,
        "summary": "max_steps reached",
        "actions": [
          {
            "tool": "get_overview",
            "result": "Turn 167 | Brazil (Pedro II) | Score: 324 | Prince\nGold: 418 (+15/turn) | Income: 38 | Maintenance: -23 (units: 6) | Science: 37.9 | Culture: 73.9 | Faith: 1124 | Favor: 67 (+2/turn)\nResearch: Gunpowder | Civic: The Enlightenment\nCities: 5 | Population: 30 | Units: 9 \u2014 2 Great Writer, 2 Builder, 1 S"
          },
          {
            "tool": "get_units",
            "result": "9 units:\n  Trader (UNIT_TRADER) at (54,14) \u2014 moves 2/2 [id:589824, idx:0]\n  Swordsman (UNIT_SWORDSMAN) at (54,19) \u2014 CS:35 moves 2/2 [id:1966081, idx:1]\n  Li Bai (UNIT_GREAT_WRITER) at (49,19) \u2014 moves 4/4 [id:2818051, idx:3]\n  Builder (UNIT_BUILDER) at (49,21) \u2014 moves 2/2 charges:3 [id:2752516, idx:4"
          },
          {
            "tool": "get_cities",
            "result": "5 cities:\n  Rio de Janeiro (pop 11) at (49,23) \u2014 Food 30 Prod 26 Gold 18 Sci 28 Cul 41 | Housing 12 Amenities 13 | Growth: 32/126 food (24t, +8.0/t) | Building: UNIT_CROSSBOWMAN (2 turns) | HP:200/200 Def:45 Gar:HORSEMAN [id:65536]\n    !! SLOW GROWTH: 24 turns to next pop \u2014 needs farm, granary, or t"
          },
          {
            "tool": "get_pending_diplomacy",
            "result": "No pending diplomacy sessions."
          },
          {
            "tool": "get_pending_trades",
            "result": "No pending trade deals."
          },
          {
            "tool": "get_cities",
            "result": "5 cities:\n  Rio de Janeiro (pop 11) at (49,23) \u2014 Food 30 Prod 26 Gold 18 Sci 28 Cul 41 | Housing 12 Amenities 13 | Growth: 32/126 food (24t, +8.0/t) | Building: UNIT_CROSSBOWMAN (2 turns) | HP:200/200 Def:45 Gar:HORSEMAN [id:65536]\n    !! SLOW GROWTH: 24 turns to next pop \u2014 needs farm, granary, or t"
          },
          {
            "tool": "move_unit",
            "result": "MOVING_TO|50,22|from:49,21|now_at:50,22|(moved dx:+1 dy:+1)"
          },
          {
            "tool": "move_unit",
            "result": "Error: NO_MOVES|Unit has no movement points remaining this turn. Use skip or wait until next turn."
          },
          {
            "tool": "move_unit",
            "result": "MOVING_TO|49,22|from:50,17|now_at:50,18|(moved dx:+0 dy:+1)|STOPPED_MID_PATH (moves exhausted)"
          },
          {
            "tool": "move_unit",
            "result": "MOVING_TO|48,22|from:48,23|now_at:48,22|(moved dx:+0 dy:-1)"
          },
          {
            "tool": "move_unit",
            "result": "MOVING_TO|49,21|from:48,22|now_at:48,22|BLOCKED (tile appears passable - path may be blocked by intermediate tiles)"
          },
          {
            "tool": "move_unit",
            "result": "MOVING_TO|50,20|from:54,19|now_at:52,19|(moved dx:-2 dy:+0)|STOPPED_MID_PATH (moves exhausted)"
          },
          {
            "tool": "move_unit",
            "result": "MOVING_TO|50,22|from:49,23|now_at:50,22|(moved dx:+1 dy:-1)"
          },
          {
            "tool": "move_unit",
            "result": "MOVING_TO|50,21|from:50,22|now_at:50,21|(moved dx:+0 dy:-1)"
          },
          {
            "tool": "move_unit",
            "result": "MOVING_TO|56,23|from:57,24|now_at:57,24|BLOCKED (city-state territory (Preslav) - need suzerainty or Open Borders)"
          },
          {
            "tool": "move_unit",
            "result": "MOVING_TO|55,23|from:57,24|now_at:57,24|BLOCKED (city-state territory (Preslav) - need suzerainty or Open Borders)"
          },
          {
            "tool": "move_unit",
            "result": "CAPTURE_MOVE|56,22|from:57,24|now_at:57,24|BLOCKED (city-state territory (Preslav) - need suzerainty or Open Borders)"
          },
          {
            "tool": "move_unit",
            "result": "MOVING_TO|49,22|from:48,22|now_at:48,22|BLOCKED (tile appears passable - path may be blocked by intermediate tiles)"
          }
        ],
        "promotion_sweep": [],
        "standing_memory": {
          "loaded": false,
          "injected": false,
          "injected_chars": 0,
          "captured_chars": 0,
          "error": ""
        },
        "task_tracker": {
          "active_before": 0,
          "pre_model_results": [],
          "active_after": 0,
          "error": ""
        },
        "channels": {
          "enabled": true,
          "acknowledgements": 0,
          "error": ""
        }
      },
      {
        "player": 3,
        "turn": 167,
        "summary": "scripted: observed; skipped unit 0",
        "actions": [
          {
            "tool": "skip_unit"
          }
        ],
        "promotion_sweep": [],
        "standing_memory": {
          "loaded": false,
          "injected": false,
          "injected_chars": 0,
          "captured_chars": 0,
          "error": ""
        },
        "task_tracker": {
          "active_before": 0,
          "pre_model_results": [],
          "active_after": 0,
          "error": ""
        },
        "channels": {
          "enabled": true,
          "acknowledgements": 0,
          "error": ""
        }
      },
      {
        "player": 1,
        "turn": 168,
        "summary": "I have begun researching **Printing** to advance my technology. In **Preah Vihear**, I have set production to complete the **Amphitheater** (though the status says it has 1 turn remaining, I will check other cities for production). In **Mahendraparvata**, I am producing a **Builder**.\n\nI've noted the previous diplomatic grievance involving Player 3; I will be cautious with future unofficial deals to ensure they are properly managed.\n\n**Turn Summary:**\n- Research started: Printing.\n- Production set in Mahendraparvata: Builder.\n- Reviewed empire status and units.",
        "actions": [
          {
            "tool": "get_overview",
            "result": "Turn 168 | Khmer (Jayavarman VII) | Score: 337 | Prince\nGold: 254 (+5/turn) | Income: 32 | Maintenance: -27 (units: 6) | Science: 51.0 | Culture: 45.3 | Faith: 954 | Favor: 75 (+3/turn)\nResearch: Machinery | Civic: Diplomatic Service\nCities: 7 | Population: 46 | Units: 15 \u2014 5 Missionary, 2 Builder, "
          },
          {
            "tool": "get_cities",
            "result": "7 cities:\n  Angkor Thom (pop 13) at (14,31) \u2014 Food 57 Prod 33 Gold 8 Sci 12 Cul 14 | Housing 19 Amenities 11 | Growth: 26/152 food (6t, +31.0/t) | Building: UNIT_KHMER_DOMREY (3 turns) | Walls 100/100 Garrison 200/200 Def:47 Gar:none [id:65536]\n    Districts: HOLY_SITE(13,29) CAMPUS(14,30) INDUSTRIA"
          },
          {
            "tool": "get_units",
            "result": "15 units:\n  Builder (UNIT_BUILDER) at (14,35) \u2014 moves 2/2 charges:3 [id:3211264, idx:0]\n  Missionary (UNIT_MISSIONARY) at (8,23) \u2014 moves 4/4 charges:3 [BUDDHISM] [id:2228225, idx:1]\n  Missionary (UNIT_MISSIONARY) at (0,32) \u2014 moves 2/2 charges:2 [BUDDHISM] [id:2490370, idx:2]\n  Trader (UNIT_TRADER) a"
          },
          {
            "tool": "set_research",
            "result": "RESEARCHING_GAMECORE|TECH_PRINTING"
          },
          {
            "tool": "set_city_production",
            "result": "Error: CANNOT_PRODUCE|BUILDING_LIBRARY cannot be produced in this city (already built)"
          },
          {
            "tool": "set_city_production",
            "result": "Error: MISSING_COORDS|BUILDING_CAMPUS is a district and requires target_x/target_y for placement. Use get_district_advisor(city_id, 'BUILDING_CAMPUS') to find the best tile."
          },
          {
            "tool": "set_city_production",
            "result": "PRODUCING|UNIT_BUILDER|8 turns"
          }
        ],
        "promotion_sweep": [],
        "standing_memory": {
          "loaded": false,
          "injected": false,
          "injected_chars": 0,
          "captured_chars": 0,
          "error": ""
        },
        "task_tracker": {
          "active_before": 0,
          "pre_model_results": [],
          "active_after": 0,
          "error": ""
        },
        "channels": {
          "enabled": true,
          "acknowledgements": 0,
          "error": ""
        }
      },
      {
        "player": 2,
        "turn": 168,
        "summary": "max_steps reached",
        "actions": [
          {
            "tool": "get_overview",
            "result": "Turn 168 | Brazil (Pedro II) | Score: 324 | Prince\nGold: 433 (+15/turn) | Income: 38 | Maintenance: -23 (units: 6) | Science: 38.5 | Culture: 74.2 | Faith: 1202 | Favor: 69 (+2/turn)\nResearch: Gunpowder | Civic: The Enlightenment\nCities: 5 | Population: 31 | Units: 8 \u2014 2 Builder, 2 Great Writer, 1 S"
          },
          {
            "tool": "get_cities",
            "result": "5 cities:\n  Rio de Janeiro (pop 11) at (49,23) \u2014 Food 27 Prod 25 Gold 18 Sci 28 Cul 41 | Housing 12 Amenities 13 | Growth: 34/126 food (37t, +5.0/t) | Building: UNIT_CROSSBOWMAN (1 turns) | HP:200/200 Def:35 Gar:none [id:65536]\n    !! SLOW GROWTH: 37 turns to next pop \u2014 needs farm, granary, or trade"
          },
          {
            "tool": "get_units",
            "result": "8 units:\n  Swordsman (UNIT_SWORDSMAN) at (52,19) \u2014 CS:35 moves 2/2 **CAN UPGRADE to UNIT_MAN_AT_ARMS (150g)** [id:1966081, idx:1]\n  Li Bai (UNIT_GREAT_WRITER) at (49,19) \u2014 moves 4/4 [id:2818051, idx:3]\n  Builder (UNIT_BUILDER) at (50,22) \u2014 moves 2/2 charges:3 [id:2752516, idx:4]\n  Murasaki Shikibu ("
          },
          {
            "tool": "get_pending_diplomacy",
            "result": "No pending diplomacy sessions."
          },
          {
            "tool": "get_pending_trades",
            "result": "No pending trade deals."
          },
          {
            "tool": "get_cities",
            "result": "5 cities:\n  Rio de Janeiro (pop 11) at (49,23) \u2014 Food 27 Prod 25 Gold 18 Sci 28 Cul 41 | Housing 12 Amenities 13 | Growth: 34/126 food (37t, +5.0/t) | Building: UNIT_CROSSBOWMAN (1 turns) | HP:200/200 Def:35 Gar:none [id:65536]\n    !! SLOW GROWTH: 37 turns to next pop \u2014 needs farm, granary, or trade"
          },
          {
            "tool": "move_unit",
            "result": "MOVING_TO|49,21|from:50,22|now_at:49,21|(moved dx:-1 dy:-1)"
          },
          {
            "tool": "move_unit",
            "result": "MOVING_TO|55,14|from:50,18|now_at:51,16|(moved dx:+1 dy:-2)|STOPPED_MID_PATH (moves exhausted)"
          },
          {
            "tool": "move_unit",
            "result": "MOVING_TO|49,23|from:52,19|now_at:52,18|(moved dx:+0 dy:-1)|STOPPED_MID_PATH (moves exhausted)"
          },
          {
            "tool": "move_unit",
            "result": "MOVING_TO|49,23|from:50,21|now_at:49,23|(moved dx:-1 dy:+2)"
          },
          {
            "tool": "move_unit",
            "result": "Error: STACKING_CONFLICT|Friendly UNIT_HORSEMAN already on (49,23). Cannot stack same formation class."
          },
          {
            "tool": "move_unit",
            "result": "MOVING_TO|48,23|from:48,22|now_at:48,23|(moved dx:+0 dy:+1)"
          },
          {
            "tool": "move_unit",
            "result": "MOVING_TO|55,23|from:57,24|now_at:57,24|BLOCKED (city-state territory (Preslav) - need suzerainty or Open Borders)"
          },
          {
            "tool": "set_city_production",
            "result": "Error: ITEM_NOT_FOUND|UNIT_WORKER"
          },
          {
            "tool": "set_city_production",
            "result": "PRODUCING|UNIT_BUILDER|8 turns"
          },
          {
            "tool": "set_city_production",
            "result": "Error: CANNOT_PRODUCE|BUILDING_GRANARY cannot be produced in this city (already built)"
          },
          {
            "tool": "set_city_production",
            "result": "Error: MISSING_COORDS|DISTRICT_HARBOR is a district and requires target_x/target_y for placement. Use get_district_advisor(city_id, 'DISTRICT_HARBOR') to find the best tile."
          },
          {
            "tool": "set_city_production",
            "result": "Error: CANNOT_PRODUCE|BUILDING_MARKET cannot be produced in this city (requires DISTRICT_COMMERCIAL_HUB district)"
          }
        ],
        "promotion_sweep": [],
        "standing_memory": {
          "loaded": false,
          "injected": false,
          "injected_chars": 0,
          "captured_chars": 0,
          "error": ""
        },
        "task_tracker": {
          "active_before": 0,
          "pre_model_results": [],
          "active_after": 0,
          "error": ""
        },
        "channels": {
          "enabled": true,
          "acknowledgements": 0,
          "error": ""
        }
      },
      {
        "player": 3,
        "turn": 168,
        "summary": "scripted: observed; skipped unit 0",
        "actions": [
          {
            "tool": "skip_unit"
          }
        ],
        "promotion_sweep": [],
        "standing_memory": {
          "loaded": false,
          "injected": false,
          "injected_chars": 0,
          "captured_chars": 0,
          "error": ""
        },
        "task_tracker": {
          "active_before": 0,
          "pre_model_results": [],
          "active_after": 0,
          "error": ""
        },
        "channels": {
          "enabled": true,
          "acknowledgements": 0,
          "error": ""
        }
      },
      {
        "player": 1,
        "turn": 169,
        "summary": "max_steps reached",
        "actions": [
          {
            "tool": "get_overview",
            "result": "Turn 169 | Khmer (Jayavarman VII) | Score: 339 | Prince\nGold: 259 (+10/turn) | Income: 38 | Maintenance: -28 (units: 6) | Science: 51.0 | Culture: 48.4 | Faith: 1011 | Favor: 78 (+3/turn)\nResearch: Printing | Civic: Diplomatic Service\nCities: 7 | Population: 46 | Units: 15 \u2014 5 Missionary, 2 Builder,"
          },
          {
            "tool": "get_units",
            "result": "15 units:\n  Builder (UNIT_BUILDER) at (14,35) \u2014 moves 2/2 charges:3 [id:3211264, idx:0]\n  Missionary (UNIT_MISSIONARY) at (8,23) \u2014 moves 4/4 charges:3 [BUDDHISM] [id:2228225, idx:1]\n  Missionary (UNIT_MISSIONARY) at (0,32) \u2014 moves 2/2 charges:2 [BUDDHISM] [id:2490370, idx:2]\n  Trader (UNIT_TRADER) a"
          },
          {
            "tool": "get_cities",
            "result": "7 cities:\n  Angkor Thom (pop 13) at (14,31) \u2014 Food 57 Prod 33 Gold 8 Sci 12 Cul 14 | Housing 19 Amenities 11 | Growth: 47/152 food (5t, +31.0/t) | Building: UNIT_KHMER_DOMREY (2 turns) | Walls 100/100 Garrison 200/200 Def:47 Gar:none [id:65536]\n    Districts: HOLY_SITE(13,29) CAMPUS(14,30) INDUSTRIA"
          },
          {
            "tool": "set_research",
            "result": "RESEARCHING_GAMECORE|TECH_GUNPOWDER"
          },
          {
            "tool": "set_city_production",
            "result": "ERROR: ValueError(\"invalid item_type: 'IMPROVEMENT' (allowed: ['BUILDING', 'DISTRICT', 'PROJECT', 'UNIT'])\")"
          },
          {
            "tool": "set_city_production",
            "result": "Error: CITY_NOT_FOUND"
          },
          {
            "tool": "set_city_production",
            "result": "Error: CANNOT_PRODUCE|Granary cannot be produced in this city (already built)"
          },
          {
            "tool": "set_city_production",
            "result": "Error: MISSING_COORDS|Campus is a district and requires target_x/target_y for placement. Use get_district_advisor(city_id, 'Campus') to find the best tile."
          },
          {
            "tool": "set_city_production",
            "result": "Error: CANNOT_PRODUCE|Granary cannot be produced in this city (already built)"
          },
          {
            "tool": "set_city_production",
            "result": "Error: CANNOT_PRODUCE|Granary cannot be produced in this city (already built)"
          },
          {
            "tool": "set_city_production",
            "result": "Error: MISSING_COORDS|Campus is a district and requires target_x/target_y for placement. Use get_district_advisor(city_id, 'Campus') to find the best tile."
          },
          {
            "tool": "set_city_production",
            "result": "Error: ITEM_NOT_FOUND|Walls"
          },
          {
            "tool": "set_city_production",
            "result": "PRODUCING|BUILDING_WALLS|5 turns"
          },
          {
            "tool": "move_unit",
            "result": "Error: STACKING_CONFLICT|Friendly UNIT_BUILDER already on (18,32). Cannot stack same formation class."
          },
          {
            "tool": "skip_unit",
            "result": "SKIPPED"
          }
        ],
        "promotion_sweep": [],
        "standing_memory": {
          "loaded": false,
          "injected": false,
          "injected_chars": 0,
          "captured_chars": 0,
          "error": ""
        },
        "task_tracker": {
          "active_before": 0,
          "pre_model_results": [],
          "active_after": 0,
          "error": ""
        },
        "channels": {
          "enabled": true,
          "acknowledgements": 0,
          "error": ""
        }
      },
      {
        "player": 2,
        "turn": 169,
        "summary": "max_steps reached",
        "actions": [
          {
            "tool": "get_overview",
            "result": "Turn 169 | Brazil (Pedro II) | Score: 325 | Prince\nGold: 448 (+12/turn) | Income: 38 | Maintenance: -26 (units: 9) | Science: 38.5 | Culture: 74.2 | Faith: 1280 | Favor: 71 (+2/turn)\nResearch: Gunpowder | Civic: The Enlightenment\nCities: 5 | Population: 31 | Units: 9 \u2014 2 Great Writer, 2 Builder, 1 S"
          },
          {
            "tool": "get_cities",
            "result": "5 cities:\n  Rio de Janeiro (pop 11) at (49,23) \u2014 Food 27 Prod 24 Gold 18 Sci 28 Cul 41 | Housing 12 Amenities 13 | Growth: 37/126 food (36t, +5.0/t) | Building: nothing | HP:200/200 Def:45 Gar:HORSEMAN [id:65536]\n    !! SLOW GROWTH: 36 turns to next pop \u2014 needs farm, granary, or trade route\n    Dist"
          },
          {
            "tool": "get_units",
            "result": "9 units:\n  Crossbowman (UNIT_CROSSBOWMAN) at (49,23) \u2014 CS:30 RS:40 moves 2/2 [id:2883584, idx:0]\n  Swordsman (UNIT_SWORDSMAN) at (52,18) \u2014 CS:35 moves 2/2 **CAN UPGRADE to UNIT_MAN_AT_ARMS (150g)** [id:1966081, idx:1]\n  Li Bai (UNIT_GREAT_WRITER) at (49,19) \u2014 moves 4/4 [id:2818051, idx:3]\n  Builder "
          },
          {
            "tool": "get_pending_diplomacy",
            "result": "No pending diplomacy sessions."
          },
          {
            "tool": "get_pending_trades",
            "result": "No pending trade deals."
          },
          {
            "tool": "set_city_production",
            "result": "Error: CANNOT_PRODUCE|GRANARY cannot be produced in this city (already built)"
          },
          {
            "tool": "set_city_production",
            "result": "Error: MISSING_COORDS|DISTRICT_INDUSTRIAL_ZONE is a district and requires target_x/target_y for placement. Use get_district_advisor(city_id, 'DISTRICT_INDUSTRIAL_ZONE') to find the best tile."
          },
          {
            "tool": "set_city_production",
            "result": "Error: CANNOT_START|DISTRICT_INDUSTRIAL_ZONE cannot start. Tried (47,22). Use get_district_advisor for details."
          },
          {
            "tool": "set_city_production",
            "result": "Error: CANNOT_PRODUCE|UNIVERSITY cannot be produced in this city (requires DISTRICT_CAMPUS district)"
          },
          {
            "tool": "set_city_production",
            "result": "Error: ITEM_NOT_FOUND|DISTRICT_HARBOUR"
          },
          {
            "tool": "set_city_production",
            "result": "Error: ITEM_NOT_FOUND|PROJECT_GOLDEN_AGE"
          },
          {
            "tool": "set_city_production",
            "result": "PRODUCING|UNIT_MAN_AT_ARMS|8 turns"
          },
          {
            "tool": "move_unit",
            "result": "MOVING_TO|49,22|from:49,21|now_at:49,22|(moved dx:+0 dy:+1)"
          },
          {
            "tool": "move_unit",
            "result": "MOVING_TO|49,23|from:49,22|now_at:49,23|(moved dx:+0 dy:+1)"
          },
          {
            "tool": "get_units",
            "result": "9 units:\n  Crossbowman (UNIT_CROSSBOWMAN) at (49,23) \u2014 CS:30 RS:40 moves 2/2 [id:2883584, idx:0]\n  Swordsman (UNIT_SWORDSMAN) at (52,18) \u2014 CS:35 moves 2/2 **CAN UPGRADE to UNIT_MAN_AT_ARMS (150g)** [id:1966081, idx:1]\n  Li Bai (UNIT_GREAT_WRITER) at (49,19) \u2014 moves 4/4 [id:2818051, idx:3]\n  Builder "
          },
          {
            "tool": "set_city_production",
            "result": "Error: CANNOT_PRODUCE|GRANARY cannot be produced in this city (already built)"
          },
          {
            "tool": "set_city_production",
            "result": "Error: CANNOT_PRODUCE|MARKET cannot be produced in this city (requires DISTRICT_COMMERCIAL_HUB district)"
          },
          {
            "tool": "set_city_production",
            "result": "Error: CANNOT_START|DISTRICT_COMMERCIAL_HUB cannot start. Tried (51,15). Use get_district_advisor for details."
          }
        ],
        "promotion_sweep": [],
        "standing_memory": {
          "loaded": false,
          "injected": false,
          "injected_chars": 0,
          "captured_chars": 0,
          "error": ""
        },
        "task_tracker": {
          "active_before": 0,
          "pre_model_results": [],
          "active_after": 0,
          "error": ""
        },
        "channels": {
          "enabled": true,
          "acknowledgements": 0,
          "error": ""
        }
      },
      {
        "player": 3,
        "turn": 169,
        "summary": "scripted: observed; skipped unit 0",
        "actions": [
          {
            "tool": "skip_unit"
          }
        ],
        "promotion_sweep": [],
        "standing_memory": {
          "loaded": false,
          "injected": false,
          "injected_chars": 0,
          "captured_chars": 0,
          "error": ""
        },
        "task_tracker": {
          "active_before": 0,
          "pre_model_results": [],
          "active_after": 0,
          "error": ""
        },
        "channels": {
          "enabled": true,
          "acknowledgements": 0,
          "error": ""
        }
      },
      {
        "player": 1,
        "turn": 170,
        "summary": "I have completed my turn actions.\n\n**Turn Summary:**\n- **Research:** Set research to **Machinery**.\n- **Production:** \n  - **Angkor Thom** is finishing the production of a **Khmer Domrey** next turn.\n  - **Preah Vihear** continues production on an **Armory**.\n- **Diplomacy/Economy:** Observed current gold and faith levels. Note that there is a grievance from Player 3 due to a failed unofficial deal from turn 165.\n\nNo unit movements or settlements were performed this turn.",
        "actions": [
          {
            "tool": "get_overview",
            "result": "Turn 170 | Khmer (Jayavarman VII) | Score: 340 | Prince\nGold: 270 (+10/turn) | Income: 38 | Maintenance: -28 (units: 6) | Science: 51.0 | Culture: 48.4 | Faith: 1068 | Favor: 81 (+3/turn)\nResearch: Gunpowder | Civic: Diplomatic Service\nCities: 7 | Population: 46 | Units: 15 \u2014 5 Missionary, 2 Builder"
          },
          {
            "tool": "get_cities",
            "result": "7 cities:\n  Angkor Thom (pop 13) at (14,31) \u2014 Food 57 Prod 33 Gold 8 Sci 12 Cul 14 | Housing 19 Amenities 11 | Growth: 69/152 food (4t, +31.0/t) | Building: UNIT_KHMER_DOMREY (1 turns) | Walls 100/100 Garrison 200/200 Def:47 Gar:none [id:65536]\n    Districts: HOLY_SITE(13,29) CAMPUS(14,30) INDUSTRIA"
          },
          {
            "tool": "get_units",
            "result": "15 units:\n  Builder (UNIT_BUILDER) at (14,35) \u2014 moves 2/2 charges:3 [id:3211264, idx:0]\n  Missionary (UNIT_MISSIONARY) at (8,23) \u2014 moves 4/4 charges:3 [BUDDHISM] [id:2228225, idx:1]\n  Missionary (UNIT_MISSIONARY) at (0,32) \u2014 moves 2/2 charges:2 [BUDDHISM] [id:2490370, idx:2]\n  Trader (UNIT_TRADER) a"
          },
          {
            "tool": "set_research",
            "result": "Error: TECH_NOT_FOUND|TECH_MACE"
          },
          {
            "tool": "set_research",
            "result": "RESEARCHING_GAMECORE|TECH_MACHINERY"
          },
          {
            "tool": "set_city_production",
            "result": "PRODUCING|UNIT_KHMER_DOMREY|1 turns"
          },
          {
            "tool": "set_city_production",
            "result": "PRODUCING|BUILDING_ARMORY|8 turns"
          }
        ],
        "promotion_sweep": [],
        "standing_memory": {
          "loaded": false,
          "injected": false,
          "injected_chars": 0,
          "captured_chars": 0,
          "error": ""
        },
        "task_tracker": {
          "active_before": 0,
          "pre_model_results": [],
          "active_after": 0,
          "error": ""
        },
        "channels": {
          "enabled": true,
          "acknowledgements": 0,
          "error": ""
        }
      },
      {
        "player": 2,
        "turn": 170,
        "summary": "max_steps reached",
        "actions": [
          {
            "tool": "get_overview",
            "result": "Turn 170 | Brazil (Pedro II) | Score: 325 | Prince\nGold: 460 (-1/turn) | Income: 25 | Maintenance: -26 (units: 9) | Science: 39.0 | Culture: 74.5 | Faith: 1358 | Favor: 73 (+2/turn)\nResearch: Gunpowder | Civic: Mercantilism\nCities: 5 | Population: 32 | Units: 9 \u2014 2 Great Writer, 2 Builder, 1 Swordsm"
          },
          {
            "tool": "get_cities",
            "result": "5 cities:\n  Rio de Janeiro (pop 11) at (49,23) \u2014 Food 27 Prod 25 Gold 18 Sci 28 Cul 41 | Housing 12 Amenities 13 | Growth: 40/126 food (35t, +5.0/t) | Building: BUILDING_WAT (7 turns) | HP:200/200 Def:45 Gar:HORSEMAN [id:65536]\n    !! SLOW GROWTH: 35 turns to next pop \u2014 needs farm, granary, or trade"
          },
          {
            "tool": "get_units",
            "result": "9 units:\n  Crossbowman (UNIT_CROSSBOWMAN) at (49,24) \u2014 CS:30 RS:40 moves 2/2 [id:2883584, idx:0]\n  Swordsman (UNIT_SWORDSMAN) at (52,18) \u2014 CS:35 moves 2/2 **CAN UPGRADE to UNIT_MAN_AT_ARMS (150g)** [id:1966081, idx:1]\n  Li Bai (UNIT_GREAT_WRITER) at (49,19) \u2014 moves 4/4 [id:2818051, idx:3]\n  Builder "
          },
          {
            "tool": "get_pending_diplomacy",
            "result": "1 pending diplomacy session(s):\n  Korea (Seondeok) \u2014 session 2, player 0\n  Says: \"Yes, I am happy to accept this deal.\"\n  Respond with: POSITIVE (friendly) or NEGATIVE (dismissive)"
          },
          {
            "tool": "respond_to_diplomacy",
            "result": "OK:RESPONDED|POSITIVE|SESSION_CLOSED (auto-closed goodbye phase)"
          },
          {
            "tool": "get_pending_trades",
            "result": "No pending trade deals."
          },
          {
            "tool": "move_unit",
            "result": "MOVING_TO|50,21|from:49,23|now_at:49,21|(moved dx:+0 dy:-2)|STOPPED_MID_PATH (moves exhausted)"
          },
          {
            "tool": "move_unit",
            "result": "Error: NO_MOVES|Unit has no movement points remaining this turn. Use skip or wait until next turn."
          },
          {
            "tool": "skip_unit",
            "result": "SKIPPED"
          },
          {
            "tool": "move_unit",
            "result": "Error: STACKING_CONFLICT|Friendly UNIT_GREAT_WRITER already on (52,15). Cannot stack same formation class."
          },
          {
            "tool": "move_unit",
            "result": "MOVING_TO|51,15|from:51,16|now_at:51,15|(moved dx:+0 dy:-1)"
          },
          {
            "tool": "move_unit",
            "result": "MOVING_TO|53,18|from:52,18|now_at:53,18|(moved dx:+1 dy:+0)"
          },
          {
            "tool": "move_unit",
            "result": "MOVING_TO|56,24|from:57,24|now_at:56,24|(moved dx:-1 dy:+0)"
          },
          {
            "tool": "move_unit",
            "result": "MOVING_TO|49,23|from:49,19|now_at:49,23|(moved dx:+0 dy:+4)"
          },
          {
            "tool": "set_city_production",
            "result": "Error: CANNOT_PRODUCE|MARKET cannot be produced in this city (requires DISTRICT_COMMERCIAL_HUB district)"
          }
        ],
        "promotion_sweep": [],
        "standing_memory": {
          "loaded": false,
          "injected": false,
          "injected_chars": 0,
          "captured_chars": 0,
          "error": ""
        },
        "task_tracker": {
          "active_before": 0,
          "pre_model_results": [],
          "active_after": 0,
          "error": ""
        },
        "channels": {
          "enabled": true,
          "acknowledgements": 0,
          "error": ""
        }
      },
      {
        "player": 3,
        "turn": 170,
        "summary": "scripted: observed; skipped unit 0",
        "actions": [
          {
            "tool": "skip_unit"
          }
        ],
        "promotion_sweep": [],
        "standing_memory": {
          "loaded": false,
          "injected": false,
          "injected_chars": 0,
          "captured_chars": 0,
          "error": ""
        },
        "task_tracker": {
          "active_before": 0,
          "pre_model_results": [],
          "active_after": 0,
          "error": ""
        },
        "channels": {
          "enabled": true,
          "acknowledgements": 0,
          "error": ""
        }
      },
      {
        "player": 1,
        "turn": 171,
        "summary": "max_steps reached",
        "actions": [
          {
            "tool": "get_overview",
            "result": "Turn 171 | Khmer (Jayavarman VII) | Score: 340 | Prince\nGold: 280 (+8/turn) | Income: 38 | Maintenance: -31 (units: 9) | Science: 51.0 | Culture: 48.4 | Faith: 1125 | Favor: 84 (+3/turn)\nResearch: Stirrups | Civic: Diplomatic Service\nCities: 7 | Population: 46 | Units: 16 \u2014 5 Missionary, 2 Scout, 2 "
          },
          {
            "tool": "get_cities",
            "result": "7 cities:\n  Angkor Thom (pop 13) at (14,31) \u2014 Food 57 Prod 32 Gold 8 Sci 12 Cul 14 | Housing 19 Amenities 11 | Growth: 91/152 food (3t, +31.0/t) | Building: nothing | Walls 100/100 Garrison 200/200 Def:52 Gar:KHMER_DOMREY [id:65536]\n    Districts: HOLY_SITE(13,29) CAMPUS(14,30) INDUSTRIAL_ZONE(12,31"
          },
          {
            "tool": "get_units",
            "result": "16 units:\n  Builder (UNIT_BUILDER) at (14,35) \u2014 moves 2/2 charges:3 [id:3211264, idx:0]\n  Missionary (UNIT_MISSIONARY) at (8,23) \u2014 moves 4/4 charges:3 [BUDDHISM] [id:2228225, idx:1]\n  Missionary (UNIT_MISSIONARY) at (0,32) \u2014 moves 2/2 charges:2 [BUDDHISM] [id:2490370, idx:2]\n  Trader (UNIT_TRADER) a"
          },
          {
            "tool": "set_research",
            "result": "RESEARCHING_GAMECORE|TECH_GUNPOWDER"
          },
          {
            "tool": "set_city_production",
            "result": "PRODUCING|UNIT_MAN_AT_ARMS|7 turns"
          },
          {
            "tool": "set_city_production",
            "result": "PRODUCING|UNIT_SETTLER|44 turns"
          },
          {
            "tool": "set_city_production",
            "result": "PRODUCING|BUILDING_WALLS|3 turns"
          },
          {
            "tool": "set_city_production",
            "result": "PRODUCING|UNIT_SETTLER|44 turns"
          },
          {
            "tool": "set_city_production",
            "result": "PRODUCING|UNIT_SETTLER|44 turns"
          },
          {
            "tool": "set_city_production",
            "result": "PRODUCING|UNIT_SETTLER|44 turns"
          },
          {
            "tool": "set_city_production",
            "result": "PRODUCING|UNIT_SETTLER|44 turns"
          },
          {
            "tool": "set_city_production",
            "result": "PRODUCING|UNIT_SETTLER|44 turns"
          },
          {
            "tool": "set_city_production",
            "result": "PRODUCING|UNIT_SETTLER|44 turns"
          },
          {
            "tool": "set_city_production",
            "result": "PRODUCING|UNIT_SETTLER|44 turns"
          },
          {
            "tool": "set_city_production",
            "result": "PRODUCING|UNIT_SETTLER|44 turns"
          }
        ],
        "promotion_sweep": [],
        "standing_memory": {
          "loaded": false,
          "injected": false,
          "injected_chars": 0,
          "captured_chars": 0,
          "error": ""
        },
        "task_tracker": {
          "active_before": 0,
          "pre_model_results": [],
          "active_after": 0,
          "error": ""
        },
        "channels": {
          "enabled": true,
          "acknowledgements": 0,
          "error": ""
        }
      },
      {
        "player": 2,
        "turn": 171,
        "summary": "max_steps reached",
        "actions": [
          {
            "tool": "get_overview",
            "result": "Turn 171 | Brazil (Pedro II) | Score: 329 | Prince\nGold: 460 (-2/turn) | Income: 25 | Maintenance: -27 (units: 9) | Science: 39.2 | Culture: 74.7 | Faith: 1436 | Favor: 75 (+2/turn)\nResearch: Gunpowder | Civic: Mercantilism\nCities: 5 | Population: 32 | Units: 9 \u2014 2 Great Writer, 2 Builder, 1 Swordsm"
          },
          {
            "tool": "get_units",
            "result": "9 units:\n  Crossbowman (UNIT_CROSSBOWMAN) at (49,24) \u2014 CS:30 RS:40 moves 2/2 [id:2883584, idx:0]\n  Swordsman (UNIT_SWORDSMAN) at (53,18) \u2014 CS:35 moves 2/2 **CAN UPGRADE to UNIT_MAN_AT_ARMS (150g)** [id:1966081, idx:1]\n  Li Bai (UNIT_GREAT_WRITER) at (49,23) \u2014 moves 4/4 [id:2818051, idx:3]\n  Builder "
          },
          {
            "tool": "get_cities",
            "result": "5 cities:\n  Rio de Janeiro (pop 11) at (49,23) \u2014 Food 27 Prod 25 Gold 18 Sci 28 Cul 41 | Housing 12 Amenities 13 | Growth: 42/126 food (34t, +5.0/t) | Building: BUILDING_WAT (6 turns) | HP:200/200 Def:45 Gar:HORSEMAN [id:65536]\n    !! SLOW GROWTH: 34 turns to next pop \u2014 needs farm, granary, or trade"
          },
          {
            "tool": "get_pending_diplomacy",
            "result": "No pending diplomacy sessions."
          },
          {
            "tool": "get_pending_trades",
            "result": "No pending trade deals."
          },
          {
            "tool": "move_unit",
            "result": "MOVING_TO|49,22|from:49,21|now_at:49,22|(moved dx:+0 dy:+1)"
          },
          {
            "tool": "move_unit",
            "result": "MOVING_TO|52,16|from:51,15|now_at:52,16|(moved dx:+1 dy:+1)"
          },
          {
            "tool": "set_city_production",
            "result": "PRODUCING|UNIT_CROSSBOWMAN|8 turns"
          },
          {
            "tool": "set_city_production",
            "result": "Error: CANNOT_PRODUCE|BUILDING_MARKET cannot be produced in this city (requires DISTRICT_COMMERCIAL_HUB district)"
          },
          {
            "tool": "set_city_production",
            "result": "Error: MISSING_COORDS|DISTRICT_COMMERCIAL_HUB is a district and requires target_x/target_y for placement. Use get_district_advisor(city_id, 'DISTRICT_COMMERCIAL_HUB') to find the best tile."
          },
          {
            "tool": "set_city_production",
            "result": "Error: CANNOT_START|DISTRICT_COMMERCIAL_HUB cannot start. Tried (53,15). Use get_district_advisor for details."
          },
          {
            "tool": "set_city_production",
            "result": "Error: CANNOT_PRODUCE|BUILDING_BANK cannot be produced in this city (requires DISTRICT_COMMERCIAL_HUB district)"
          },
          {
            "tool": "set_city_production",
            "result": "PRODUCING|DISTRICT_COMMERCIAL_HUB|20 turns"
          },
          {
            "tool": "set_research",
            "result": "RESEARCHING_GAMECORE|TECH_ECONOMICS"
          },
          {
            "tool": "move_unit",
            "result": "MOVING_TO|50,24|from:48,23|now_at:49,22|(moved dx:+1 dy:-1)|STOPPED_MID_PATH (moves exhausted)"
          }
        ],
        "promotion_sweep": [],
        "standing_memory": {
          "loaded": false,
          "injected": false,
          "injected_chars": 0,
          "captured_chars": 0,
          "error": ""
        },
        "task_tracker": {
          "active_before": 0,
          "pre_model_results": [],
          "active_after": 0,
          "error": ""
        },
        "channels": {
          "enabled": true,
          "acknowledgements": 0,
          "error": ""
        }
      },
      {
        "player": 3,
        "turn": 171,
        "summary": "scripted: observed; skipped unit 0",
        "actions": [
          {
            "tool": "skip_unit"
          }
        ],
        "promotion_sweep": [],
        "standing_memory": {
          "loaded": false,
          "injected": false,
          "injected_chars": 0,
          "captured_chars": 0,
          "error": ""
        },
        "task_tracker": {
          "active_before": 0,
          "pre_model_results": [],
          "active_after": 0,
          "error": ""
        },
        "channels": {
          "enabled": true,
          "acknowledgements": 0,
          "error": ""
        }
      },
      {
        "player": 1,
        "turn": 172,
        "summary": "I have started researching Printing and adjusted city production in Kompong Svay and Mahendraparvata to focus on Monuments to bolster culture and development. My religious units are positioned to continue spreading Buddhism.\n\nSummary:\n- Researched: Printing\n- Production: Monument in Kompong Svay and Mahendraparvata.\n- Units: No major movements this turn.",
        "actions": [
          {
            "tool": "get_overview",
            "result": "Turn 172 | Khmer (Jayavarman VII) | Score: 346 | Prince\nGold: 288 (+8/turn) | Income: 38 | Maintenance: -31 (units: 9) | Science: 51.0 | Culture: 48.4 | Faith: 1182 | Favor: 87 (+3/turn)\nResearch: Gunpowder | Civic: Diplomatic Service\nCities: 7 | Population: 46 | Units: 15 \u2014 5 Missionary, 2 Builder,"
          },
          {
            "tool": "get_cities",
            "result": "7 cities:\n  Angkor Thom (pop 13) at (14,31) \u2014 Food 57 Prod 33 Gold 8 Sci 12 Cul 14 | Housing 19 Amenities 11 | Growth: 113/152 food (2t, +31.0/t) | Building: BUILDING_WORKSHOP (5 turns) | Walls 100/100 Garrison 200/200 Def:52 Gar:KHMER_DOMREY [id:65536]\n    Districts: HOLY_SITE(13,29) CAMPUS(14,30) "
          },
          {
            "tool": "get_units",
            "result": "15 units:\n  Builder (UNIT_BUILDER) at (14,35) \u2014 moves 2/2 charges:3 [id:3211264, idx:0]\n  Missionary (UNIT_MISSIONARY) at (8,23) \u2014 moves 4/4 charges:3 [BUDDHISM] [id:2228225, idx:1]\n  Missionary (UNIT_MISSIONARY) at (0,32) \u2014 moves 2/2 charges:2 [BUDDHISM] [id:2490370, idx:2]\n  Trader (UNIT_TRADER) a"
          },
          {
            "tool": "set_research",
            "result": "Error: TECH_NOT_FOUND|TECH_APACHE_SQUADRON"
          },
          {
            "tool": "set_research",
            "result": "Error: ALREADY_COMPLETED|TECH_MACHINERY is already researched"
          },
          {
            "tool": "set_research",
            "result": "Error: TECH_NOT_FOUND|TECH_METALLURGY"
          },
          {
            "tool": "set_research",
            "result": "RESEARCHING_GAMECORE|TECH_PRINTING"
          },
          {
            "tool": "set_city_production",
            "result": "Error: CANNOT_PRODUCE|Granary cannot be produced in this city (already built)"
          },
          {
            "tool": "set_city_production",
            "result": "Error: CANNOT_PRODUCE|Granary cannot be produced in this city (already built)"
          },
          {
            "tool": "set_city_production",
            "result": "PRODUCING|BUILDING_MONUMENT|10 turns"
          },
          {
            "tool": "set_city_production",
            "result": "Error: CANNOT_PRODUCE|Granary cannot be produced in this city (already built)"
          },
          {
            "tool": "set_city_production",
            "result": "Error: CANNOT_PRODUCE|Shrine cannot be produced in this city (requires DISTRICT_HOLY_SITE district)"
          },
          {
            "tool": "set_city_production",
            "result": "Error: CANNOT_PRODUCE|Library cannot be produced in this city (already built)"
          },
          {
            "tool": "set_city_production",
            "result": "PRODUCING|BUILDING_MONUMENT|6 turns"
          }
        ],
        "promotion_sweep": [],
        "standing_memory": {
          "loaded": false,
          "injected": false,
          "injected_chars": 0,
          "captured_chars": 0,
          "error": ""
        },
        "task_tracker": {
          "active_before": 0,
          "pre_model_results": [],
          "active_after": 0,
          "error": ""
        },
        "channels": {
          "enabled": true,
          "acknowledgements": 0,
          "error": ""
        }
      },
      {
        "player": 2,
        "turn": 172,
        "summary": "max_steps reached",
        "actions": [
          {
            "tool": "get_overview",
            "result": "Turn 172 | Brazil (Pedro II) | Score: 333 | Prince\nGold: 458 (-3/turn) | Income: 25 | Maintenance: -28 (units: 9) | Science: 39.0 | Culture: 76.7 | Faith: 1514 | Favor: 77 (+2/turn)\nResearch: Economics | Civic: Mercantilism\nCities: 5 | Population: 32 | Units: 10 \u2014 3 Great Writer, 2 Builder, 1 Swords"
          },
          {
            "tool": "get_units",
            "result": "10 units:\n  Crossbowman (UNIT_CROSSBOWMAN) at (49,24) \u2014 CS:30 RS:40 moves 2/2 [id:2883584, idx:0]\n  Swordsman (UNIT_SWORDSMAN) at (53,18) \u2014 CS:35 moves 2/2 **CAN UPGRADE to UNIT_MAN_AT_ARMS (150g)** [id:1966081, idx:1]\n  Rumi (UNIT_GREAT_WRITER) at (49,23) \u2014 moves 4/4 [id:2949122, idx:2]\n  Li Bai (U"
          },
          {
            "tool": "get_cities",
            "result": "5 cities:\n  Rio de Janeiro (pop 11) at (49,23) \u2014 Food 27 Prod 25 Gold 18 Sci 28 Cul 41 | Housing 12 Amenities 13 | Growth: 44/126 food (33t, +5.0/t) | Building: UNIT_CROSSBOWMAN (7 turns) | HP:200/200 Def:45 Gar:HORSEMAN [id:65536]\n    !! SLOW GROWTH: 33 turns to next pop \u2014 needs farm, granary, or t"
          },
          {
            "tool": "get_cities",
            "result": "5 cities:\n  Rio de Janeiro (pop 11) at (49,23) \u2014 Food 27 Prod 25 Gold 18 Sci 28 Cul 41 | Housing 12 Amenities 13 | Growth: 44/126 food (33t, +5.0/t) | Building: UNIT_CROSSBOWMAN (7 turns) | HP:200/200 Def:45 Gar:HORSEMAN [id:65536]\n    !! SLOW GROWTH: 33 turns to next pop \u2014 needs farm, granary, or t"
          },
          {
            "tool": "get_pending_diplomacy",
            "result": "No pending diplomacy sessions."
          },
          {
            "tool": "get_pending_trades",
            "result": "No pending trade deals."
          },
          {
            "tool": "move_unit",
            "result": "MOVING_TO|49,21|from:49,22|now_at:49,21|(moved dx:+0 dy:-1)"
          },
          {
            "tool": "move_unit",
            "result": "MOVING_TO|49,22|from:49,21|now_at:49,22|(moved dx:+0 dy:+1)"
          },
          {
            "tool": "move_unit",
            "result": "Error: NO_MOVES|Unit has no movement points remaining this turn. Use skip or wait until next turn."
          },
          {
            "tool": "set_research",
            "result": "Error: TECH_NOT_FOUND|TECH_PRINTING_PRESS"
          },
          {
            "tool": "set_research",
            "result": "RESEARCHING_GAMECORE|TECH_GUNPOWDER"
          },
          {
            "tool": "move_unit",
            "result": "Error: STACKING_CONFLICT|Friendly UNIT_HORSEMAN already on (49,23). Cannot stack same formation class."
          },
          {
            "tool": "move_unit",
            "result": "MOVING_TO|48,23|from:49,24|now_at:48,23|(moved dx:-1 dy:-1)"
          },
          {
            "tool": "fortify_unit",
            "result": "FORTIFIED"
          }
        ],
        "promotion_sweep": [],
        "standing_memory": {
          "loaded": false,
          "injected": false,
          "injected_chars": 0,
          "captured_chars": 0,
          "error": ""
        },
        "task_tracker": {
          "active_before": 0,
          "pre_model_results": [],
          "active_after": 0,
          "error": ""
        },
        "channels": {
          "enabled": true,
          "acknowledgements": 1,
          "error": ""
        }
      },
      {
        "player": 3,
        "turn": 172,
        "summary": "scripted: observed; skipped unit 0",
        "actions": [
          {
            "tool": "skip_unit"
          }
        ],
        "promotion_sweep": [],
        "standing_memory": {
          "loaded": false,
          "injected": false,
          "injected_chars": 0,
          "captured_chars": 0,
          "error": ""
        },
        "task_tracker": {
          "active_before": 0,
          "pre_model_results": [],
          "active_after": 0,
          "error": ""
        },
        "channels": {
          "enabled": true,
          "acknowledgements": 0,
          "error": ""
        }
      },
      {
        "player": 1,
        "turn": 173,
        "summary": "I have begun researching Gunpowder to prepare for potential conflicts. I moved my Settler towards a more favorable location (8,27) for founding a new city, although it was blocked by terrain/units during movement. I also set Preah Vihear to produce a Man-At-Arms to bolster my military.\n\nSummary:\n- Researched Gunpowder.\n- Moved Settler toward (8,27).\n- Set Preah Vihear to produce Man-At-Arms.",
        "actions": [
          {
            "tool": "get_overview",
            "result": "Turn 173 | Khmer (Jayavarman VII) | Score: 346 | Prince\nGold: 295 (+8/turn) | Income: 38 | Maintenance: -31 (units: 9) | Science: 51.0 | Culture: 48.4 | Faith: 1239 | Favor: 90 (+2/turn)\nResearch: Printing | Civic: Diplomatic Service\nCities: 7 | Population: 46 | Units: 16 \u2014 5 Missionary, 3 Builder, "
          },
          {
            "tool": "get_cities",
            "result": "7 cities:\n  Angkor Thom (pop 13) at (14,31) \u2014 Food 57 Prod 33 Gold 8 Sci 12 Cul 14 | Housing 19 Amenities 11 | Growth: 134/152 food (1t, +31.0/t) | Building: BUILDING_WORKSHOP (4 turns) | Walls 100/100 Garrison 200/200 Def:52 Gar:KHMER_DOMREY [id:65536]\n    Districts: HOLY_SITE(13,29) CAMPUS(14,30) "
          },
          {
            "tool": "get_units",
            "result": "16 units:\n  Builder (UNIT_BUILDER) at (14,35) \u2014 moves 2/2 charges:3 [id:3211264, idx:0]\n  Missionary (UNIT_MISSIONARY) at (8,23) \u2014 moves 4/4 charges:3 [BUDDHISM] [id:2228225, idx:1]\n  Missionary (UNIT_MISSIONARY) at (0,32) \u2014 moves 2/2 charges:2 [BUDDHISM] [id:2490370, idx:2]\n  Trader (UNIT_TRADER) a"
          },
          {
            "tool": "set_research",
            "result": "RESEARCHING_GAMECORE|TECH_GUNPOWDER"
          },
          {
            "tool": "found_city",
            "result": "Error: CANNOT_FOUND|Too close to Preah Vihear (settler at 12,28, distance 2, need > 3)\n\nTop 3 settle locations:\n  #1 (8,27): Score 192 \u2014 F:57 P:34 \u2014 no water, defense:2\n     [B] STONE, [B] CATTLE, [B] CATTLE, [B] BANANAS, [L] SPICES\n  #2 (17,28): Score 176 \u2014 F:42 P:37 \u2014 no water, defense:4\n     [L] "
          },
          {
            "tool": "move_unit",
            "result": "MOVING_TO|8,27|from:12,28|now_at:11,27|(moved dx:-1 dy:-1)|STOPPED_MID_PATH (moves exhausted)"
          },
          {
            "tool": "move_unit",
            "result": "MOVING_TO|10,26|from:11,27|now_at:11,27|BLOCKED (tile appears passable - path may be blocked by intermediate tiles)"
          },
          {
            "tool": "move_unit",
            "result": "MOVING_TO|8,27|from:11,27|now_at:11,27|BLOCKED (tile appears passable - path may be blocked by intermediate tiles)"
          },
          {
            "tool": "move_unit",
            "result": "MOVING_TO|10,28|from:11,27|now_at:11,27|BLOCKED (tile appears passable - path may be blocked by intermediate tiles)"
          },
          {
            "tool": "move_unit",
            "result": "MOVING_TO|11,26|from:11,27|now_at:11,27|BLOCKED (tile appears passable - path may be blocked by intermediate tiles)"
          },
          {
            "tool": "get_units",
            "result": "16 units:\n  Builder (UNIT_BUILDER) at (14,35) \u2014 moves 2/2 charges:3 [id:3211264, idx:0]\n  Missionary (UNIT_MISSIONARY) at (8,23) \u2014 moves 4/4 charges:3 [BUDDHISM] [id:2228225, idx:1]\n  Missionary (UNIT_MISSIONARY) at (0,32) \u2014 moves 2/2 charges:2 [BUDDHISM] [id:2490370, idx:2]\n  Trader (UNIT_TRADER) a"
          },
          {
            "tool": "set_city_production",
            "result": "PRODUCING|UNIT_MAN_AT_ARMS|5 turns"
          }
        ],
        "promotion_sweep": [],
        "standing_memory": {
          "loaded": false,
          "injected": false,
          "injected_chars": 0,
          "captured_chars": 0,
          "error": ""
        },
        "task_tracker": {
          "active_before": 0,
          "pre_model_results": [],
          "active_after": 0,
          "error": ""
        },
        "channels": {
          "enabled": true,
          "acknowledgements": 0,
          "error": ""
        }
      },
      {
        "player": 2,
        "turn": 173,
        "summary": "Good progress this turn. Key actions taken:\n\n1. **Production**: Rio de Janeiro is now producing a Settler for expansion. S\u00e3o Paulo is building a Builder to repair pillaged tiles and improve resources.\n2. **Military**: Swordsman engaged and moved toward the Korean Man-at-Arms at (53,19). \n3. **Research**: Switched to Military Tactics for military upgrades.\n4. **Diplomacy**: Sent an olive branch message to Player 3 to repair relations after the broken deal.\n5. **Builders**: Moved builders toward Rio's pillaged farms and Curitiba's unimproved tiles.\n\nThe negative gold income (-2/turn) from unit maintenance is concerning - the new Settler should help expand and improve economy once established.",
        "actions": [
          {
            "tool": "get_overview",
            "result": "Turn 173 | Brazil (Pedro II) | Score: 340 | Prince\nGold: 456 (-2/turn) | Income: 25 | Maintenance: -27 (units: 9) | Science: 39.0 | Culture: 74.5 | Faith: 1595 | Favor: 79 (+2/turn)\nResearch: Gunpowder | Civic: Mercantilism\nCities: 5 | Population: 32 | Units: 10 \u2014 3 Great Writer, 2 Builder, 1 Swords"
          },
          {
            "tool": "get_cities",
            "result": "5 cities:\n  Rio de Janeiro (pop 11) at (49,23) \u2014 Food 29 Prod 25 Gold 18 Sci 28 Cul 41 | Housing 12 Amenities 13 | Growth: 48/126 food (23t, +7.0/t) | Building: UNIT_CROSSBOWMAN (6 turns) | HP:200/200 Def:45 Gar:HORSEMAN [id:65536]\n    !! SLOW GROWTH: 23 turns to next pop \u2014 needs farm, granary, or t"
          },
          {
            "tool": "get_units",
            "result": "10 units:\n  Crossbowman (UNIT_CROSSBOWMAN) at (48,23) \u2014 CS:30 RS:40 moves 2/2 [id:2883584, idx:0]\n  Swordsman (UNIT_SWORDSMAN) at (53,18) \u2014 CS:35 moves 2/2 **CAN UPGRADE to UNIT_MAN_AT_ARMS (150g)** [id:1966081, idx:1]\n    >> CAN ATTACK: UNIT_MAN_AT_ARMS@53,19(34hp)\n  Rumi (UNIT_GREAT_WRITER) at (48"
          },
          {
            "tool": "get_pending_diplomacy",
            "result": "No pending diplomacy sessions."
          },
          {
            "tool": "get_pending_trades",
            "result": "No pending trade deals."
          },
          {
            "tool": "set_city_production",
            "result": "Error: CANNOT_PRODUCE|BUILDING_GRANARY cannot be produced in this city (already built)"
          },
          {
            "tool": "set_city_production",
            "result": "Error: MISSING_COORDS|DISTRICT_INDUSTRIAL_ZONE is a district and requires target_x/target_y for placement. Use get_district_advisor(city_id, 'DISTRICT_INDUSTRIAL_ZONE') to find the best tile."
          },
          {
            "tool": "move_unit",
            "result": "MOVING_TO|49,21|from:49,22|now_at:49,21|(moved dx:+0 dy:-1)"
          },
          {
            "tool": "move_unit",
            "result": "CAPTURE_MOVE|53,19|from:53,18|now_at:53,19|(moved dx:+0 dy:+1)"
          },
          {
            "tool": "set_city_production",
            "result": "Error: CANNOT_START|BUILDING_AMPHITHEATER cannot start. Hint: AMPHITHEATER may require a completed district or prerequisite building."
          },
          {
            "tool": "set_city_production",
            "result": "PRODUCING|UNIT_SETTLER|7 turns"
          },
          {
            "tool": "set_city_production",
            "result": "Error: CANNOT_START|DISTRICT_INDUSTRIAL_ZONE cannot start. Tried (56,13). Use get_district_advisor for details."
          },
          {
            "tool": "move_unit",
            "result": "MOVING_TO|50,22|from:49,21|now_at:49,21|BLOCKED (tile appears passable - path may be blocked by intermediate tiles)"
          },
          {
            "tool": "move_unit",
            "result": "Error: STACKING_CONFLICT|Friendly UNIT_GREAT_WRITER already on (52,15). Cannot stack same formation class."
          },
          {
            "tool": "move_unit",
            "result": "MOVING_TO|54,15|from:52,16|now_at:53,15|(moved dx:+1 dy:-1)|STOPPED_MID_PATH (moves exhausted)"
          },
          {
            "tool": "set_city_production",
            "result": "Error: ITEM_NOT_FOUND|UNIT_WORKER"
          },
          {
            "tool": "set_research",
            "result": "RESEARCHING_GAMECORE|TECH_MILITARY_TACTICS"
          },
          {
            "tool": "set_city_production",
            "result": "PRODUCING|UNIT_BUILDER|7 turns"
          },
          {
            "tool": "skip_unit",
            "result": "SKIPPED"
          },
          {
            "tool": "skip_unit",
            "result": "SKIPPED"
          },
          {
            "tool": "skip_unit",
            "result": "SKIPPED"
          },
          {
            "tool": "skip_unit",
            "result": "SKIPPED"
          },
          {
            "tool": "skip_unit",
            "result": "SKIPPED"
          },
          {
            "tool": "skip_unit",
            "result": "SKIPPED"
          },
          {
            "tool": "skip_unit",
            "result": "SKIPPED"
          }
        ],
        "promotion_sweep": [],
        "standing_memory": {
          "loaded": false,
          "injected": false,
          "injected_chars": 0,
          "captured_chars": 0,
          "error": ""
        },
        "task_tracker": {
          "active_before": 0,
          "pre_model_results": [],
          "active_after": 0,
          "error": ""
        },
        "channels": {
          "enabled": true,
          "acknowledgements": 1,
          "error": ""
        }
      },
      {
        "player": 3,
        "turn": 173,
        "summary": "scripted: observed; skipped unit 0",
        "actions": [
          {
            "tool": "skip_unit"
          }
        ],
        "promotion_sweep": [],
        "standing_memory": {
          "loaded": false,
          "injected": false,
          "injected_chars": 0,
          "captured_chars": 0,
          "error": ""
        },
        "task_tracker": {
          "active_before": 0,
          "pre_model_results": [],
          "active_after": 0,
          "error": ""
        },
        "channels": {
          "enabled": true,
          "acknowledgements": 0,
          "error": ""
        }
      },
      {
        "player": 1,
        "turn": 174,
        "summary": "I have researched Printing to advance my science and set Preah Vihear to produce a Man-at-Arms for defense. I moved my Settler toward a strong location at (8, 27) to expand my empire, although I could not found the city this turn due to movement constraints.\n\nSummary:\n- Researched Printing.\n- Set Preah Vihear to produce Man-at-Arms.\n- Moved Settler toward (8, 27).",
        "actions": [
          {
            "tool": "get_overview",
            "result": "Turn 174 | Khmer (Jayavarman VII) | Score: 346 | Prince\nGold: 303 (+8/turn) | Income: 38 | Maintenance: -31 (units: 9) | Science: 51.5 | Culture: 49.1 | Faith: 1296 | Favor: 92 (+2/turn)\nResearch: Gunpowder | Civic: Diplomatic Service\nCities: 7 | Population: 47 | Units: 16 \u2014 5 Missionary, 3 Builder,"
          },
          {
            "tool": "get_cities",
            "result": "7 cities:\n  Angkor Thom (pop 14) at (14,31) \u2014 Food 57 Prod 33 Gold 8 Sci 12 Cul 14 | Housing 19 Amenities 11 | Growth: 4/165 food (8t, +29.0/t) | Building: BUILDING_WORKSHOP (3 turns) | Walls 100/100 Garrison 200/200 Def:52 Gar:KHMER_DOMREY [id:65536]\n    Districts: HOLY_SITE(13,29) CAMPUS(14,30) IN"
          },
          {
            "tool": "get_units",
            "result": "16 units:\n  Builder (UNIT_BUILDER) at (14,35) \u2014 moves 2/2 charges:3 [id:3211264, idx:0]\n  Missionary (UNIT_MISSIONARY) at (8,23) \u2014 moves 4/4 charges:3 [BUDDHISM] [id:2228225, idx:1]\n  Missionary (UNIT_MISSIONARY) at (0,32) \u2014 moves 2/2 charges:2 [BUDDHISM] [id:2490370, idx:2]\n  Trader (UNIT_TRADER) a"
          },
          {
            "tool": "set_research",
            "result": "RESEARCHING_GAMECORE|TECH_PRINTING"
          },
          {
            "tool": "set_city_production",
            "result": "PRODUCING|UNIT_MAN_AT_ARMS|4 turns"
          },
          {
            "tool": "found_city",
            "result": "Error: CANNOT_FOUND|Too close to Preah Vihear (settler at 11,27, distance 3, need > 3)\n\nTop 1 settle locations:\n  #1 (8,27): Score 192 \u2014 F:57 P:34 \u2014 no water, defense:2\n     [B] STONE, [B] CATTLE, [B] CATTLE, [B] BANANAS, [L] SPICES"
          },
          {
            "tool": "move_unit",
            "result": "MOVING_TO|8,27|from:11,27|now_at:10,27|(moved dx:-1 dy:+0)|STOPPED_MID_PATH (moves exhausted)"
          },
          {
            "tool": "found_city",
            "result": "Error: CANNOT_FOUND|Unit cannot found cities (not a settler or no moves)\n\nTop 1 settle locations:\n  #1 (8,27): Score 192 \u2014 F:57 P:34 \u2014 no water, defense:2\n     [B] STONE, [B] CATTLE, [B] CATTLE, [B] BANANAS, [L] SPICES"
          },
          {
            "tool": "move_unit",
            "result": "Error: NO_MOVES|Unit has no movement points remaining this turn. Use skip or wait until next turn."
          },
          {
            "tool": "skip_unit",
            "result": "SKIPPED"
          }
        ],
        "promotion_sweep": [],
        "standing_memory": {
          "loaded": false,
          "injected": false,
          "injected_chars": 0,
          "captured_chars": 0,
          "error": ""
        },
        "task_tracker": {
          "active_before": 0,
          "pre_model_results": [],
          "active_after": 0,
          "error": ""
        },
        "channels": {
          "enabled": true,
          "acknowledgements": 0,
          "error": ""
        }
      },
      {
        "player": 2,
        "turn": 174,
        "summary": "max_steps reached",
        "actions": [
          {
            "tool": "get_overview",
            "result": "Turn 174 | Brazil (Pedro II) | Score: 340 | Prince\nGold: 454 (-2/turn) | Income: 25 | Maintenance: -27 (units: 9) | Science: 39.0 | Culture: 74.5 | Faith: 1678 | Favor: 81 (+2/turn)\nResearch: Military Tactics | Civic: Mercantilism\nCities: 5 | Population: 32 | Units: 9 \u2014 3 Great Writer, 1 Swordsman, "
          },
          {
            "tool": "get_pending_diplomacy",
            "result": "No pending diplomacy sessions."
          },
          {
            "tool": "get_pending_trades",
            "result": "No pending trade deals."
          },
          {
            "tool": "get_cities",
            "result": "5 cities:\n  Rio de Janeiro (pop 11) at (49,23) \u2014 Food 29 Prod 25 Gold 18 Sci 28 Cul 41 | Housing 12 Amenities 13 | Growth: 52/126 food (22t, +7.0/t) | Building: UNIT_SETTLER (6 turns) | HP:200/200 Def:45 Gar:HORSEMAN [id:65536]\n    !! SLOW GROWTH: 22 turns to next pop \u2014 needs farm, granary, or trade"
          },
          {
            "tool": "get_units",
            "result": "9 units:\n  Crossbowman (UNIT_CROSSBOWMAN) at (48,23) \u2014 CS:30 RS:40 moves 2/2 [id:2883584, idx:0]\n  Swordsman (UNIT_SWORDSMAN) at (53,19) \u2014 CS:35 moves 2/2 [HP: 77/100] **CAN UPGRADE to UNIT_MAN_AT_ARMS (150g)** [id:1966081, idx:1]\n  Rumi (UNIT_GREAT_WRITER) at (48,23) \u2014 moves 4/4 [id:2949122, idx:2]"
          },
          {
            "tool": "move_unit",
            "result": "MOVING_TO|49,22|from:49,21|now_at:49,22|(moved dx:+0 dy:+1)"
          },
          {
            "tool": "move_unit",
            "result": "Error: STACKING_CONFLICT|Friendly UNIT_SPEARMAN already on (49,22). Cannot stack same formation class."
          },
          {
            "tool": "move_unit",
            "result": "MOVING_TO|50,22|from:53,19|now_at:52,19|(moved dx:-1 dy:+0)|STOPPED_MID_PATH (moves exhausted)"
          },
          {
            "tool": "move_unit",
            "result": "MOVING_TO|51,23|from:49,23|now_at:49,23|BLOCKED (impassable mountain)"
          },
          {
            "tool": "move_unit",
            "result": "MOVING_TO|50,23|from:48,23|now_at:49,24|(moved dx:+1 dy:+1)|STOPPED_MID_PATH (moves exhausted)"
          },
          {
            "tool": "move_unit",
            "result": "Error: STACKING_CONFLICT|Friendly UNIT_CROSSBOWMAN already on (49,24). Cannot stack same formation class."
          },
          {
            "tool": "move_unit",
            "result": "MOVING_TO|47,23|from:49,23|now_at:47,23|(moved dx:-2 dy:+0)"
          },
          {
            "tool": "move_unit",
            "result": "MOVING_TO|55,23|from:56,24|now_at:56,24|BLOCKED (city-state territory (Preslav) - need suzerainty or Open Borders)"
          },
          {
            "tool": "move_unit",
            "result": "MOVING_TO|55,25|from:56,24|now_at:55,25|(moved dx:-1 dy:+1)"
          },
          {
            "tool": "move_unit",
            "result": "Error: STACKING_CONFLICT|Friendly UNIT_GREAT_WRITER already on (52,15). Cannot stack same formation class."
          },
          {
            "tool": "move_unit",
            "result": "MOVING_TO|56,14|from:48,23|now_at:49,20|(moved dx:+1 dy:-3)|STOPPED_MID_PATH (moves exhausted)"
          },
          {
            "tool": "move_unit",
            "result": "MOVING_TO|50,22|from:49,22|now_at:49,22|BLOCKED (tile appears passable - path may be blocked by intermediate tiles)"
          },
          {
            "tool": "move_unit",
            "result": "Error: STACKING_CONFLICT|Friendly UNIT_GREAT_WRITER already on (49,23). Cannot stack same formation class."
          },
          {
            "tool": "move_unit",
            "result": "MOVING_TO|50,21|from:49,22|now_at:49,21|(moved dx:+0 dy:-1)|STOPPED_MID_PATH (moves exhausted)"
          }
        ],
        "promotion_sweep": [],
        "standing_memory": {
          "loaded": false,
          "injected": false,
          "injected_chars": 0,
          "captured_chars": 0,
          "error": ""
        },
        "task_tracker": {
          "active_before": 0,
          "pre_model_results": [],
          "active_after": 0,
          "error": ""
        },
        "channels": {
          "enabled": true,
          "acknowledgements": 1,
          "error": ""
        }
      },
      {
        "player": 3,
        "turn": 174,
        "summary": "scripted: observed; skipped unit 0",
        "actions": [
          {
            "tool": "skip_unit"
          }
        ],
        "promotion_sweep": [],
        "standing_memory": {
          "loaded": false,
          "injected": false,
          "injected_chars": 0,
          "captured_chars": 0,
          "error": ""
        },
        "task_tracker": {
          "active_before": 0,
          "pre_model_results": [],
          "active_after": 0,
          "error": ""
        },
        "channels": {
          "enabled": true,
          "acknowledgements": 0,
          "error": ""
        }
      },
      {
        "player": 1,
        "turn": 175,
        "summary": "I have completed my turn. I have set the following research and production:\n\n- **Research:** Gunpowder\n- **Angkor Thom:** Continuing production of Workshop (2 turns left).\n- **Preah Vihear:** Continuing production of Man-At-Arms (3 turns left).\n- **Kompong Svay:** Producing Monument (7 turns left).\n- **Mahendraparvata:** Producing Monument (3 turns left).\n\nI also reviewed my units and cities to ensure production is optimized for my current stage of development.",
        "actions": [
          {
            "tool": "get_overview",
            "result": "Turn 175 | Khmer (Jayavarman VII) | Score: 347 | Prince\nGold: 310 (+8/turn) | Income: 38 | Maintenance: -31 (units: 9) | Science: 51.5 | Culture: 49.1 | Faith: 1357 | Favor: 94 (+2/turn)\nResearch: Printing | Civic: Diplomatic Service\nCities: 7 | Population: 47 | Units: 16 \u2014 5 Missionary, 3 Builder, "
          },
          {
            "tool": "get_cities",
            "result": "7 cities:\n  Angkor Thom (pop 14) at (14,31) \u2014 Food 57 Prod 33 Gold 8 Sci 12 Cul 14 | Housing 19 Amenities 11 | Growth: 25/165 food (7t, +29.0/t) | Building: BUILDING_WORKSHOP (2 turns) | Walls 100/100 Garrison 200/200 Def:52 Gar:KHMER_DOMREY [id:65536]\n    Districts: HOLY_SITE(13,29) CAMPUS(14,30) I"
          },
          {
            "tool": "get_units",
            "result": "16 units:\n  Builder (UNIT_BUILDER) at (14,35) \u2014 moves 2/2 charges:3 [id:3211264, idx:0]\n  Missionary (UNIT_MISSIONARY) at (8,23) \u2014 moves 4/4 charges:3 [BUDDHISM] [id:2228225, idx:1]\n  Missionary (UNIT_MISSIONARY) at (0,32) \u2014 moves 2/2 charges:2 [BUDDHISM] [id:2490370, idx:2]\n  Trader (UNIT_TRADER) a"
          },
          {
            "tool": "set_research",
            "result": "RESEARCHING_GAMECORE|TECH_GUNPOWDER"
          },
          {
            "tool": "set_city_production",
            "result": "PRODUCING|BUILDING_WORKSHOP|2 turns"
          },
          {
            "tool": "set_city_production",
            "result": "PRODUCING|UNIT_MAN_AT_ARMS|3 turns"
          },
          {
            "tool": "set_city_production",
            "result": "PRODUCING|BUILDING_MONUMENT|7 turns"
          },
          {
            "tool": "set_city_production",
            "result": "PRODUCING|BUILDING_MONUMENT|3 turns"
          }
        ],
        "promotion_sweep": [],
        "standing_memory": {
          "loaded": false,
          "injected": false,
          "injected_chars": 0,
          "captured_chars": 0,
          "error": ""
        },
        "task_tracker": {
          "active_before": 0,
          "pre_model_results": [],
          "active_after": 0,
          "error": ""
        },
        "channels": {
          "enabled": true,
          "acknowledgements": 0,
          "error": ""
        }
      },
      {
        "player": 2,
        "turn": 175,
        "summary": "Good. I've taken the following actions this turn:\n1. Moved builder to (50,21) to help repair pillaged farms in Rio de Janeiro\n2. Fortified Crossbowman (idx 0) and Spearman (idx 10) for defense\n3. Sent a message to Player 3 proposing a new deal to repair relations\n4. Moved Archer to (55,24) for better positioning near S\u00e3o Paulo\n5. Skipped Swordsman (idx 1) and Horseman (idx 9) to preserve them\n\nI've addressed the immediate needs: defending key positions, attempting to repair infrastructure, and reaching out to Player 3 to establish a new diplomatic agreement after the broken deal. The builder is positioned to help with the pillaged farms, and my military units are in defensive positions.\n\nSummary: Turn 175 actions completed - fortified key units, moved builder to repair farms, repositioned archer, sent diplomatic message to Player 3, and skipped vulnerable units. Researching Military Tactics, cities producing Settler, Man-at-Arms, and Builder.",
        "actions": [
          {
            "tool": "get_overview",
            "result": "Turn 175 | Brazil (Pedro II) | Score: 340 | Prince\nGold: 452 (-2/turn) | Income: 25 | Maintenance: -27 (units: 9) | Science: 39.0 | Culture: 74.5 | Faith: 1760 | Favor: 83 (+2/turn)\nResearch: Military Tactics | Civic: Mercantilism\nCities: 5 | Population: 32 | Units: 9 \u2014 3 Great Writer, 1 Swordsman, "
          },
          {
            "tool": "get_pending_diplomacy",
            "result": "No pending diplomacy sessions."
          },
          {
            "tool": "get_pending_trades",
            "result": "No pending trade deals."
          },
          {
            "tool": "get_cities",
            "result": "5 cities:\n  Rio de Janeiro (pop 11) at (49,23) \u2014 Food 29 Prod 25 Gold 18 Sci 28 Cul 41 | Housing 12 Amenities 13 | Growth: 55/126 food (21t, +7.0/t) | Building: UNIT_SETTLER (5 turns) | HP:200/200 Def:35 Gar:none [id:65536]\n    !! SLOW GROWTH: 21 turns to next pop \u2014 needs farm, granary, or trade rou"
          },
          {
            "tool": "get_units",
            "result": "9 units:\n  Crossbowman (UNIT_CROSSBOWMAN) at (49,24) \u2014 CS:30 RS:40 moves 2/2 [id:2883584, idx:0]\n  Swordsman (UNIT_SWORDSMAN) at (52,19) \u2014 CS:35 moves 2/2 [HP: 77/100] **CAN UPGRADE to UNIT_MAN_AT_ARMS (150g)** [id:1966081, idx:1]\n  Rumi (UNIT_GREAT_WRITER) at (49,20) \u2014 moves 4/4 [id:2949122, idx:2]"
          },
          {
            "tool": "move_unit",
            "result": "MOVING_TO|50,21|from:49,21|now_at:50,21|(moved dx:+1 dy:+0)"
          },
          {
            "tool": "fortify_unit",
            "result": "FORTIFIED"
          },
          {
            "tool": "fortify_unit",
            "result": "FORTIFIED"
          },
          {
            "tool": "get_unit_promotions",
            "result": "No promotions available for UNIT_CROSSBOWMAN (id:0)."
          },
          {
            "tool": "get_unit_promotions",
            "result": "No promotions available for UNIT_CROSSBOWMAN (id:0)."
          },
          {
            "tool": "get_unit_promotions",
            "result": "No promotions available for UNIT_SWORDSMAN (id:1)."
          },
          {
            "tool": "move_unit",
            "result": "MOVING_TO|54,24|from:55,25|now_at:55,24|(moved dx:+0 dy:-1)|STOPPED_MID_PATH (moves exhausted)"
          },
          {
            "tool": "skip_unit",
            "result": "SKIPPED"
          },
          {
            "tool": "skip_unit",
            "result": "SKIPPED"
          }
        ],
        "promotion_sweep": [],
        "standing_memory": {
          "loaded": false,
          "injected": false,
          "injected_chars": 0,
          "captured_chars": 0,
          "error": ""
        },
        "task_tracker": {
          "active_before": 0,
          "pre_model_results": [],
          "active_after": 0,
          "error": ""
        },
        "channels": {
          "enabled": true,
          "acknowledgements": 1,
          "error": ""
        }
      },
      {
        "player": 3,
        "turn": 175,
        "summary": "scripted: observed; skipped unit 0",
        "actions": [
          {
            "tool": "skip_unit"
          }
        ],
        "promotion_sweep": [],
        "standing_memory": {
          "loaded": false,
          "injected": false,
          "injected_chars": 0,
          "captured_chars": 0,
          "error": ""
        },
        "task_tracker": {
          "active_before": 0,
          "pre_model_results": [],
          "active_after": 0,
          "error": ""
        },
        "channels": {
          "enabled": true,
          "acknowledgements": 0,
          "error": ""
        }
      },
      {
        "player": 1,
        "turn": 176,
        "summary": "max_steps reached",
        "actions": [
          {
            "tool": "get_overview",
            "result": "Turn 176 | Khmer (Jayavarman VII) | Score: 347 | Prince\nGold: 318 (+8/turn) | Income: 38 | Maintenance: -31 (units: 9) | Science: 51.9 | Culture: 49.4 | Faith: 1417 | Favor: 96 (+2/turn)\nResearch: Gunpowder | Civic: Diplomatic Service\nCities: 7 | Population: 48 | Units: 16 \u2014 5 Missionary, 3 Builder,"
          },
          {
            "tool": "get_cities",
            "result": "7 cities:\n  Angkor Thom (pop 14) at (14,31) \u2014 Food 57 Prod 33 Gold 8 Sci 12 Cul 14 | Housing 19 Amenities 11 | Growth: 45/165 food (6t, +29.0/t) | Building: BUILDING_WORKSHOP (1 turns) | Walls 100/100 Garrison 200/200 Def:52 Gar:KHMER_DOMREY [id:65536]\n    Districts: HOLY_SITE(13,29) CAMPUS(14,30) I"
          },
          {
            "tool": "get_units",
            "result": "16 units:\n  Builder (UNIT_BUILDER) at (14,35) \u2014 moves 2/2 charges:3 [id:3211264, idx:0]\n  Missionary (UNIT_MISSIONARY) at (8,23) \u2014 moves 4/6 charges:3 [BUDDHISM] [id:2228225, idx:1]\n  Missionary (UNIT_MISSIONARY) at (0,32) \u2014 moves 2/4 charges:2 [BUDDHISM] [id:2490370, idx:2]\n  Trader (UNIT_TRADER) a"
          },
          {
            "tool": "set_research",
            "result": "RESEARCHING_GAMECORE|TECH_PRINTING"
          },
          {
            "tool": "set_city_production",
            "result": "Error: CANNOT_PRODUCE|MONUMENT cannot be produced in this city (already built)"
          },
          {
            "tool": "set_city_production",
            "result": "PRODUCING|BUILDING_WORKSHOP|1 turns"
          },
          {
            "tool": "set_city_production",
            "result": "Error: ITEM_NOT_FOUND|MAN_AT_ARMS"
          },
          {
            "tool": "set_city_production",
            "result": "Error: ITEM_NOT_FOUND|MAN_AT_ARMS"
          },
          {
            "tool": "set_city_production",
            "result": "Error: ITEM_NOT_FOUND|MAN_AT_ARMS"
          },
          {
            "tool": "set_city_production",
            "result": "Error: ITEM_NOT_FOUND|MAN_AT_ARMS"
          },
          {
            "tool": "set_city_production",
            "result": "Error: ITEM_NOT_FOUND|MAN_AT_ARMS"
          },
          {
            "tool": "set_city_production",
            "result": "Error: ITEM_NOT_FOUND|MAN_AT_ARMS"
          },
          {
            "tool": "set_city_production",
            "result": "Error: ITEM_NOT_FOUND|MAN_AT_ARMS"
          },
          {
            "tool": "set_city_production",
            "result": "Error: ITEM_NOT_FOUND|MAN_AT_ARMS"
          },
          {
            "tool": "set_city_production",
            "result": "Error: ITEM_NOT_FOUND|MAN_AT_ARMS"
          }
        ],
        "promotion_sweep": [],
        "standing_memory": {
          "loaded": false,
          "injected": false,
          "injected_chars": 0,
          "captured_chars": 0,
          "error": ""
        },
        "task_tracker": {
          "active_before": 0,
          "pre_model_results": [],
          "active_after": 0,
          "error": ""
        },
        "channels": {
          "enabled": true,
          "acknowledgements": 0,
          "error": ""
        }
      },
      {
        "player": 2,
        "turn": 176,
        "summary": "max_steps reached",
        "actions": [
          {
            "tool": "get_overview",
            "result": "Turn 176 | Brazil (Pedro II) | Score: 340 | Prince\nGold: 451 (-2/turn) | Income: 25 | Maintenance: -27 (units: 9) | Science: 39.0 | Culture: 74.5 | Faith: 1842 | Favor: 85 (+2/turn)\nResearch: Military Tactics | Civic: Mercantilism\nCities: 5 | Population: 32 | Units: 9 \u2014 3 Great Writer, 1 Swordsman, "
          },
          {
            "tool": "get_cities",
            "result": "5 cities:\n  Rio de Janeiro (pop 11) at (49,23) \u2014 Food 29 Prod 25 Gold 18 Sci 28 Cul 41 | Housing 12 Amenities 13 | Growth: 58/126 food (20t, +7.0/t) | Building: UNIT_SETTLER (4 turns) | HP:200/200 Def:35 Gar:none [id:65536]\n    !! SLOW GROWTH: 20 turns to next pop \u2014 needs farm, granary, or trade rou"
          },
          {
            "tool": "get_units",
            "result": "9 units:\n  Crossbowman (UNIT_CROSSBOWMAN) at (49,24) \u2014 CS:30 RS:40 moves 2/2 [id:2883584, idx:0]\n  Swordsman (UNIT_SWORDSMAN) at (52,19) \u2014 CS:35 moves 2/2 [HP: 97/100] **CAN UPGRADE to UNIT_MAN_AT_ARMS (150g)** [id:1966081, idx:1]\n  Rumi (UNIT_GREAT_WRITER) at (49,20) \u2014 moves 4/4 [id:2949122, idx:2]"
          },
          {
            "tool": "get_pending_diplomacy",
            "result": "No pending diplomacy sessions."
          },
          {
            "tool": "get_pending_trades",
            "result": "No pending trade deals."
          },
          {
            "tool": "move_unit",
            "result": "MOVING_TO|50,22|from:50,21|now_at:50,22|(moved dx:+0 dy:+1)"
          },
          {
            "tool": "move_unit",
            "result": "Error: NO_MOVES|Unit has no movement points remaining this turn. Use skip or wait until next turn."
          },
          {
            "tool": "skip_unit",
            "result": "SKIPPED"
          },
          {
            "tool": "set_research",
            "result": "Error: ALREADY_COMPLETED|TECH_ENGINEERING is already researched"
          },
          {
            "tool": "set_research",
            "result": "Error: TECH_NOT_FOUND|TECH_THEATER_OF_WAR"
          },
          {
            "tool": "set_research",
            "result": "RESEARCHING_GAMECORE|TECH_ASTRONOMY"
          },
          {
            "tool": "move_unit",
            "result": "MOVING_TO|45,23|from:47,23|now_at:45,23|(moved dx:-2 dy:+0)"
          },
          {
            "tool": "move_unit",
            "result": "MOVING_TO|49,23|from:49,24|now_at:49,23|(moved dx:+0 dy:-1)"
          },
          {
            "tool": "move_unit",
            "result": "Error: STACKING_CONFLICT|Friendly UNIT_CROSSBOWMAN already on (49,23). Cannot stack same formation class."
          },
          {
            "tool": "move_unit",
            "result": "MOVING_TO|48,23|from:49,22|now_at:48,23|(moved dx:-1 dy:+1)"
          }
        ],
        "promotion_sweep": [],
        "standing_memory": {
          "loaded": false,
          "injected": false,
          "injected_chars": 0,
          "captured_chars": 0,
          "error": ""
        },
        "task_tracker": {
          "active_before": 0,
          "pre_model_results": [],
          "active_after": 0,
          "error": ""
        },
        "channels": {
          "enabled": true,
          "acknowledgements": 1,
          "error": ""
        }
      },
      {
        "player": 3,
        "turn": 176,
        "summary": "scripted: observed; skipped unit 0",
        "actions": [
          {
            "tool": "skip_unit"
          }
        ],
        "promotion_sweep": [],
        "standing_memory": {
          "loaded": false,
          "injected": false,
          "injected_chars": 0,
          "captured_chars": 0,
          "error": ""
        },
        "task_tracker": {
          "active_before": 0,
          "pre_model_results": [],
          "active_after": 0,
          "error": ""
        },
        "channels": {
          "enabled": true,
          "acknowledgements": 0,
          "error": ""
        }
      },
      {
        "player": 1,
        "turn": 177,
        "summary": "I have started researching Gunpowder and set the production for Preah Vihear to produce a Man-at-Arms. Kompong Svay continues work on a Monument.\n\nSummary:\n- Researching: Gunpowder\n- Preah Vihear: Producing Man-at-Arms\n- Kompong Svay: Producing Monument",
        "actions": [
          {
            "tool": "get_overview",
            "result": "Turn 177 | Khmer (Jayavarman VII) | Score: 348 | Prince\nGold: 325 (+6/turn) | Income: 38 | Maintenance: -32 (units: 9) | Science: 54.8 | Culture: 52.9 | Faith: 1482 | Favor: 98 (+2/turn)\nResearch: Printing | Civic: Humanism\nCities: 7 | Population: 50 | Units: 16 \u2014 5 Missionary, 3 Builder, 2 Guru, 2 "
          },
          {
            "tool": "get_cities",
            "result": "7 cities:\n  Angkor Thom (pop 14) at (14,31) \u2014 Food 57 Prod 38 Gold 9 Sci 14 Cul 16 | Housing 19 Amenities 12 | Growth: 70/165 food (4t, +29.0/t) | Building: nothing | Walls 100/100 Garrison 200/200 Def:52 Gar:KHMER_DOMREY [id:65536]\n    Districts: HOLY_SITE(13,29) CAMPUS(14,30) INDUSTRIAL_ZONE(12,31"
          },
          {
            "tool": "get_units",
            "result": "16 units:\n  Builder (UNIT_BUILDER) at (14,35) \u2014 moves 2/2 charges:3 [id:3211264, idx:0]\n  Missionary (UNIT_MISSIONARY) at (8,23) \u2014 moves 6/6 charges:3 [BUDDHISM] [id:2228225, idx:1]\n  Missionary (UNIT_MISSIONARY) at (0,32) \u2014 moves 4/4 charges:2 [BUDDHISM] [id:2490370, idx:2]\n  Trader (UNIT_TRADER) a"
          },
          {
            "tool": "set_research",
            "result": "RESEARCHING_GAMECORE|TECH_GUNPOWDER"
          },
          {
            "tool": "set_city_production",
            "result": "PRODUCING|UNIT_MAN_AT_ARMS|1 turns"
          },
          {
            "tool": "set_city_production",
            "result": "PRODUCING|BUILDING_MONUMENT|4 turns"
          }
        ],
        "promotion_sweep": [],
        "standing_memory": {
          "loaded": false,
          "injected": false,
          "injected_chars": 0,
          "captured_chars": 0,
          "error": ""
        },
        "task_tracker": {
          "active_before": 0,
          "pre_model_results": [],
          "active_after": 0,
          "error": ""
        },
        "channels": {
          "enabled": true,
          "acknowledgements": 0,
          "error": ""
        }
      },
      {
        "player": 2,
        "turn": 177,
        "summary": "Astronomy is already being researched, so that's fine. Let me summarize the actions taken this turn:\n\n**Turn 177 Summary:**\n- Set Curitiba (id 131073) to produce CROSSBOWMAN (4 turns)\n- Set S\u00e3o Paulo (id 196610) to produce CROSSBOWMAN (17 turns)\n- Rio de Janeiro continues producing SETTLER (3 turns remaining)\n- Moved Builder to (50,21) to be near pillaged farms, then skipped it\n- Confirmed research is on Astronomy\n- Deal-000003 proposed to Player 3 is still pending acceptance (deadline turn 179) - offering 100 gold up front in exchange for keeping my military units 3 tiles away from their lands\n- No pending diplomacy or trade deals to respond to\n- Gold: 449, negative income (-5/turn) due to unit maintenance\n\nThe main ongoing item is the deal with Player 3 which they need to respond to within 2 turns.",
        "actions": [
          {
            "tool": "get_overview",
            "result": "Turn 177 | Brazil (Pedro II) | Score: 340 | Prince\nGold: 449 (-5/turn) | Income: 25 | Maintenance: -30 (units: 12) | Science: 39.0 | Culture: 74.5 | Faith: 1920 | Favor: 87 (+3/turn)\nResearch: Astronomy | Civic: Mercantilism\nCities: 5 | Population: 32 | Units: 10 \u2014 3 Great Writer, 1 Horseman, 1 Buil"
          },
          {
            "tool": "get_cities",
            "result": "5 cities:\n  Rio de Janeiro (pop 11) at (49,23) \u2014 Food 29 Prod 25 Gold 18 Sci 28 Cul 41 | Housing 12 Amenities 13 | Growth: 62/126 food (19t, +7.0/t) | Building: UNIT_SETTLER (3 turns) | HP:200/200 Def:44 Gar:CROSSBOWMAN [id:65536]\n    !! SLOW GROWTH: 19 turns to next pop \u2014 needs farm, granary, or tr"
          },
          {
            "tool": "get_units",
            "result": "10 units:\n  Crossbowman (UNIT_CROSSBOWMAN) at (49,23) \u2014 CS:30 RS:40 moves 2/2 [id:2883584, idx:0]\n  Swordsman (UNIT_SWORDSMAN) at (52,19) \u2014 CS:35 moves 2/2 **CAN UPGRADE to UNIT_MAN_AT_ARMS (150g)** [id:1966081, idx:1]\n  Rumi (UNIT_GREAT_WRITER) at (49,20) \u2014 moves 4/4 [id:2949122, idx:2]\n  Li Bai (U"
          },
          {
            "tool": "get_pending_diplomacy",
            "result": "No pending diplomacy sessions."
          },
          {
            "tool": "get_pending_trades",
            "result": "No pending trade deals."
          },
          {
            "tool": "move_unit",
            "result": "MOVING_TO|50,21|from:50,22|now_at:50,21|(moved dx:+0 dy:-1)"
          },
          {
            "tool": "set_city_production",
            "result": "Error: CANNOT_PRODUCE|MARKET cannot be produced in this city (requires DISTRICT_COMMERCIAL_HUB district)"
          },
          {
            "tool": "set_city_production",
            "result": "Error: CANNOT_PRODUCE|MARKET cannot be produced in this city"
          },
          {
            "tool": "move_unit",
            "result": "Error: NO_MOVES|Unit has no movement points remaining this turn. Use skip or wait until next turn."
          },
          {
            "tool": "set_city_production",
            "result": "Error: CANNOT_PRODUCE|BANK cannot be produced in this city"
          },
          {
            "tool": "set_city_production",
            "result": "Error: CANNOT_PRODUCE|TEMPLE cannot be produced in this city (already built)"
          },
          {
            "tool": "set_city_production",
            "result": "Error: CANNOT_PRODUCE|MARKET cannot be produced in this city"
          },
          {
            "tool": "set_city_production",
            "result": "Error: MISSING_COORDS|COMMERCIAL_HUB is a district and requires target_x/target_y for placement. Use get_district_advisor(city_id, 'COMMERCIAL_HUB') to find the best tile."
          },
          {
            "tool": "set_city_production",
            "result": "Error: ITEM_NOT_FOUND|MAN_AT_ARMS"
          },
          {
            "tool": "set_city_production",
            "result": "Error: ITEM_NOT_FOUND|MAN_AT_ARMS"
          },
          {
            "tool": "set_city_production",
            "result": "PRODUCING|UNIT_CROSSBOWMAN|17 turns"
          },
          {
            "tool": "set_city_production",
            "result": "PRODUCING|UNIT_CROSSBOWMAN|4 turns"
          },
          {
            "tool": "promote_unit",
            "result": "Error: PROMOTION_NOT_FOUND|UPGRADE_MAN_AT_ARMS"
          },
          {
            "tool": "get_unit_promotions",
            "result": "No promotions available for UNIT_SWORDSMAN (id:1)."
          },
          {
            "tool": "skip_unit",
            "result": "SKIPPED"
          },
          {
            "tool": "set_research",
            "result": "RESEARCHING|TECH_ASTRONOMY"
          }
        ],
        "promotion_sweep": [],
        "standing_memory": {
          "loaded": false,
          "injected": false,
          "injected_chars": 0,
          "captured_chars": 0,
          "error": ""
        },
        "task_tracker": {
          "active_before": 0,
          "pre_model_results": [],
          "active_after": 0,
          "error": ""
        },
        "channels": {
          "enabled": true,
          "acknowledgements": 0,
          "error": ""
        }
      },
      {
        "player": 3,
        "turn": 177,
        "summary": "scripted: observed; skipped unit 0",
        "actions": [
          {
            "tool": "skip_unit"
          }
        ],
        "promotion_sweep": [],
        "standing_memory": {
          "loaded": false,
          "injected": false,
          "injected_chars": 0,
          "captured_chars": 0,
          "error": ""
        },
        "task_tracker": {
          "active_before": 0,
          "pre_model_results": [],
          "active_after": 0,
          "error": ""
        },
        "channels": {
          "enabled": true,
          "acknowledgements": 0,
          "error": ""
        }
      },
      {
        "player": 1,
        "turn": 178,
        "summary": "I have begun my turn. I've set research to Printing and ordered Preah Vihear to produce a Builder to address its slow growth. I've also moved a Builder closer to potential improvement tiles.\n\nSummary:\n- Researching: Printing\n- City Production: Preah Vihear is producing a Builder.\n- Unit Movement: Moved Builder (idx 0) towards (15, 36).",
        "actions": [
          {
            "tool": "get_overview",
            "result": "Turn 178 | Khmer (Jayavarman VII) | Score: 355 | Prince\nGold: 332 (+3/turn) | Income: 38 | Maintenance: -35 (units: 12) | Science: 54.8 | Culture: 54.7 | Faith: 1551 | Favor: 100 (+2/turn)\nResearch: Gunpowder | Civic: Humanism\nCities: 7 | Population: 50 | Units: 17 \u2014 5 Missionary, 3 Builder, 3 Man-A"
          },
          {
            "tool": "get_cities",
            "result": "7 cities:\n  Angkor Thom (pop 14) at (14,31) \u2014 Food 57 Prod 40 Gold 9 Sci 14 Cul 16 | Housing 19 Amenities 12 | Growth: 94/165 food (3t, +29.0/t) | Building: UNIT_SPY (5 turns) | Walls 100/100 Garrison 200/200 Def:52 Gar:KHMER_DOMREY [id:65536]\n    Districts: HOLY_SITE(13,29) CAMPUS(14,30) INDUSTRIAL"
          },
          {
            "tool": "get_units",
            "result": "17 units:\n  Builder (UNIT_BUILDER) at (14,35) \u2014 moves 2/2 charges:3 [id:3211264, idx:0]\n  Missionary (UNIT_MISSIONARY) at (8,23) \u2014 moves 6/6 charges:3 [BUDDHISM] [id:2228225, idx:1]\n  Missionary (UNIT_MISSIONARY) at (0,32) \u2014 moves 4/4 charges:2 [BUDDHISM] [id:2490370, idx:2]\n  Trader (UNIT_TRADER) a"
          },
          {
            "tool": "set_research",
            "result": "RESEARCHING_GAMECORE|TECH_PRINTING"
          },
          {
            "tool": "set_city_production",
            "result": "Error: MISSING_COORDS|IMPROVEMENT_FARM is a district and requires target_x/target_y for placement. Use get_district_advisor(city_id, 'IMPROVEMENT_FARM') to find the best tile."
          },
          {
            "tool": "set_city_production",
            "result": "PRODUCING|UNIT_BUILDER|4 turns"
          },
          {
            "tool": "move_unit",
            "result": "MOVING_TO|15,36|from:14,35|now_at:15,36|(moved dx:+1 dy:+1)"
          }
        ],
        "promotion_sweep": [],
        "standing_memory": {
          "loaded": false,
          "injected": false,
          "injected_chars": 0,
          "captured_chars": 0,
          "error": ""
        },
        "task_tracker": {
          "active_before": 0,
          "pre_model_results": [],
          "active_after": 0,
          "error": ""
        },
        "channels": {
          "enabled": true,
          "acknowledgements": 0,
          "error": ""
        }
      },
      {
        "player": 2,
        "turn": 178,
        "summary": "Good, Crossbowman fortified. Let me also consider the deal situation - I'm Player 2 and I proposed deal-000003 to Player 3. They need to accept it by turn 179. I've sent a reminder message.\n\nLet me also check if there are any other deals or pending responses I need to handle. Looking at the channel state again:\n- deal-000002 is broken (my fault - I didn't accept payment)\n- deal-000003 is proposed by me, awaiting Player 3's response by turn 179\n\nI think I've done reasonable actions for this turn:\n1. Moved builder toward Rio's pillaged farms\n2. Sent reminder message to Player 3 about the expiring deal\n3. Fortified the Crossbowman\n\nLet me finish the turn. I'll wait to see if Player 3 responds to the deal next turn.\n\n**Summary for turn 178:**\n- Moved builder toward Rio to repair pillaged farms\n- Sent reminder to Player 3 about deal-000003 (expires turn 179) - keeping military units 3 tiles away for 100 gold\n- Fortified Crossbowman at (49,23) for defense\n- Waiting for Player 3's response to the deal proposal",
        "actions": [
          {
            "tool": "get_overview",
            "result": "Turn 178 | Brazil (Pedro II) | Score: 340 | Prince\nGold: 445 (-4/turn) | Income: 25 | Maintenance: -29 (units: 12) | Science: 39.5 | Culture: 69.4 | Faith: 1998 | Favor: 89 (+2/turn)\nResearch: Astronomy | Civic: Mercantilism\nCities: 5 | Population: 33 | Units: 10 \u2014 3 Great Writer, 1 Horseman, 1 Buil"
          },
          {
            "tool": "get_units",
            "result": "10 units:\n  Crossbowman (UNIT_CROSSBOWMAN) at (49,23) \u2014 CS:30 RS:40 moves 2/2 [id:2883584, idx:0]\n  Swordsman (UNIT_SWORDSMAN) at (52,19) \u2014 CS:35 moves 2/2 **CAN UPGRADE to UNIT_MAN_AT_ARMS (150g)** [id:1966081, idx:1]\n  Rumi (UNIT_GREAT_WRITER) at (49,20) \u2014 moves 4/4 [id:2949122, idx:2]\n  Li Bai (U"
          },
          {
            "tool": "get_cities",
            "result": "5 cities:\n  Rio de Janeiro (pop 11) at (49,23) \u2014 Food 29 Prod 26 Gold 18 Sci 28 Cul 41 | Housing 12 Amenities 13 | Growth: 66/126 food (18t, +7.0/t) | Building: UNIT_SETTLER (2 turns) | HP:200/200 Def:44 Gar:CROSSBOWMAN [id:65536]\n    !! SLOW GROWTH: 18 turns to next pop \u2014 needs farm, granary, or tr"
          },
          {
            "tool": "get_pending_diplomacy",
            "result": "No pending diplomacy sessions."
          },
          {
            "tool": "get_pending_trades",
            "result": "No pending trade deals."
          },
          {
            "tool": "move_unit",
            "result": "MOVING_TO|49,22|from:50,21|now_at:49,22|(moved dx:-1 dy:+1)"
          },
          {
            "tool": "set_city_production",
            "result": "Error: ITEM_NOT_FOUND|FARM"
          },
          {
            "tool": "set_city_production",
            "result": "Error: MISSING_COORDS|CAMPUS is a district and requires target_x/target_y for placement. Use get_district_advisor(city_id, 'CAMPUS') to find the best tile."
          },
          {
            "tool": "fortify_unit",
            "result": "FORTIFIED"
          }
        ],
        "promotion_sweep": [],
        "standing_memory": {
          "loaded": false,
          "injected": false,
          "injected_chars": 0,
          "captured_chars": 0,
          "error": ""
        },
        "task_tracker": {
          "active_before": 0,
          "pre_model_results": [],
          "active_after": 0,
          "error": ""
        },
        "channels": {
          "enabled": true,
          "acknowledgements": 1,
          "error": ""
        }
      },
      {
        "player": 3,
        "turn": 178,
        "summary": "scripted: observed; skipped unit 0",
        "actions": [
          {
            "tool": "skip_unit"
          }
        ],
        "promotion_sweep": [],
        "standing_memory": {
          "loaded": false,
          "injected": false,
          "injected_chars": 0,
          "captured_chars": 0,
          "error": ""
        },
        "task_tracker": {
          "active_before": 0,
          "pre_model_results": [],
          "active_after": 0,
          "error": ""
        },
        "channels": {
          "enabled": true,
          "acknowledgements": 0,
          "error": ""
        }
      },
      {
        "player": 1,
        "turn": 179,
        "summary": "I have started researching Gunpowder to improve my military capabilities. In my capital, Angkor Thom, I am producing a Spy, while Preah Vihear is working on a Builder and Kompong Svay is working on a Monument to improve its culture and stability.\n\nSummary:\n- Researched: Gunpowder\n- City Production: Angkor Thom (Spy), Preah Vihear (Builder), Kompong Svay (Monument)",
        "actions": [
          {
            "tool": "get_overview",
            "result": "Turn 179 | Khmer (Jayavarman VII) | Score: 356 | Prince\nGold: 334 (+0/turn) | Income: 38 | Maintenance: -38 (units: 15) | Science: 55.0 | Culture: 54.8 | Faith: 1619 | Favor: 102 (+2/turn)\nResearch: Stirrups | Civic: Humanism\nCities: 7 | Population: 50 | Units: 19 \u2014 5 Missionary, 3 Builder, 3 Man-At"
          },
          {
            "tool": "get_cities",
            "result": "7 cities:\n  Angkor Thom (pop 14) at (14,31) \u2014 Food 57 Prod 40 Gold 9 Sci 14 Cul 16 | Housing 19 Amenities 12 | Growth: 119/165 food (2t, +29.0/t) | Building: UNIT_SPY (4 turns) | Walls 100/100 Garrison 200/200 Def:52 Gar:KHMER_DOMREY [id:65536]\n    Districts: HOLY_SITE(13,29) CAMPUS(14,30) INDUSTRIA"
          },
          {
            "tool": "get_units",
            "result": "19 units:\n  Builder (UNIT_BUILDER) at (15,36) \u2014 moves 2/2 charges:3 [id:3211264, idx:0]\n    >> Can build: IMPROVEMENT_LUMBER_MILL\n  Missionary (UNIT_MISSIONARY) at (8,23) \u2014 moves 6/6 charges:3 [BUDDHISM] [id:2228225, idx:1]\n  Missionary (UNIT_MISSIONARY) at (0,32) \u2014 moves 4/4 charges:2 [BUDDHISM] [i"
          },
          {
            "tool": "set_research",
            "result": "RESEARCHING_GAMECORE|TECH_GUNPOWDER"
          },
          {
            "tool": "set_city_production",
            "result": "PRODUCING|UNIT_SPY|4 turns"
          },
          {
            "tool": "set_city_production",
            "result": "PRODUCING|UNIT_BUILDER|3 turns"
          },
          {
            "tool": "set_city_production",
            "result": "PRODUCING|BUILDING_MONUMENT|2 turns"
          }
        ],
        "promotion_sweep": [],
        "standing_memory": {
          "loaded": false,
          "injected": false,
          "injected_chars": 0,
          "captured_chars": 0,
          "error": ""
        },
        "task_tracker": {
          "active_before": 0,
          "pre_model_results": [],
          "active_after": 0,
          "error": ""
        },
        "channels": {
          "enabled": true,
          "acknowledgements": 0,
          "error": ""
        }
      },
      {
        "player": 2,
        "turn": 179,
        "summary": "I've skipped all units. Now let me consider if I need to set any production or research. The cities seem to have reasonable production queues:\n- Rio de Janeiro: Settler (almost done)\n- Curitiba: Crossbowman\n- S\u00e3o Paulo: Crossbowman (slow at 16 turns)\n\nI could potentially change S\u00e3o Paulo's production to something faster or more useful. But for now, let me leave it.\n\nI should also consider the deal with Player 3. Since I proposed deal-000003 and it expires on turn 179, and I don't see any response from Player 3, the deal will likely expire. I don't need to do anything about it.\n\nLet me finish the turn with a summary.\n\nSummary for turn 179:\n- Moved the Builder to (50,22) to potentially repair pillaged tiles.\n- Moved the Horseman to (46,24) to explore/reposition.\n- Skipped all units that couldn't take useful actions (Man-At-Arms couldn't reach the Skirmisher due to pathing issues).\n- No pending diplomacy or trades to handle.\n- The proposed deal (deal-000003) with Player 3 expires this turn; awaiting their response.\n- Rio de Janeiro will complete the Settler next turn for expansion.\n- I'm 23 points short of avoiding a Dark Age, so I need to focus on culture/favor generation.",
        "actions": [
          {
            "tool": "get_overview",
            "result": "Turn 179 | Brazil (Pedro II) | Score: 341 | Prince\nGold: 443 (-2/turn) | Income: 25 | Maintenance: -27 (units: 12) | Science: 39.2 | Culture: 69.2 | Faith: 2076 | Favor: 91 (+2/turn)\nResearch: Astronomy | Civic: Mercantilism\nCities: 5 | Population: 33 | Units: 10 \u2014 3 Great Writer, 1 Horseman, 1 Buil"
          },
          {
            "tool": "get_units",
            "result": "10 units:\n  Crossbowman (UNIT_CROSSBOWMAN) at (49,23) \u2014 CS:30 RS:40 moves 2/2 [id:2883584, idx:0]\n  Swordsman (UNIT_SWORDSMAN) at (52,19) \u2014 CS:35 moves 2/2 **CAN UPGRADE to UNIT_MAN_AT_ARMS (150g)** [id:1966081, idx:1]\n  Rumi (UNIT_GREAT_WRITER) at (49,20) \u2014 moves 4/4 [id:2949122, idx:2]\n  Li Bai (U"
          },
          {
            "tool": "get_cities",
            "result": "5 cities:\n  Rio de Janeiro (pop 11) at (49,23) \u2014 Food 29 Prod 26 Gold 18 Sci 28 Cul 41 | Housing 12 Amenities 12 | Growth: 69/126 food (17t, +7.0/t) | Building: UNIT_SETTLER (1 turns) | HP:200/200 Def:44 Gar:CROSSBOWMAN [id:65536]\n    !! SLOW GROWTH: 17 turns to next pop \u2014 needs farm, granary, or tr"
          },
          {
            "tool": "get_pending_diplomacy",
            "result": "No pending diplomacy sessions."
          },
          {
            "tool": "get_pending_trades",
            "result": "No pending trade deals."
          },
          {
            "tool": "move_unit",
            "result": "CAPTURE_MOVE|53,14|from:52,15|now_at:52,15|BLOCKED (tile appears passable - path may be blocked by intermediate tiles)"
          },
          {
            "tool": "move_unit",
            "result": "MOVING_TO|50,22|from:49,22|now_at:50,22|(moved dx:+1 dy:+0)"
          },
          {
            "tool": "move_unit",
            "result": "Error: NO_MOVES|Unit has no movement points remaining this turn. Use skip or wait until next turn."
          },
          {
            "tool": "move_unit",
            "result": "MOVING_TO|46,24|from:45,23|now_at:46,24|(moved dx:+1 dy:+1)"
          },
          {
            "tool": "skip_unit",
            "result": "SKIPPED"
          },
          {
            "tool": "skip_unit",
            "result": "SKIPPED"
          },
          {
            "tool": "skip_unit",
            "result": "SKIPPED"
          },
          {
            "tool": "skip_unit",
            "result": "SKIPPED"
          },
          {
            "tool": "skip_unit",
            "result": "SKIPPED"
          },
          {
            "tool": "skip_unit",
            "result": "SKIPPED"
          },
          {
            "tool": "skip_unit",
            "result": "SKIPPED"
          },
          {
            "tool": "skip_unit",
            "result": "SKIPPED"
          }
        ],
        "promotion_sweep": [],
        "standing_memory": {
          "loaded": false,
          "injected": false,
          "injected_chars": 0,
          "captured_chars": 0,
          "error": ""
        },
        "task_tracker": {
          "active_before": 0,
          "pre_model_results": [],
          "active_after": 0,
          "error": ""
        },
        "channels": {
          "enabled": true,
          "acknowledgements": 0,
          "error": ""
        }
      },
      {
        "player": 3,
        "turn": 179,
        "summary": "scripted: observed; skipped unit 0",
        "actions": [
          {
            "tool": "skip_unit"
          }
        ],
        "promotion_sweep": [],
        "standing_memory": {
          "loaded": false,
          "injected": false,
          "injected_chars": 0,
          "captured_chars": 0,
          "error": ""
        },
        "task_tracker": {
          "active_before": 0,
          "pre_model_results": [],
          "active_after": 0,
          "error": ""
        },
        "channels": {
          "enabled": true,
          "acknowledgements": 0,
          "error": ""
        }
      },
      {
        "player": 1,
        "turn": 180,
        "summary": "I have updated my research to Gunpowder (continuing/re-verifying) and set production in Preah Vihear for a Builder and Kompong Svay for a Monument to improve infrastructure. \n\nSummary:\n- Research: Gunpowder\n- Production: Preah Vihear (Builder), Kompong Svay (Monument)\n- Turn ended.",
        "actions": [
          {
            "tool": "get_overview",
            "result": "Turn 180 | Khmer (Jayavarman VII) | Score: 365 | Prince\nGold: 335 (+0/turn) | Income: 38 | Maintenance: -38 (units: 15) | Science: 55.0 | Culture: 54.8 | Faith: 1688 | Favor: 104 (+2/turn)\nResearch: Gunpowder | Civic: Humanism\nCities: 7 | Population: 50 | Units: 19 \u2014 5 Missionary, 3 Builder, 3 Man-A"
          },
          {
            "tool": "get_cities",
            "result": "7 cities:\n  Angkor Thom (pop 14) at (14,31) \u2014 Food 57 Prod 40 Gold 9 Sci 14 Cul 16 | Housing 19 Amenities 12 | Growth: 144/165 food (1t, +29.0/t) | Building: UNIT_SPY (3 turns) | Walls 100/100 Garrison 200/200 Def:52 Gar:KHMER_DOMREY [id:65536]\n    Districts: HOLY_SITE(13,29) CAMPUS(14,30) INDUSTRIA"
          },
          {
            "tool": "get_units",
            "result": "19 units:\n  Builder (UNIT_BUILDER) at (15,36) \u2014 moves 2/2 charges:3 [id:3211264, idx:0]\n    >> Can build: IMPROVEMENT_LUMBER_MILL\n  Missionary (UNIT_MISSIONARY) at (8,23) \u2014 moves 6/6 charges:3 [BUDDHISM] [id:2228225, idx:1]\n  Missionary (UNIT_MISSIONARY) at (0,32) \u2014 moves 4/4 charges:2 [BUDDHISM] [i"
          },
          {
            "tool": "set_research",
            "result": "Error: TECH_NOT_FOUND|TECH_METALLURGY"
          },
          {
            "tool": "set_research",
            "result": "RESEARCHING|TECH_GUNPOWDER"
          },
          {
            "tool": "set_city_production",
            "result": "PRODUCING|UNIT_BUILDER|2 turns"
          },
          {
            "tool": "set_city_production",
            "result": "PRODUCING|BUILDING_MONUMENT|1 turns"
          }
        ],
        "promotion_sweep": [],
        "standing_memory": {
          "loaded": false,
          "injected": false,
          "injected_chars": 0,
          "captured_chars": 0,
          "error": ""
        },
        "task_tracker": {
          "active_before": 0,
          "pre_model_results": [],
          "active_after": 0,
          "error": ""
        },
        "channels": {
          "enabled": true,
          "acknowledgements": 0,
          "error": ""
        }
      },
      {
        "player": 2,
        "turn": 180,
        "summary": "max_steps reached",
        "actions": [
          {
            "tool": "get_overview",
            "result": "Turn 180 | Brazil (Pedro II) | Score: 341 | Prince\nGold: 440 (+10/turn) | Income: 37 | Maintenance: -27 (units: 12) | Science: 37.4 | Culture: 67.6 | Faith: 2154 | Favor: 93 (+2/turn)\nResearch: Astronomy | Civic: Nationalism\nCities: 5 | Population: 32 | Units: 11 \u2014 3 Great Writer, 1 Spearman, 1 Swor"
          },
          {
            "tool": "get_pending_diplomacy",
            "result": "No pending diplomacy sessions."
          },
          {
            "tool": "get_pending_trades",
            "result": "No pending trade deals."
          },
          {
            "tool": "get_units",
            "result": "11 units:\n  Crossbowman (UNIT_CROSSBOWMAN) at (49,23) \u2014 CS:30 RS:40 moves 2/2 [id:2883584, idx:0]\n  Swordsman (UNIT_SWORDSMAN) at (52,19) \u2014 CS:35 moves 2/2 **CAN UPGRADE to UNIT_MAN_AT_ARMS (150g)** [id:1966081, idx:1]\n  Rumi (UNIT_GREAT_WRITER) at (49,20) \u2014 moves 4/4 [id:2949122, idx:2]\n  Li Bai (U"
          },
          {
            "tool": "get_cities",
            "result": "5 cities:\n  Rio de Janeiro (pop 10) at (49,23) \u2014 Food 29 Prod 26 Gold 18 Sci 26 Cul 39 | Housing 12 Amenities 11 | Growth: 78/114 food (4t, +9.0/t) | Building: nothing | HP:200/200 Def:44 Gar:CROSSBOWMAN [id:65536]\n    Districts: HOLY_SITE(50,21) CAMPUS(48,25) THEATER(51,24) ENCAMPMENT(47,23)\n    Bu"
          },
          {
            "tool": "move_unit",
            "result": "MOVING_TO|52,23|from:49,23|now_at:49,23|BLOCKED (impassable mountain)"
          },
          {
            "tool": "move_unit",
            "result": "MOVING_TO|50,21|from:50,22|now_at:50,21|(moved dx:+0 dy:-1)"
          },
          {
            "tool": "move_unit",
            "result": "MOVING_TO|49,24|from:49,23|now_at:49,24|(moved dx:+0 dy:+1)"
          },
          {
            "tool": "move_unit",
            "result": "MOVING_TO|49,25|from:49,24|now_at:49,24|BLOCKED (impassable mountain)"
          },
          {
            "tool": "move_unit",
            "result": "MOVING_TO|50,24|from:49,24|now_at:49,24|BLOCKED (tile appears passable - path may be blocked by intermediate tiles)"
          },
          {
            "tool": "move_unit",
            "result": "MOVING_TO|48,24|from:49,24|now_at:48,24|(moved dx:-1 dy:+0)"
          },
          {
            "tool": "set_city_production",
            "result": "Error: CANNOT_PRODUCE|UNIVERSITY cannot be produced in this city"
          },
          {
            "tool": "set_research",
            "result": "Error: TECH_NOT_FOUND|TECH_PRINTING_PRESS"
          },
          {
            "tool": "set_city_production",
            "result": "Error: ITEM_NOT_FOUND|TEMPLATE_WORKSHOP"
          },
          {
            "tool": "set_research",
            "result": "RESEARCHING_GAMECORE|TECH_GUNPOWDER"
          },
          {
            "tool": "set_city_production",
            "result": "Error: CANNOT_PRODUCE|BANK cannot be produced in this city (requires DISTRICT_COMMERCIAL_HUB district)"
          },
          {
            "tool": "set_city_production",
            "result": "Error: MISSING_COORDS|COMMERCIAL_HUB is a district and requires target_x/target_y for placement. Use get_district_advisor(city_id, 'COMMERCIAL_HUB') to find the best tile."
          },
          {
            "tool": "set_city_production",
            "result": "Error: ITEM_NOT_FOUND|COMMERCIAL_HUB"
          },
          {
            "tool": "set_city_production",
            "result": "Error: ITEM_NOT_FOUND|MAN_AT_ARMS"
          },
          {
            "tool": "set_city_production",
            "result": "Error: ITEM_NOT_FOUND|MAN_AT_ARMS"
          },
          {
            "tool": "set_city_production",
            "result": "Error: CANNOT_PRODUCE|AMPHITHEATER cannot be produced in this city (already built)"
          },
          {
            "tool": "set_city_production",
            "result": "Error: ITEM_NOT_FOUND|THEATRE"
          }
        ],
        "promotion_sweep": [],
        "standing_memory": {
          "loaded": false,
          "injected": false,
          "injected_chars": 0,
          "captured_chars": 0,
          "error": ""
        },
        "task_tracker": {
          "active_before": 0,
          "pre_model_results": [],
          "active_after": 0,
          "error": ""
        },
        "channels": {
          "enabled": true,
          "acknowledgements": 0,
          "error": ""
        }
      },
      {
        "player": 3,
        "turn": 180,
        "summary": "scripted: observed; skipped unit 0",
        "actions": [
          {
            "tool": "skip_unit"
          }
        ],
        "promotion_sweep": [],
        "standing_memory": {
          "loaded": false,
          "injected": false,
          "injected_chars": 0,
          "captured_chars": 0,
          "error": ""
        },
        "task_tracker": {
          "active_before": 0,
          "pre_model_results": [],
          "active_after": 0,
          "error": ""
        },
        "channels": {
          "enabled": true,
          "acknowledgements": 0,
          "error": ""
        }
      },
      {
        "player": 1,
        "turn": 181,
        "summary": "max_steps reached",
        "actions": [
          {
            "tool": "get_overview",
            "result": "Turn 181 | Khmer (Jayavarman VII) | Score: 365 | Prince\nGold: 332 (-4/turn) | Income: 34 | Maintenance: -38 (units: 15) | Science: 54.0 | Culture: 55.6 | Faith: 1756 | Favor: 106 (+2/turn)\nResearch: Gunpowder | Civic: Humanism\nCities: 7 | Population: 51 | Units: 19 \u2014 5 Missionary, 3 Builder, 3 Man-A"
          },
          {
            "tool": "get_cities",
            "result": "7 cities:\n  Angkor Thom (pop 15) at (14,31) \u2014 Food 57 Prod 36 Gold 8 Sci 13 Cul 15 | Housing 19 Amenities 13 | Growth: 4/179 food (10t, +27.0/t) | Building: UNIT_SPY (2 turns) | Walls 100/100 Garrison 200/200 Def:52 Gar:KHMER_DOMREY [id:65536]\n    Districts: HOLY_SITE(13,29) CAMPUS(14,30) INDUSTRIAL"
          },
          {
            "tool": "get_units",
            "result": "19 units:\n  Builder (UNIT_BUILDER) at (15,36) \u2014 moves 2/2 charges:3 [id:3211264, idx:0]\n    >> Can build: IMPROVEMENT_LUMBER_MILL\n  Missionary (UNIT_MISSIONARY) at (8,23) \u2014 moves 6/6 charges:3 [BUDDHISM] [id:2228225, idx:1]\n  Missionary (UNIT_MISSIONARY) at (0,32) \u2014 moves 4/4 charges:2 [BUDDHISM] [i"
          },
          {
            "tool": "set_research",
            "result": "Error: ALREADY_COMPLETED|TECH_PRINTING is already researched"
          },
          {
            "tool": "set_research",
            "result": "Error: TECH_NOT_FOUND|TECH_METALLURGY"
          },
          {
            "tool": "set_research",
            "result": "RESEARCHING_GAMECORE|TECH_BALLISTICS"
          },
          {
            "tool": "set_city_production",
            "result": "PRODUCING|UNIT_SPY|2 turns"
          },
          {
            "tool": "set_city_production",
            "result": "PRODUCING|UNIT_BUILDER|1 turns"
          },
          {
            "tool": "set_city_production",
            "result": "Error: ITEM_NOT_FOUND|IMPROVEMENT_FARM"
          },
          {
            "tool": "set_city_production",
            "result": "ERROR: ValueError(\"invalid item_type: 'IMPROVEMENT' (allowed: ['BUILDING', 'DISTRICT', 'PROJECT', 'UNIT'])\")"
          },
          {
            "tool": "set_city_production",
            "result": "Error: CANNOT_PRODUCE|GRANARY cannot be produced in this city (already built)"
          },
          {
            "tool": "set_city_production",
            "result": "Error: CANNOT_PRODUCE|MONUMENT cannot be produced in this city (already built)"
          },
          {
            "tool": "set_city_production",
            "result": "PRODUCING|UNIT_SETTLER|41 turns"
          },
          {
            "tool": "set_city_production",
            "result": "PRODUCING|UNIT_BUILDER|3 turns"
          },
          {
            "tool": "move_unit",
            "result": "MOVING_TO|15,37|from:15,36|now_at:15,37|(moved dx:+0 dy:+1)"
          }
        ],
        "promotion_sweep": [],
        "standing_memory": {
          "loaded": false,
          "injected": false,
          "injected_chars": 0,
          "captured_chars": 0,
          "error": ""
        },
        "task_tracker": {
          "active_before": 0,
          "pre_model_results": [],
          "active_after": 0,
          "error": ""
        },
        "channels": {
          "enabled": true,
          "acknowledgements": 0,
          "error": ""
        }
      },
      {
        "player": 2,
        "turn": 181,
        "summary": "max_steps reached",
        "actions": [
          {
            "tool": "get_overview",
            "result": "Turn 181 | Brazil (Pedro II) | Score: 343 | Prince\nGold: 451 (+8/turn) | Income: 37 | Maintenance: -29 (units: 15) | Science: 37.4 | Culture: 65.5 | Faith: 2229 | Favor: 95 (+2/turn)\nResearch: Irrigation | Civic: Nationalism\nCities: 5 | Population: 32 | Units: 12 \u2014 3 Great Writer, 2 Crossbowman, 1 S"
          },
          {
            "tool": "get_cities",
            "result": "5 cities:\n  Rio de Janeiro (pop 10) at (49,23) \u2014 Food 29 Prod 28 Gold 18 Sci 26 Cul 39 | Housing 12 Amenities 11 | Growth: 87/114 food (3t, +9.0/t) | Building: BUILDING_WAT (4 turns) | HP:200/200 Def:44 Gar:CROSSBOWMAN [id:65536]\n    Districts: HOLY_SITE(50,21) CAMPUS(48,25) THEATER(51,24) ENCAMPMEN"
          },
          {
            "tool": "get_units",
            "result": "12 units:\n  Crossbowman (UNIT_CROSSBOWMAN) at (49,23) \u2014 CS:30 RS:40 moves 2/2 [id:2883584, idx:0]\n  Swordsman (UNIT_SWORDSMAN) at (52,19) \u2014 CS:35 moves 2/2 [id:1966081, idx:1]\n  Rumi (UNIT_GREAT_WRITER) at (49,20) \u2014 moves 4/4 [id:2949122, idx:2]\n  Li Bai (UNIT_GREAT_WRITER) at (49,23) \u2014 moves 4/4 [i"
          },
          {
            "tool": "move_unit",
            "result": "Error: STACKING_CONFLICT|Friendly UNIT_GREAT_WRITER already on (49,23). Cannot stack same formation class."
          },
          {
            "tool": "move_unit",
            "result": "MOVING_TO|49,22|from:50,21|now_at:49,22|(moved dx:-1 dy:+1)"
          },
          {
            "tool": "found_city",
            "result": "Error: CANNOT_FOUND|Too close to Rio de Janeiro (settler at 48,24, distance 2, need > 3)\n\nTop 5 settle locations:\n  #1 (53,24): Score 197 \u2014 F:56 P:33 \u2014 no water, defense:3\n     [L] COFFEE, [L] IVORY, [L] COFFEE, [S] IRON, [B] DEER, [B] BANANAS, [B] BANANAS\n  #2 (46,25): Score 192 \u2014 F:68 P:20 \u2014 no wa"
          },
          {
            "tool": "move_unit",
            "result": "MOVING_TO|53,24|from:48,24|now_at:49,24|(moved dx:+1 dy:+0)|STOPPED_MID_PATH (moves exhausted)"
          },
          {
            "tool": "get_pending_diplomacy",
            "result": "No pending diplomacy sessions."
          },
          {
            "tool": "get_pending_trades",
            "result": "No pending trade deals."
          },
          {
            "tool": "set_city_production",
            "result": "Error: ITEM_NOT_FOUND|FARM"
          },
          {
            "tool": "set_city_production",
            "result": "Error: CANNOT_PRODUCE|GRANARY cannot be produced in this city (already built)"
          },
          {
            "tool": "set_city_production",
            "result": "Error: ITEM_NOT_FOUND|THEATER"
          },
          {
            "tool": "set_city_production",
            "result": "Error: CANNOT_START|AMPHITHEATER cannot start. Prerequisite district is pillaged: DISTRICT_STREET_CARNIVAL,DISTRICT_THEATER. Repair it first via set_city_production(city_id, 'DISTRICT', 'DISTRICT_NAME', x, y) \u2014 use get_cities to find district coordinates."
          },
          {
            "tool": "set_city_production",
            "result": "PRODUCING|DISTRICT_THEATER|6 turns"
          },
          {
            "tool": "move_unit",
            "result": "Error: STACKING_CONFLICT|Friendly UNIT_GREAT_WRITER already on (49,23). Cannot stack same formation class."
          },
          {
            "tool": "move_unit",
            "result": "MOVING_TO|50,23|from:49,20|now_at:50,22|(moved dx:+1 dy:+2)|STOPPED_MID_PATH (moves exhausted)"
          },
          {
            "tool": "move_unit",
            "result": "MOVING_TO|50,24|from:46,24|now_at:49,24|(moved dx:+3 dy:+0)|STOPPED_MID_PATH (moves exhausted)"
          }
        ],
        "promotion_sweep": [],
        "standing_memory": {
          "loaded": false,
          "injected": false,
          "injected_chars": 0,
          "captured_chars": 0,
          "error": ""
        },
        "task_tracker": {
          "active_before": 0,
          "pre_model_results": [],
          "active_after": 0,
          "error": ""
        },
        "channels": {
          "enabled": true,
          "acknowledgements": 0,
          "error": ""
        }
      },
      {
        "player": 3,
        "turn": 181,
        "summary": "scripted: observed; skipped unit 0",
        "actions": [
          {
            "tool": "skip_unit"
          }
        ],
        "promotion_sweep": [],
        "standing_memory": {
          "loaded": false,
          "injected": false,
          "injected_chars": 0,
          "captured_chars": 0,
          "error": ""
        },
        "task_tracker": {
          "active_before": 0,
          "pre_model_results": [],
          "active_after": 0,
          "error": ""
        },
        "channels": {
          "enabled": true,
          "acknowledgements": 0,
          "error": ""
        }
      },
      {
        "player": 1,
        "turn": 182,
        "summary": "max_steps reached",
        "actions": [
          {
            "tool": "get_overview",
            "result": "Turn 182 | Khmer (Jayavarman VII) | Score: 368 | Prince\nGold: 328 (-4/turn) | Income: 34 | Maintenance: -38 (units: 15) | Science: 52.3 | Culture: 55.6 | Faith: 1824 | Favor: 8 (+2/turn)\nResearch: Ballistics | Civic: Humanism\nCities: 7 | Population: 51 | Units: 20 \u2014 5 Missionary, 4 Builder, 3 Man-At"
          },
          {
            "tool": "get_cities",
            "result": "7 cities:\n  Angkor Thom (pop 15) at (14,31) \u2014 Food 57 Prod 36 Gold 8 Sci 13 Cul 15 | Housing 19 Amenities 13 | Growth: 22/179 food (9t, +27.0/t) | Building: UNIT_SPY (1 turns) | Walls 100/100 Garrison 200/200 Def:52 Gar:KHMER_DOMREY [id:65536]\n    Districts: HOLY_SITE(13,29) CAMPUS(14,30) INDUSTRIAL"
          },
          {
            "tool": "get_units",
            "result": "20 units:\n  Builder (UNIT_BUILDER) at (15,37) \u2014 moves 2/2 charges:3 [id:3211264, idx:0]\n  Missionary (UNIT_MISSIONARY) at (8,23) \u2014 moves 6/6 charges:3 [BUDDHISM] [id:2228225, idx:1]\n  Missionary (UNIT_MISSIONARY) at (0,32) \u2014 moves 4/4 charges:2 [BUDDHISM] [id:2490370, idx:2]\n  Trader (UNIT_TRADER) a"
          },
          {
            "tool": "set_research",
            "result": "RESEARCHING_GAMECORE|TECH_GUNPOWDER"
          },
          {
            "tool": "set_city_production",
            "result": "ERROR: ValueError(\"invalid item_type: 'BUILDER_ACTION' (allowed: ['BUILDING', 'DISTRICT', 'PROJECT', 'UNIT'])\")"
          },
          {
            "tool": "set_city_production",
            "result": "PRODUCING|UNIT_SETTLER|12 turns"
          },
          {
            "tool": "set_city_production",
            "result": "Error: CANNOT_PRODUCE|Granary cannot be produced in this city (already built)"
          },
          {
            "tool": "set_city_production",
            "result": "Error: ITEM_NOT_FOUND|Farm"
          },
          {
            "tool": "set_city_production",
            "result": "Error: ITEM_NOT_FOUND|Farm"
          },
          {
            "tool": "set_city_production",
            "result": "Error: CANNOT_PRODUCE|Granary cannot be produced in this city (already built)"
          },
          {
            "tool": "set_city_production",
            "result": "Error: CANNOT_PRODUCE|Market cannot be produced in this city (requires DISTRICT_COMMERCIAL_HUB district)"
          },
          {
            "tool": "set_city_production",
            "result": "Error: ITEM_NOT_FOUND|Farm"
          },
          {
            "tool": "set_city_production",
            "result": "Error: CANNOT_PRODUCE|Granary cannot be produced in this city (already built)"
          },
          {
            "tool": "set_city_production",
            "result": "PRODUCING|UNIT_BUILDER|3 turns"
          },
          {
            "tool": "skip_unit",
            "result": "SKIPPED"
          }
        ],
        "promotion_sweep": [],
        "standing_memory": {
          "loaded": false,
          "injected": false,
          "injected_chars": 0,
          "captured_chars": 0,
          "error": ""
        },
        "task_tracker": {
          "active_before": 0,
          "pre_model_results": [],
          "active_after": 0,
          "error": ""
        },
        "channels": {
          "enabled": true,
          "acknowledgements": 0,
          "error": ""
        }
      },
      {
        "player": 2,
        "turn": 182,
        "summary": "All units have been handled. Let me summarize what was accomplished this turn:\n\n**Turn 182 Summary:**\n- **Military:** Crossbowman at (52,14) is positioned to attack Skirmisher at (52,13) next turn. Spearman fortified at (48,23). Several units fortified or skipped.\n- **Production:** Rio de Janeiro producing Man-At-Arms (3 turns), Curitiba producing Man-At-Arms (4 turns). \n- **Research:** Set to Industrialization.\n- **Builder:** Moved to (49,21) near Rio's pillaged tiles for repair next turn.\n- **Settler:** Moved toward (55,12) but stopped at (49,22) - will continue next turn.\n- **Diplomacy:** No pending diplomacy or trades. The deal with Player 3 has expired; there's an existing grievance from them.\n\nKey concerns:\n- 22 culture points short of avoiding Dark Age\n- Several pillaged tiles and districts need repair\n- Population growth in Curitiba is very slow (19 turns)",
        "actions": [
          {
            "tool": "get_overview",
            "result": "Turn 182 | Brazil (Pedro II) | Score: 347 | Prince\nGold: 459 (+8/turn) | Income: 39 | Maintenance: -31 (units: 15) | Science: 37.4 | Culture: 69.8 | Faith: 2305 | Favor: 67 (+2/turn)\nResearch: Stirrups | Civic: Nationalism\nCities: 5 | Population: 32 | Units: 12 \u2014 3 Great Writer, 2 Crossbowman, 1 Spe"
          },
          {
            "tool": "get_cities",
            "result": "5 cities:\n  Rio de Janeiro (pop 10) at (49,23) \u2014 Food 29 Prod 28 Gold 18 Sci 26 Cul 39 | Housing 12 Amenities 11 | Growth: 96/114 food (2t, +9.0/t) | Building: BUILDING_WAT (3 turns) | HP:200/200 Def:44 Gar:CROSSBOWMAN [id:65536]\n    Districts: HOLY_SITE(50,21) CAMPUS(48,25) THEATER(51,24) ENCAMPMEN"
          },
          {
            "tool": "get_units",
            "result": "12 units:\n  Crossbowman (UNIT_CROSSBOWMAN) at (49,23) \u2014 CS:30 RS:40 moves 2/2 [id:2883584, idx:0]\n  Swordsman (UNIT_SWORDSMAN) at (52,19) \u2014 CS:35 moves 2/2 [id:1966081, idx:1]\n  Rumi (UNIT_GREAT_WRITER) at (50,22) \u2014 moves 4/4 [id:2949122, idx:2]\n  Li Bai (UNIT_GREAT_WRITER) at (49,23) \u2014 moves 4/4 [i"
          },
          {
            "tool": "move_unit",
            "result": "CAPTURE_MOVE|52,13|from:52,15|now_at:52,14|(moved dx:+0 dy:-1)|STOPPED_MID_PATH (moves exhausted)"
          },
          {
            "tool": "move_unit",
            "result": "MOVING_TO|49,21|from:49,22|now_at:49,21|(moved dx:+0 dy:-1)"
          },
          {
            "tool": "get_pending_diplomacy",
            "result": "No pending diplomacy sessions."
          },
          {
            "tool": "get_pending_trades",
            "result": "No pending trade deals."
          },
          {
            "tool": "set_city_production",
            "result": "Error: MISSING_COORDS|THEATER is a district and requires target_x/target_y for placement. Use get_district_advisor(city_id, 'THEATER') to find the best tile."
          },
          {
            "tool": "set_city_production",
            "result": "Error: MISSING_COORDS|THEATER is a district and requires target_x/target_y for placement. Use get_district_advisor(city_id, 'THEATER') to find the best tile."
          },
          {
            "tool": "move_unit",
            "result": "MOVING_TO|55,12|from:49,24|now_at:49,22|(moved dx:+0 dy:-2)|STOPPED_MID_PATH (moves exhausted)"
          },
          {
            "tool": "move_unit",
            "result": "MOVING_TO|53,13|from:49,22|now_at:49,22|BLOCKED (tile appears passable - path may be blocked by intermediate tiles)"
          },
          {
            "tool": "set_city_production",
            "result": "Error: ITEM_NOT_FOUND|MAN_AT_ARMS"
          },
          {
            "tool": "set_city_production",
            "result": "Error: ITEM_NOT_FOUND|MAN_AT_ARMS"
          },
          {
            "tool": "set_city_production",
            "result": "Error: ITEM_NOT_FOUND|MAN_AT_ARMS"
          },
          {
            "tool": "set_city_production",
            "result": "PRODUCING|UNIT_MAN_AT_ARMS|3 turns"
          },
          {
            "tool": "set_research",
            "result": "Error: ALREADY_COMPLETED|TECH_GUNPOWDER is already researched"
          },
          {
            "tool": "set_research",
            "result": "Error: TECH_NOT_FOUND|TECH_MECHANIZATION"
          },
          {
            "tool": "set_research",
            "result": "RESEARCHING_GAMECORE|TECH_INDUSTRIALIZATION"
          },
          {
            "tool": "set_city_production",
            "result": "PRODUCING|UNIT_MAN_AT_ARMS|4 turns"
          },
          {
            "tool": "set_city_production",
            "result": "Error: CANNOT_START|Man-At-Arms cannot start."
          },
          {
            "tool": "fortify_unit",
            "result": "ALREADY_FORTIFIED|Fortify turns: 1"
          },
          {
            "tool": "fortify_unit",
            "result": "FORTIFIED"
          },
          {
            "tool": "skip_unit",
            "result": "SKIPPED"
          },
          {
            "tool": "skip_unit",
            "result": "SKIPPED"
          },
          {
            "tool": "skip_unit",
            "result": "SKIPPED"
          },
          {
            "tool": "skip_unit",
            "result": "SKIPPED"
          },
          {
            "tool": "skip_unit",
            "result": "SKIPPED"
          },
          {
            "tool": "skip_unit",
            "result": "SKIPPED"
          },
          {
            "tool": "skip_unit",
            "result": "SKIPPED"
          }
        ],
        "promotion_sweep": [],
        "standing_memory": {
          "loaded": false,
          "injected": false,
          "injected_chars": 0,
          "captured_chars": 0,
          "error": ""
        },
        "task_tracker": {
          "active_before": 0,
          "pre_model_results": [],
          "active_after": 0,
          "error": ""
        },
        "channels": {
          "enabled": true,
          "acknowledgements": 0,
          "error": ""
        }
      },
      {
        "player": 3,
        "turn": 182,
        "summary": "scripted: observed; skipped unit 0",
        "actions": [
          {
            "tool": "skip_unit"
          }
        ],
        "promotion_sweep": [],
        "standing_memory": {
          "loaded": false,
          "injected": false,
          "injected_chars": 0,
          "captured_chars": 0,
          "error": ""
        },
        "task_tracker": {
          "active_before": 0,
          "pre_model_results": [],
          "active_after": 0,
          "error": ""
        },
        "channels": {
          "enabled": true,
          "acknowledgements": 0,
          "error": ""
        }
      },
      {
        "player": 1,
        "turn": 183,
        "summary": "max_steps reached",
        "actions": [
          {
            "tool": "get_overview",
            "result": "Turn 183 | Khmer (Jayavarman VII) | Score: 369 | Prince\nGold: 324 (-8/turn) | Income: 34 | Maintenance: -42 (units: 19) | Science: 52.3 | Culture: 57.8 | Faith: 1892 | Favor: 10 (+2/turn)\nResearch: Stirrups | Civic: Humanism\nCities: 7 | Population: 51 | Units: 21 \u2014 5 Missionary, 4 Builder, 3 Man-At-"
          },
          {
            "tool": "get_cities",
            "result": "7 cities:\n  Angkor Thom (pop 15) at (14,31) \u2014 Food 57 Prod 35 Gold 8 Sci 13 Cul 15 | Housing 19 Amenities 13 | Growth: 42/179 food (8t, +27.0/t) | Building: nothing | Walls 100/100 Garrison 200/200 Def:52 Gar:KHMER_DOMREY [id:65536]\n    Districts: HOLY_SITE(13,29) CAMPUS(14,30) INDUSTRIAL_ZONE(12,31"
          },
          {
            "tool": "get_units",
            "result": "21 units:\n  Builder (UNIT_BUILDER) at (15,37) \u2014 moves 2/2 charges:3 [id:3211264, idx:0]\n  Missionary (UNIT_MISSIONARY) at (8,23) \u2014 moves 6/6 charges:3 [BUDDHISM] [id:2228225, idx:1]\n  Missionary (UNIT_MISSIONARY) at (0,32) \u2014 moves 4/4 charges:2 [BUDDHISM] [id:2490370, idx:2]\n  Trader (UNIT_TRADER) a"
          },
          {
            "tool": "set_research",
            "result": "Error: ALREADY_COMPLETED|TECH_GUNPOWDER is already researched"
          },
          {
            "tool": "set_research",
            "result": "Error: ALREADY_COMPLETED|TECH_PRINTING is already researched"
          },
          {
            "tool": "set_research",
            "result": "Error: TECH_NOT_FOUND|TECH_METALLURGY"
          },
          {
            "tool": "set_research",
            "result": "RESEARCHING_GAMECORE|TECH_BALLISTICS"
          },
          {
            "tool": "found_city",
            "result": "Error: CANNOT_FOUND|Too close to Preah Vihear (settler at 10,27, distance 3, need > 3)\n\nTop 1 settle locations:\n  #1 (8,27): Score 192 \u2014 F:57 P:34 \u2014 no water, defense:2\n     [B] STONE, [B] CATTLE, [B] CATTLE, [B] BANANAS, [L] SPICES"
          },
          {
            "tool": "set_city_production",
            "result": "PRODUCING|UNIT_SETTLER|11 turns"
          },
          {
            "tool": "set_city_production",
            "result": "PRODUCING|UNIT_BUILDER|2 turns"
          },
          {
            "tool": "move_unit",
            "result": "MOVING_TO|8,27|from:10,27|now_at:9,27|(moved dx:-1 dy:+0)|STOPPED_MID_PATH (moves exhausted)"
          },
          {
            "tool": "found_city",
            "result": "Error: CANNOT_FOUND|Unit cannot found cities (not a settler or no moves)\n\nTop 4 settle locations:\n  #1 (8,26): Score 200 \u2014 F:62 P:29 \u2014 coast, defense:2\n     [B] FISH, [B] STONE, [B] STONE, [B] FISH, [B] CATTLE, [B] CATTLE, [B] BANANAS, [L] SPICES\n  #2 (8,27): Score 192 \u2014 F:57 P:34 \u2014 no water, defens"
          },
          {
            "tool": "move_unit",
            "result": "Error: NO_MOVES|Unit has no movement points remaining this turn. Use skip or wait until next turn."
          },
          {
            "tool": "found_city",
            "result": "Error: CANNOT_FOUND|Unit cannot found cities (not a settler or no moves)\n\nTop 4 settle locations:\n  #1 (8,26): Score 200 \u2014 F:62 P:29 \u2014 coast, defense:2\n     [B] FISH, [B] STONE, [B] STONE, [B] FISH, [B] CATTLE, [B] CATTLE, [B] BANANAS, [L] SPICES\n  #2 (8,27): Score 192 \u2014 F:57 P:34 \u2014 no water, defens"
          },
          {
            "tool": "skip_unit",
            "result": "SKIPPED"
          }
        ],
        "promotion_sweep": [],
        "standing_memory": {
          "loaded": false,
          "injected": false,
          "injected_chars": 0,
          "captured_chars": 0,
          "error": ""
        },
        "task_tracker": {
          "active_before": 0,
          "pre_model_results": [],
          "active_after": 0,
          "error": ""
        },
        "channels": {
          "enabled": true,
          "acknowledgements": 0,
          "error": ""
        }
      },
      {
        "player": 2,
        "turn": 183,
        "summary": "Good, switched research to Steel which will help with later-era military units. \n\nSummary of turn 183:\n- **Research**: Switched from Industrialization to Steel (more useful for modern units)\n- **Builder**: Moved to (49,21) near pillaged farms in Rio de Janeiro\n- **Military**: Skipped all military units - the Crossbowman couldn't reach the Skirmisher due to pathing issues\n- **Settler**: Out of moves, couldn't found a city this turn\n- **Production**: Rio de Janeiro continues producing Man-At-Arms; couldn't find a REPAIR production option\n- **Diplomacy**: deal-000003 has expired, no pending deals to respond to. Player 3 has a grievance against me from the broken deal-000002.\n\nThe main priority should be repairing pillaged tiles/districts next turn to avoid economic penalties, and expanding with the Settler. I'm still 22 points from escaping the Dark Age.",
        "actions": [
          {
            "tool": "get_overview",
            "result": "Turn 183 | Brazil (Pedro II) | Score: 350 | Prince\nGold: 467 (+11/turn) | Income: 42 | Maintenance: -31 (units: 15) | Science: 37.4 | Culture: 69.8 | Faith: 2387 | Favor: 69 (+2/turn)\nResearch: Industrialization | Civic: Nationalism\nCities: 5 | Population: 32 | Units: 12 \u2014 3 Great Writer, 2 Crossbow"
          },
          {
            "tool": "get_pending_diplomacy",
            "result": "No pending diplomacy sessions."
          },
          {
            "tool": "get_pending_trades",
            "result": "No pending trade deals."
          },
          {
            "tool": "get_units",
            "result": "12 units:\n  Crossbowman (UNIT_CROSSBOWMAN) at (49,23) \u2014 CS:30 RS:40 moves 2/2 [id:2883584, idx:0]\n  Swordsman (UNIT_SWORDSMAN) at (52,19) \u2014 CS:35 moves 2/2 [id:1966081, idx:1]\n  Rumi (UNIT_GREAT_WRITER) at (50,22) \u2014 moves 4/4 [id:2949122, idx:2]\n  Li Bai (UNIT_GREAT_WRITER) at (49,23) \u2014 moves 4/4 [i"
          },
          {
            "tool": "get_cities",
            "result": "5 cities:\n  Rio de Janeiro (pop 10) at (49,23) \u2014 Food 29 Prod 28 Gold 18 Sci 26 Cul 39 | Housing 12 Amenities 11 | Growth: 105/114 food (1t, +9.0/t) | Building: UNIT_MAN_AT_ARMS (2 turns) | HP:200/200 Def:44 Gar:CROSSBOWMAN [id:65536]\n    Districts: HOLY_SITE(50,21) CAMPUS(48,25) THEATER(51,24) ENCA"
          },
          {
            "tool": "move_unit",
            "result": "MOVING_TO|50,21|from:49,21|now_at:50,21|(moved dx:+1 dy:+0)"
          },
          {
            "tool": "set_city_production",
            "result": "Error: ITEM_NOT_FOUND|REPAIR"
          },
          {
            "tool": "move_unit",
            "result": "CAPTURE_MOVE|52,13|from:52,14|now_at:52,14|BLOCKED (tile appears passable - path may be blocked by intermediate tiles)"
          },
          {
            "tool": "move_unit",
            "result": "MOVING_TO|54,20|from:49,22|now_at:49,20|(moved dx:+0 dy:-2)|STOPPED_MID_PATH (moves exhausted)"
          },
          {
            "tool": "set_city_production",
            "result": "Error: ITEM_NOT_FOUND|Repair"
          },
          {
            "tool": "found_city",
            "result": "Error: CANNOT_FOUND|Unit cannot found cities (not a settler or no moves)\n\nTop 3 settle locations:\n  #1 (53,24): Score 197 \u2014 F:56 P:33 \u2014 no water, defense:3\n     [L] COFFEE, [L] IVORY, [L] COFFEE, [S] IRON, [B] DEER, [B] BANANAS, [B] BANANAS\n  #2 (53,25): Score 175 \u2014 F:51 P:32 \u2014 no water, defense:2\n "
          },
          {
            "tool": "move_unit",
            "result": "Error: NO_MOVES|Unit has no movement points remaining this turn. Use skip or wait until next turn."
          },
          {
            "tool": "skip_unit",
            "result": "SKIPPED"
          },
          {
            "tool": "skip_unit",
            "result": "SKIPPED"
          },
          {
            "tool": "skip_unit",
            "result": "SKIPPED"
          },
          {
            "tool": "skip_unit",
            "result": "SKIPPED"
          },
          {
            "tool": "move_unit",
            "result": "MOVING_TO|49,21|from:50,21|now_at:49,21|(moved dx:-1 dy:+0)"
          },
          {
            "tool": "set_city_production",
            "result": "Error: ITEM_NOT_FOUND|Repair"
          },
          {
            "tool": "skip_unit",
            "result": "SKIPPED"
          },
          {
            "tool": "skip_unit",
            "result": "SKIPPED"
          },
          {
            "tool": "skip_unit",
            "result": "SKIPPED"
          },
          {
            "tool": "skip_unit",
            "result": "SKIPPED"
          },
          {
            "tool": "skip_unit",
            "result": "SKIPPED"
          },
          {
            "tool": "skip_unit",
            "result": "SKIPPED"
          },
          {
            "tool": "skip_unit",
            "result": "SKIPPED"
          },
          {
            "tool": "set_research",
            "result": "RESEARCHING_GAMECORE|TECH_STEEL"
          }
        ],
        "promotion_sweep": [],
        "standing_memory": {
          "loaded": false,
          "injected": false,
          "injected_chars": 0,
          "captured_chars": 0,
          "error": ""
        },
        "task_tracker": {
          "active_before": 0,
          "pre_model_results": [],
          "active_after": 0,
          "error": ""
        },
        "channels": {
          "enabled": true,
          "acknowledgements": 0,
          "error": ""
        }
      },
      {
        "player": 3,
        "turn": 183,
        "summary": "scripted: observed; skipped unit 0",
        "actions": [
          {
            "tool": "skip_unit"
          }
        ],
        "promotion_sweep": [],
        "standing_memory": {
          "loaded": false,
          "injected": false,
          "injected_chars": 0,
          "captured_chars": 0,
          "error": ""
        },
        "task_tracker": {
          "active_before": 0,
          "pre_model_results": [],
          "active_after": 0,
          "error": ""
        },
        "channels": {
          "enabled": true,
          "acknowledgements": 0,
          "error": ""
        }
      },
      {
        "player": 1,
        "turn": 184,
        "summary": "max_steps reached",
        "actions": [
          {
            "tool": "get_overview",
            "result": "Turn 184 | Khmer (Jayavarman VII) | Score: 372 | Prince\nGold: 317 (-8/turn) | Income: 34 | Maintenance: -42 (units: 19) | Science: 52.3 | Culture: 57.8 | Faith: 1960 | Favor: 12 (+2/turn)\nResearch: Ballistics | Civic: Humanism\nCities: 7 | Population: 51 | Units: 21 \u2014 5 Missionary, 4 Builder, 3 Man-A"
          },
          {
            "tool": "get_cities",
            "result": "7 cities:\n  Angkor Thom (pop 15) at (14,31) \u2014 Food 57 Prod 36 Gold 8 Sci 13 Cul 15 | Housing 19 Amenities 13 | Growth: 60/179 food (7t, +27.0/t) | Building: UNIT_KHMER_DOMREY (2 turns) | Walls 100/100 Garrison 200/200 Def:52 Gar:KHMER_DOMREY [id:65536]\n    Districts: HOLY_SITE(13,29) CAMPUS(14,30) I"
          },
          {
            "tool": "get_units",
            "result": "21 units:\n  Builder (UNIT_BUILDER) at (15,37) \u2014 moves 2/2 charges:3 [id:3211264, idx:0]\n  Missionary (UNIT_MISSIONARY) at (8,23) \u2014 moves 6/6 charges:3 [BUDDHISM] [id:2228225, idx:1]\n  Missionary (UNIT_MISSIONARY) at (0,32) \u2014 moves 4/4 charges:2 [BUDDHISM] [id:2490370, idx:2]\n  Trader (UNIT_TRADER) a"
          },
          {
            "tool": "set_research",
            "result": "Error: ALREADY_COMPLETED|TECH_GUNPOWDER is already researched"
          },
          {
            "tool": "set_research",
            "result": "Error: ALREADY_COMPLETED|TECH_PRINTING is already researched"
          },
          {
            "tool": "set_research",
            "result": "Error: TECH_NOT_FOUND|TECH_METALLURGY"
          },
          {
            "tool": "set_research",
            "result": "Error: ALREADY_COMPLETED|TECH_CONSTRUCTION is already researched"
          },
          {
            "tool": "set_research",
            "result": "Error: TECH_NOT_FOUND|TECH_CRITICAL_RESEARCH"
          },
          {
            "tool": "set_research",
            "result": "Error: TECH_NOT_FOUND|TECH_NAVIGATION"
          },
          {
            "tool": "set_research",
            "result": "Error: TECH_NOT_FOUND|TECH_MAPMAKING"
          },
          {
            "tool": "set_research",
            "result": "Error: TECH_NOT_FOUND|TECH_COAL"
          },
          {
            "tool": "set_research",
            "result": "RESEARCHING_GAMECORE|TECH_STEAM_POWER"
          },
          {
            "tool": "set_city_production",
            "result": "PRODUCING|UNIT_KHMER_DOMREY|2 turns"
          },
          {
            "tool": "set_city_production",
            "result": "PRODUCING|UNIT_SETTLER|10 turns"
          },
          {
            "tool": "set_city_production",
            "result": "Error: ITEM_NOT_FOUND|IMPROVEMENT_MINE"
          }
        ],
        "promotion_sweep": [],
        "standing_memory": {
          "loaded": false,
          "injected": false,
          "injected_chars": 0,
          "captured_chars": 0,
          "error": ""
        },
        "task_tracker": {
          "active_before": 0,
          "pre_model_results": [],
          "active_after": 0,
          "error": ""
        },
        "channels": {
          "enabled": true,
          "acknowledgements": 0,
          "error": ""
        }
      },
      {
        "player": 2,
        "turn": 184,
        "summary": "max_steps reached",
        "actions": [
          {
            "tool": "get_overview",
            "result": "Turn 184 | Brazil (Pedro II) | Score: 350 | Prince\nGold: 478 (+11/turn) | Income: 42 | Maintenance: -31 (units: 15) | Science: 39.2 | Culture: 71.4 | Faith: 2470 | Favor: 71 (+2/turn)\nResearch: Steel | Civic: Nationalism\nCities: 5 | Population: 33 | Units: 12 \u2014 3 Great Writer, 2 Crossbowman, 1 Spear"
          },
          {
            "tool": "get_units",
            "result": "12 units:\n  Crossbowman (UNIT_CROSSBOWMAN) at (49,23) \u2014 CS:30 RS:40 moves 2/2 [id:2883584, idx:0]\n  Swordsman (UNIT_SWORDSMAN) at (52,19) \u2014 CS:35 moves 2/2 [id:1966081, idx:1]\n  Rumi (UNIT_GREAT_WRITER) at (50,22) \u2014 moves 4/4 [id:2949122, idx:2]\n  Li Bai (UNIT_GREAT_WRITER) at (49,23) \u2014 moves 4/4 [i"
          },
          {
            "tool": "get_cities",
            "result": "5 cities:\n  Rio de Janeiro (pop 11) at (49,23) \u2014 Food 31 Prod 29 Gold 18 Sci 28 Cul 41 | Housing 12 Amenities 12 | Growth: 0/126 food (28t, +9.0/t) | Building: UNIT_MAN_AT_ARMS (1 turns) | HP:200/200 Def:44 Gar:CROSSBOWMAN [id:65536]\n    !! SLOW GROWTH: 28 turns to next pop \u2014 needs farm, granary, or"
          },
          {
            "tool": "get_pending_diplomacy",
            "result": "No pending diplomacy sessions."
          },
          {
            "tool": "get_pending_trades",
            "result": "No pending trade deals."
          },
          {
            "tool": "found_city",
            "result": "Error: CANNOT_FOUND|Too close to Rio de Janeiro (settler at 49,20, distance 3, need > 3)\n\nTop 3 settle locations:\n  #1 (53,24): Score 197 \u2014 F:56 P:33 \u2014 no water, defense:3\n     [L] COFFEE, [L] IVORY, [L] COFFEE, [S] IRON, [B] DEER, [B] BANANAS, [B] BANANAS\n  #2 (53,25): Score 175 \u2014 F:51 P:32 \u2014 no wa"
          },
          {
            "tool": "move_unit",
            "result": "MOVING_TO|49,24|from:49,21|now_at:49,22|(moved dx:+0 dy:+1)|STOPPED_MID_PATH (moves exhausted)"
          },
          {
            "tool": "set_research",
            "result": "Error: ALREADY_COMPLETED|TECH_GUNPOWDER is already researched"
          },
          {
            "tool": "move_unit",
            "result": "MOVING_TO|53,24|from:49,20|now_at:48,21|(moved dx:-1 dy:+1)|STOPPED_MID_PATH (moves exhausted)"
          },
          {
            "tool": "set_research",
            "result": "Error: TECH_NOT_FOUND|TECH_MECHANIZATION"
          },
          {
            "tool": "set_research",
            "result": "RESEARCHING_GAMECORE|TECH_FLIGHT"
          },
          {
            "tool": "get_cities",
            "result": "5 cities:\n  Rio de Janeiro (pop 11) at (49,23) \u2014 Food 31 Prod 29 Gold 18 Sci 28 Cul 41 | Housing 12 Amenities 12 | Growth: 0/126 food (28t, +9.0/t) | Building: UNIT_MAN_AT_ARMS (1 turns) | HP:200/200 Def:44 Gar:CROSSBOWMAN [id:65536]\n    !! SLOW GROWTH: 28 turns to next pop \u2014 needs farm, granary, or"
          },
          {
            "tool": "set_city_production",
            "result": "Error: MISSING_COORDS|THEATER is a district and requires target_x/target_y for placement. Use get_district_advisor(city_id, 'THEATER') to find the best tile."
          },
          {
            "tool": "set_city_production",
            "result": "Error: ITEM_NOT_FOUND|MAN_AT_ARMS"
          },
          {
            "tool": "set_city_production",
            "result": "Error: ITEM_NOT_FOUND|MELEE"
          },
          {
            "tool": "get_units",
            "result": "12 units:\n  Crossbowman (UNIT_CROSSBOWMAN) at (49,23) \u2014 CS:30 RS:40 moves 2/2 [id:2883584, idx:0]\n  Swordsman (UNIT_SWORDSMAN) at (52,19) \u2014 CS:35 moves 2/2 [id:1966081, idx:1]\n  Rumi (UNIT_GREAT_WRITER) at (50,22) \u2014 moves 4/4 [id:2949122, idx:2]\n  Li Bai (UNIT_GREAT_WRITER) at (49,23) \u2014 moves 4/4 [i"
          },
          {
            "tool": "move_unit",
            "result": "MOVING_TO|49,24|from:49,22|now_at:49,22|BLOCKED (tile appears passable - path may be blocked by intermediate tiles)"
          },
          {
            "tool": "move_unit",
            "result": "MOVING_TO|52,24|from:48,21|now_at:48,21|BLOCKED (tile appears passable - path may be blocked by intermediate tiles)"
          },
          {
            "tool": "move_unit",
            "result": "MOVING_TO|52,24|from:48,21|now_at:48,21|BLOCKED (tile appears passable - path may be blocked by intermediate tiles)"
          },
          {
            "tool": "move_unit",
            "result": "MOVING_TO|50,20|from:48,21|now_at:49,20|(moved dx:+1 dy:-1)|STOPPED_MID_PATH (moves exhausted)"
          },
          {
            "tool": "move_unit",
            "result": "MOVING_TO|50,20|from:49,20|now_at:49,20|BLOCKED (tile appears passable - path may be blocked by intermediate tiles)"
          },
          {
            "tool": "fortify_unit",
            "result": "ALREADY_FORTIFIED|Fortify turns: 1"
          },
          {
            "tool": "fortify_unit",
            "result": "FORTIFIED"
          },
          {
            "tool": "skip_unit",
            "result": "SKIPPED"
          },
          {
            "tool": "skip_unit",
            "result": "SKIPPED"
          },
          {
            "tool": "skip_unit",
            "result": "SKIPPED"
          },
          {
            "tool": "skip_unit",
            "result": "SKIPPED"
          },
          {
            "tool": "skip_unit",
            "result": "SKIPPED"
          },
          {
            "tool": "skip_unit",
            "result": "SKIPPED"
          },
          {
            "tool": "skip_unit",
            "result": "SKIPPED"
          }
        ],
        "promotion_sweep": [],
        "standing_memory": {
          "loaded": false,
          "injected": false,
          "injected_chars": 0,
          "captured_chars": 0,
          "error": ""
        },
        "task_tracker": {
          "active_before": 0,
          "pre_model_results": [],
          "active_after": 0,
          "error": ""
        },
        "channels": {
          "enabled": true,
          "acknowledgements": 0,
          "error": ""
        }
      },
      {
        "player": 3,
        "turn": 184,
        "summary": "scripted: observed; skipped unit 0",
        "actions": [
          {
            "tool": "skip_unit"
          }
        ],
        "promotion_sweep": [],
        "standing_memory": {
          "loaded": false,
          "injected": false,
          "injected_chars": 0,
          "captured_chars": 0,
          "error": ""
        },
        "task_tracker": {
          "active_before": 0,
          "pre_model_results": [],
          "active_after": 0,
          "error": ""
        },
        "channels": {
          "enabled": true,
          "acknowledgements": 0,
          "error": ""
        }
      },
      {
        "player": 1,
        "turn": 185,
        "summary": "I have started my turn as the Khmer.\n\n**Actions taken:**\n- **Research:** I have checked current progress; I'm aiming to progress through the Renaissance era.\n- **Production:** \n    - Set **Angkor Thom** to produce a **Builder**.\n    - Set **Preah Vihear** to continue producing a **Settler**.\n    - Set **Kompong Svay** to produce a **Library**.\n- **Movement:** Moved the **Settler** near Preah Vihear to position it for a potential new city location.\n\n**Summary:**\nFocused on infrastructure and expansion. I am prioritizing production in my core cities to bolster science and growth, and moving the settler to prepare for future expansion.",
        "actions": [
          {
            "tool": "get_overview",
            "result": "Turn 185 | Khmer (Jayavarman VII) | Score: 372 | Prince\nGold: 309 (-8/turn) | Income: 34 | Maintenance: -42 (units: 19) | Science: 52.8 | Culture: 58.1 | Faith: 2029 | Favor: 14 (+2/turn)\nResearch: Steam Power | Civic: Humanism\nCities: 7 | Population: 52 | Units: 22 \u2014 5 Missionary, 5 Builder, 3 Man-"
          },
          {
            "tool": "get_cities",
            "result": "7 cities:\n  Angkor Thom (pop 15) at (14,31) \u2014 Food 57 Prod 36 Gold 8 Sci 13 Cul 15 | Housing 19 Amenities 13 | Growth: 80/179 food (6t, +27.0/t) | Building: UNIT_KHMER_DOMREY (1 turns) | Walls 100/100 Garrison 200/200 Def:52 Gar:KHMER_DOMREY [id:65536]\n    Districts: HOLY_SITE(13,29) CAMPUS(14,30) I"
          },
          {
            "tool": "get_units",
            "result": "22 units:\n  Builder (UNIT_BUILDER) at (15,37) \u2014 moves 2/2 charges:3 [id:3211264, idx:0]\n  Missionary (UNIT_MISSIONARY) at (8,23) \u2014 moves 6/6 charges:3 [BUDDHISM] [id:2228225, idx:1]\n  Missionary (UNIT_MISSIONARY) at (0,32) \u2014 moves 4/4 charges:2 [BUDDHISM] [id:2490370, idx:2]\n  Trader (UNIT_TRADER) a"
          },
          {
            "tool": "set_research",
            "result": "Error: TECH_NOT_FOUND|TECH_METALLURGY"
          },
          {
            "tool": "set_research",
            "result": "Error: ALREADY_COMPLETED|TECH_CONSTRUCTION is already researched"
          },
          {
            "tool": "set_city_production",
            "result": "Error: ITEM_NOT_FOUND|UNIT_DOMREY"
          },
          {
            "tool": "set_city_production",
            "result": "PRODUCING|UNIT_SETTLER|9 turns"
          },
          {
            "tool": "set_city_production",
            "result": "Error: CANNOT_PRODUCE|CAMPUS cannot be produced in this city"
          },
          {
            "tool": "set_city_production",
            "result": "PRODUCING|UNIT_BUILDER|3 turns"
          },
          {
            "tool": "set_city_production",
            "result": "Error: CANNOT_PRODUCE|CAMPUS cannot be produced in this city"
          },
          {
            "tool": "set_city_production",
            "result": "Error: CANNOT_PRODUCE|MONUMENT cannot be produced in this city (already built)"
          },
          {
            "tool": "set_city_production",
            "result": "PRODUCING|BUILDING_LIBRARY|12 turns"
          },
          {
            "tool": "set_city_production",
            "result": "Error: CANNOT_PRODUCE|LIBRARY cannot be produced in this city (already built)"
          },
          {
            "tool": "move_unit",
            "result": "MOVING_TO|10,26|from:9,27|now_at:10,26|(moved dx:+1 dy:-1)"
          }
        ],
        "promotion_sweep": [],
        "standing_memory": {
          "loaded": false,
          "injected": false,
          "injected_chars": 0,
          "captured_chars": 0,
          "error": ""
        },
        "task_tracker": {
          "active_before": 0,
          "pre_model_results": [],
          "active_after": 0,
          "error": ""
        },
        "channels": {
          "enabled": true,
          "acknowledgements": 0,
          "error": ""
        }
      },
      {
        "player": 2,
        "turn": 185,
        "summary": "max_steps reached",
        "actions": [
          {
            "tool": "get_overview",
            "result": "Turn 185 | Brazil (Pedro II) | Score: 351 | Prince\nGold: 490 (+8/turn) | Income: 42 | Maintenance: -34 (units: 18) | Science: 39.2 | Culture: 71.4 | Faith: 2554 | Favor: 73 (+2/turn)\nResearch: Flight | Civic: Nationalism\nCities: 5 | Population: 33 | Units: 13 \u2014 3 Great Writer, 2 Man-At-Arms, 2 Cross"
          },
          {
            "tool": "get_cities",
            "result": "5 cities:\n  Rio de Janeiro (pop 11) at (49,23) \u2014 Food 31 Prod 28 Gold 18 Sci 28 Cul 41 | Housing 12 Amenities 12 | Growth: 4/126 food (27t, +9.0/t) | Building: nothing | HP:200/200 Def:54 Gar:CROSSBOWMAN [id:65536]\n    !! SLOW GROWTH: 27 turns to next pop \u2014 needs farm, granary, or trade route\n    Di"
          },
          {
            "tool": "get_units",
            "result": "13 units:\n  Crossbowman (UNIT_CROSSBOWMAN) at (49,23) \u2014 CS:30 RS:40 moves 2/2 [id:2883584, idx:0]\n  Swordsman (UNIT_SWORDSMAN) at (52,19) \u2014 CS:35 moves 2/2 [id:1966081, idx:1]\n  Rumi (UNIT_GREAT_WRITER) at (50,22) \u2014 moves 4/4 [id:2949122, idx:2]\n  Li Bai (UNIT_GREAT_WRITER) at (49,23) \u2014 moves 4/4 [i"
          },
          {
            "tool": "get_pending_diplomacy",
            "result": "No pending diplomacy sessions."
          },
          {
            "tool": "get_pending_trades",
            "result": "No pending trade deals."
          },
          {
            "tool": "move_unit",
            "result": "MOVING_TO|50,21|from:49,22|now_at:50,21|(moved dx:+1 dy:-1)"
          },
          {
            "tool": "set_city_production",
            "result": "Error: CANNOT_PRODUCE|MARKET cannot be produced in this city"
          },
          {
            "tool": "set_city_production",
            "result": "Error: MISSING_COORDS|INDUSTRIAL_ZONE is a district and requires target_x/target_y for placement. Use get_district_advisor(city_id, 'INDUSTRIAL_ZONE') to find the best tile."
          },
          {
            "tool": "set_city_production",
            "result": "Error: ITEM_NOT_FOUND|MAN_AT_ARMS"
          },
          {
            "tool": "set_city_production",
            "result": "Error: CANNOT_START|MAN-AT-ARMS cannot start."
          },
          {
            "tool": "set_city_production",
            "result": "Error: CANNOT_PRODUCE|UNIVERSITY cannot be produced in this city (requires DISTRICT_CAMPUS district)"
          },
          {
            "tool": "set_city_production",
            "result": "Error: ITEM_NOT_FOUND|WAREHOUSE"
          },
          {
            "tool": "set_city_production",
            "result": "Error: CANNOT_PRODUCE|BANK cannot be produced in this city"
          },
          {
            "tool": "move_unit",
            "result": "MOVING_TO|47,18|from:49,20|now_at:48,19|(moved dx:-1 dy:-1)|STOPPED_MID_PATH (moves exhausted)"
          },
          {
            "tool": "set_city_production",
            "result": "PRODUCING|UNIT_CROSSBOWMAN|2 turns"
          },
          {
            "tool": "move_unit",
            "result": "MOVING_TO|52,22|from:55,24|now_at:55,24|BLOCKED (impassable terrain (ice or natural wonder))"
          },
          {
            "tool": "move_unit",
            "result": "MOVING_TO|54,22|from:55,24|now_at:54,23|(moved dx:-1 dy:-1)|STOPPED_MID_PATH (moves exhausted)"
          },
          {
            "tool": "move_unit",
            "result": "MOVING_TO|50,22|from:48,23|now_at:49,22|(moved dx:+1 dy:-1)|STOPPED_MID_PATH (moves exhausted)"
          }
        ],
        "promotion_sweep": [],
        "standing_memory": {
          "loaded": false,
          "injected": false,
          "injected_chars": 0,
          "captured_chars": 0,
          "error": ""
        },
        "task_tracker": {
          "active_before": 0,
          "pre_model_results": [],
          "active_after": 0,
          "error": ""
        },
        "channels": {
          "enabled": true,
          "acknowledgements": 0,
          "error": ""
        }
      },
      {
        "player": 3,
        "turn": 185,
        "summary": "scripted: observed; skipped unit 0",
        "actions": [
          {
            "tool": "skip_unit"
          }
        ],
        "promotion_sweep": [],
        "standing_memory": {
          "loaded": false,
          "injected": false,
          "injected_chars": 0,
          "captured_chars": 0,
          "error": ""
        },
        "task_tracker": {
          "active_before": 0,
          "pre_model_results": [],
          "active_after": 0,
          "error": ""
        },
        "channels": {
          "enabled": true,
          "acknowledgements": 0,
          "error": ""
        }
      },
      {
        "player": 1,
        "turn": 186,
        "summary": "I have completed my turn.\n\n**Actions taken:**\n- **Research:** Continued with **Steam Power**.\n- **Production:** Set **Preah Vihear** to produce a **Settler** and **Kompong Svay** to produce a **Library**.\n- **Units:** Attempted to move the Settler, but it was already at its destination.\n\n**Summary:**\nMaintaining steady growth with a focus on expansion and science. I am currently researching Steam Power to advance my technological standing.",
        "actions": [
          {
            "tool": "get_overview",
            "result": "Turn 186 | Khmer (Jayavarman VII) | Score: 373 | Prince\nGold: 298 (-11/turn) | Income: 31 | Maintenance: -42 (units: 19) | Science: 52.8 | Culture: 58.1 | Faith: 2097 | Favor: 16 (+2/turn)\nResearch: Steam Power | Civic: Humanism\nCities: 7 | Population: 52 | Units: 22 \u2014 5 Missionary, 5 Builder, 3 Man"
          },
          {
            "tool": "get_cities",
            "result": "7 cities:\n  Angkor Thom (pop 15) at (14,31) \u2014 Food 57 Prod 36 Gold 8 Sci 13 Cul 15 | Housing 19 Amenities 13 | Growth: 98/179 food (5t, +27.0/t) | Building: UNIT_BUILDER (2 turns) | Walls 100/100 Garrison 200/200 Def:52 Gar:KHMER_DOMREY [id:65536]\n    Districts: HOLY_SITE(13,29) CAMPUS(14,30) INDUST"
          },
          {
            "tool": "get_units",
            "result": "22 units:\n  Builder (UNIT_BUILDER) at (15,37) \u2014 moves 2/2 charges:3 [id:3211264, idx:0]\n  Missionary (UNIT_MISSIONARY) at (8,23) \u2014 moves 6/6 charges:3 [BUDDHISM] [id:2228225, idx:1]\n  Missionary (UNIT_MISSIONARY) at (0,32) \u2014 moves 4/4 charges:2 [BUDDHISM] [id:2490370, idx:2]\n  Trader (UNIT_TRADER) a"
          },
          {
            "tool": "set_research",
            "result": "Error: TECH_NOT_FOUND|TECH_METALLURGY"
          },
          {
            "tool": "set_research",
            "result": "Error: TECH_NOT_FOUND|TECH_CONSERVATISM"
          },
          {
            "tool": "set_research",
            "result": "Error: ALREADY_COMPLETED|TECH_PRINTING is already researched"
          },
          {
            "tool": "set_research",
            "result": "Error: ALREADY_COMPLETED|TECH_GUNPOWDER is already researched"
          },
          {
            "tool": "set_research",
            "result": "RESEARCHING|TECH_STEAM_POWER"
          },
          {
            "tool": "set_city_production",
            "result": "PRODUCING|UNIT_SETTLER|8 turns"
          },
          {
            "tool": "set_city_production",
            "result": "ERROR: ValueError(\"invalid item_type: 'IMPROVEMENT' (allowed: ['BUILDING', 'DISTRICT', 'PROJECT', 'UNIT'])\")"
          },
          {
            "tool": "set_city_production",
            "result": "PRODUCING|BUILDING_LIBRARY|11 turns"
          },
          {
            "tool": "move_unit",
            "result": "Error: STACKING_CONFLICT|Friendly UNIT_SETTLER already on (10,26). Cannot stack same formation class."
          }
        ],
        "promotion_sweep": [],
        "standing_memory": {
          "loaded": false,
          "injected": false,
          "injected_chars": 0,
          "captured_chars": 0,
          "error": ""
        },
        "task_tracker": {
          "active_before": 0,
          "pre_model_results": [],
          "active_after": 0,
          "error": ""
        },
        "channels": {
          "enabled": true,
          "acknowledgements": 0,
          "error": ""
        }
      },
      {
        "player": 2,
        "turn": 186,
        "summary": "max_steps reached",
        "actions": [
          {
            "tool": "get_overview",
            "result": "Turn 186 | Brazil (Pedro II) | Score: 351 | Prince\nGold: 498 (+8/turn) | Income: 42 | Maintenance: -34 (units: 18) | Science: 39.2 | Culture: 71.4 | Faith: 2637 | Favor: 75 (+2/turn)\nResearch: Flight | Civic: Nationalism\nCities: 5 | Population: 33 | Units: 13 \u2014 3 Great Writer, 2 Man-At-Arms, 2 Cross"
          },
          {
            "tool": "get_cities",
            "result": "5 cities:\n  Rio de Janeiro (pop 11) at (49,23) \u2014 Food 31 Prod 29 Gold 18 Sci 28 Cul 41 | Housing 12 Amenities 12 | Growth: 9/126 food (26t, +9.0/t) | Building: UNIT_CROSSBOWMAN (1 turns) | HP:200/200 Def:54 Gar:MAN_AT_ARMS [id:65536]\n    !! SLOW GROWTH: 26 turns to next pop \u2014 needs farm, granary, or"
          },
          {
            "tool": "get_units",
            "result": "13 units:\n  Crossbowman (UNIT_CROSSBOWMAN) at (48,23) \u2014 CS:30 RS:40 moves 2/2 [id:2883584, idx:0]\n  Swordsman (UNIT_SWORDSMAN) at (52,19) \u2014 CS:35 moves 2/2 [id:1966081, idx:1]\n  Rumi (UNIT_GREAT_WRITER) at (50,22) \u2014 moves 4/4 [id:2949122, idx:2]\n  Li Bai (UNIT_GREAT_WRITER) at (49,23) \u2014 moves 4/4 [i"
          },
          {
            "tool": "get_pending_diplomacy",
            "result": "No pending diplomacy sessions."
          },
          {
            "tool": "get_pending_trades",
            "result": "No pending trade deals."
          },
          {
            "tool": "move_unit",
            "result": "Error: STACKING_CONFLICT|Friendly UNIT_GREAT_WRITER already on (49,23). Cannot stack same formation class."
          },
          {
            "tool": "move_unit",
            "result": "MOVING_TO|46,18|from:48,19|now_at:48,19|BLOCKED (water tile (can embark))"
          },
          {
            "tool": "move_unit",
            "result": "MOVING_TO|48,22|from:50,21|now_at:49,22|(moved dx:-1 dy:+1)|STOPPED_MID_PATH (moves exhausted)"
          },
          {
            "tool": "move_unit",
            "result": "MOVING_TO|47,19|from:48,19|now_at:47,19|(moved dx:-1 dy:+0)"
          },
          {
            "tool": "move_unit",
            "result": "MOVING_TO|46,19|from:47,19|now_at:46,19|(moved dx:-1 dy:+0)"
          },
          {
            "tool": "move_unit",
            "result": "Error: NO_MOVES|Unit has no movement points remaining this turn. Use skip or wait until next turn."
          },
          {
            "tool": "set_city_production",
            "result": "PRODUCING|BUILDING_MONUMENT|8 turns"
          },
          {
            "tool": "set_research",
            "result": "RESEARCHING|TECH_FLIGHT"
          },
          {
            "tool": "found_city",
            "result": "Error: CANNOT_FOUND|Unit cannot found cities (not a settler or no moves)\n\nTop 1 settle locations:\n  #1 (46,22): Score 172 \u2014 F:59 P:16 \u2014 coast, defense:0\n     [B] CRABS, [B] FISH, [B] FISH, [B] RICE, [L] COFFEE"
          },
          {
            "tool": "move_unit",
            "result": "MOVING_TO|47,22|from:48,23|now_at:47,23|(moved dx:-1 dy:+0)|STOPPED_MID_PATH (moves exhausted)"
          },
          {
            "tool": "move_unit",
            "result": "MOVING_TO|51,18|from:52,19|now_at:52,18|(moved dx:+0 dy:-1)|STOPPED_MID_PATH (moves exhausted)"
          },
          {
            "tool": "move_unit",
            "result": "MOVING_TO|53,22|from:54,23|now_at:54,22|(moved dx:+0 dy:-1)|STOPPED_MID_PATH (moves exhausted)"
          },
          {
            "tool": "move_unit",
            "result": "MOVING_TO|48,21|from:49,22|now_at:48,21|(moved dx:-1 dy:-1)"
          },
          {
            "tool": "move_unit",
            "result": "MOVING_TO|48,22|from:49,23|now_at:48,22|(moved dx:-1 dy:-1)"
          },
          {
            "tool": "move_unit",
            "result": "MOVING_TO|52,15|from:52,14|now_at:52,15|(moved dx:+0 dy:+1)"
          },
          {
            "tool": "move_unit",
            "result": "MOVING_TO|51,16|from:51,15|now_at:51,16|(moved dx:+0 dy:+1)"
          }
        ],
        "promotion_sweep": [],
        "standing_memory": {
          "loaded": false,
          "injected": false,
          "injected_chars": 0,
          "captured_chars": 0,
          "error": ""
        },
        "task_tracker": {
          "active_before": 0,
          "pre_model_results": [],
          "active_after": 0,
          "error": ""
        },
        "channels": {
          "enabled": true,
          "acknowledgements": 0,
          "error": ""
        }
      },
      {
        "player": 3,
        "turn": 186,
        "summary": "scripted: observed; skipped unit 0",
        "actions": [
          {
            "tool": "skip_unit"
          }
        ],
        "promotion_sweep": [],
        "standing_memory": {
          "loaded": false,
          "injected": false,
          "injected_chars": 0,
          "captured_chars": 0,
          "error": ""
        },
        "task_tracker": {
          "active_before": 0,
          "pre_model_results": [],
          "active_after": 0,
          "error": ""
        },
        "channels": {
          "enabled": true,
          "acknowledgements": 0,
          "error": ""
        }
      }
    ]
  },
  "cost": {
    "by_player": {
      "1": {
        "prompt_tokens": 1373963,
        "completion_tokens": 11540,
        "usd": 0.0
      },
      "2": {
        "prompt_tokens": 2087518,
        "completion_tokens": 45999,
        "usd": 0.0
      }
    },
    "total_usd": 0.0
  }
}
