{
  "result": {
    "puppet_turns_played": 33,
    "turns_slept": 0,
    "seat0_turns_played": 11,
    "seat0_turns_failed": 0,
    "seat0_human_pending": 0,
    "log": [
      {
        "player": 1,
        "turn": 176,
        "summary": "I have taken several actions this turn:\n- **Research**: Switched research to **Printing** to prepare for the late Renaissance.\n- **Production**: \n    - Kept the Settler production going in **Preah Vihear**.\n    - Started producing a **Man-at-Arms** in Preah Vihear (replacing the settler order as a priority for defense/expansion support).\n    - Started producing a **Builder** in **Kompong Svay** to help improve local tiles.\n- **Units**: Attempted to move builders for improvements, though encountered stacking conflicts. \n\nSTANDING PLAN:\n- Continue expansion with the upcoming Settler.\n- Use Builders to improve resources around Kompong Svay and Preah Vihear.\n- Monitor neighbors for potential threats as we transition into the Renaissance.",
        "actions": [
          {
            "tool": "get_overview",
            "result": "Turn 176 | Khmer (Jayavarman VII) | Score: 353 | Prince\nGold: 329 (+10/turn) | Income: 38 | Maintenance: -29 (units: 6) | Science: 52.4 | Culture: 49.7 | Faith: 1296 | Favor: 99 (+3/turn)\nResearch: Gunpowder | Civic: Diplomatic Service\nCities: 8 | Population: 49 | Units: 15 \u2014 5 Missionary, 4 Builder"
          },
          {
            "tool": "get_cities",
            "result": "8 cities:\n  Angkor Thom (pop 14) at (14,31) \u2014 Food 57 Prod 36 Gold 8 Sci 12 Cul 14 | Housing 19 Amenities 11 | Growth: 45/165 food (6t, +29.0/t) | Building: UNIT_KHMER_DOMREY (1 turns) | Walls 100/100 Garrison 200/200 Def:47 Gar:none [id:65536]\n    Districts: HOLY_SITE(13,29) CAMPUS(14,30) INDUSTRIA"
          },
          {
            "tool": "get_units",
            "result": "15 units:\n  Builder (UNIT_BUILDER) at (14,35) \u2014 moves 2/2 charges:3 [id:3211264, idx:0]\n  Missionary (UNIT_MISSIONARY) at (8,23) \u2014 moves 4/6 charges:3 [BUDDHISM] [id:2228225, idx:1]\n  Missionary (UNIT_MISSIONARY) at (0,32) \u2014 moves 2/4 charges:2 [BUDDHISM] [id:2490370, idx:2]\n  Trader (UNIT_TRADER) a"
          },
          {
            "tool": "set_research",
            "result": "RESEARCHING_GAMECORE|TECH_PRINTING"
          },
          {
            "tool": "set_city_production",
            "result": "PRODUCING|UNIT_SETTLER|10 turns"
          },
          {
            "tool": "move_unit",
            "result": "Error: STACKING_CONFLICT|Friendly UNIT_BUILDER already on (12,24). Cannot stack same formation class."
          },
          {
            "tool": "move_unit",
            "result": "Error: STACKING_CONFLICT|Friendly UNIT_BUILDER already on (13,27). Cannot stack same formation class."
          },
          {
            "tool": "set_city_production",
            "result": "Error: MISSING_COORDS|IMPROVEMENT_FARM is a district and requires target_x/target_y for placement. Use get_district_advisor(city_id, 'IMPROVEMENT_FARM') to find the best tile."
          },
          {
            "tool": "set_city_production",
            "result": "PRODUCING|UNIT_BUILDER|17 turns"
          },
          {
            "tool": "set_city_production",
            "result": "PRODUCING|UNIT_MAN_AT_ARMS|5 turns"
          }
        ],
        "promotion_sweep": [],
        "standing_memory": {
          "loaded": false,
          "injected": false,
          "injected_chars": 0,
          "captured_chars": 0,
          "error": ""
        },
        "task_tracker": {
          "active_before": 0,
          "pre_model_results": [],
          "active_after": 0,
          "error": ""
        },
        "channels": {
          "enabled": true,
          "acknowledgements": 0,
          "error": ""
        }
      },
      {
        "player": 2,
        "turn": 176,
        "summary": "STANDING PLAN:\n- **Repair farms in Rio de Janeiro**: Next turn, move both builders to the pillaged farm tiles (49,23), (50,22), (51,22), (50,23), (51,24) and repair them.\n- **Use Great Writers**: Activate Li Bai (already at Rio's Theater) and Murasaki (at Curitiba's Theater) to visit and generate culture bonuses.\n- **Continue expansion**: Keep the Settler production in Curitiba; found a new city when it completes.\n- **Maintain peaceful relations**: Keep units away from Player 3's lands per our deal and continue diplomacy.",
        "actions": [
          {
            "tool": "get_overview",
            "result": "Turn 176 | Brazil (Pedro II) | Score: 345 | Prince\nGold: 439 (+14/turn) | Income: 38 | Maintenance: -24 (units: 4) | Science: 39.0 | Culture: 76.7 | Faith: 1851 | Favor: 85 (+2/turn)\nResearch: Astronomy | Civic: Mercantilism\nCities: 5 | Population: 32 | Units: 9 \u2014 3 Great Writer, 2 Builder, 1 Spearm"
          },
          {
            "tool": "get_units",
            "result": "9 units:\n  Trader (UNIT_TRADER) at (53,15) \u2014 moves 2/2 [id:589824, idx:0]\n  Geoffrey Chaucer (UNIT_GREAT_WRITER) at (49,23) \u2014 moves 4/4 [id:2883586, idx:2]\n  Li Bai (UNIT_GREAT_WRITER) at (51,24) \u2014 moves 4/4 [id:2818051, idx:3]\n  Builder (UNIT_BUILDER) at (50,21) \u2014 moves 2/2 charges:3 [id:2752516, i"
          },
          {
            "tool": "get_cities",
            "result": "5 cities:\n  Rio de Janeiro (pop 11) at (49,23) \u2014 Food 31 Prod 28 Gold 18 Sci 28 Cul 41 | Housing 12 Amenities 13 | Growth: 76/126 food (12t, +9.0/t) | Building: UNIT_CROSSBOWMAN (2 turns) | HP:200/200 Def:37 Gar:none [id:65536]\n    Districts: HOLY_SITE(50,21) CAMPUS(48,25) THEATER(51,24) ENCAMPMENT("
          },
          {
            "tool": "get_pending_diplomacy",
            "result": "No pending diplomacy sessions."
          },
          {
            "tool": "get_pending_trades",
            "result": "No pending trade deals."
          },
          {
            "tool": "set_city_production",
            "result": "PRODUCING|UNIT_SETTLER|3 turns"
          },
          {
            "tool": "set_city_production",
            "result": "PRODUCING|UNIT_CROSSBOWMAN|16 turns"
          },
          {
            "tool": "move_unit",
            "result": "Error: STACKING_CONFLICT|Friendly UNIT_GREAT_WRITER already on (49,23). Cannot stack same formation class."
          },
          {
            "tool": "move_unit",
            "result": "Error: STACKING_CONFLICT|Friendly UNIT_BUILDER already on (50,21). Cannot stack same formation class."
          },
          {
            "tool": "move_unit",
            "result": "Error: STACKING_CONFLICT|Friendly UNIT_GREAT_WRITER already on (51,24). Cannot stack same formation class."
          },
          {
            "tool": "move_unit",
            "result": "MOVING_TO|53,19|from:52,19|now_at:53,19|(moved dx:+1 dy:+0)"
          },
          {
            "tool": "move_unit",
            "result": "Error: STACKING_CONFLICT|Friendly UNIT_BUILDER already on (49,22). Cannot stack same formation class."
          },
          {
            "tool": "move_unit",
            "result": "MOVING_TO|51,23|from:49,22|now_at:49,22|BLOCKED (impassable mountain)"
          },
          {
            "tool": "move_unit",
            "result": "MOVING_TO|49,25|from:49,23|now_at:49,23|BLOCKED (impassable mountain)"
          },
          {
            "tool": "move_unit",
            "result": "MOVING_TO|48,23|from:50,21|now_at:50,22|(moved dx:+0 dy:+1)|STOPPED_MID_PATH (moves exhausted)"
          },
          {
            "tool": "move_unit",
            "result": "Error: STACKING_CONFLICT|Friendly UNIT_BUILDER already on (50,22). Cannot stack same formation class."
          },
          {
            "tool": "move_unit",
            "result": "MOVING_TO|48,24|from:49,23|now_at:48,24|(moved dx:-1 dy:+1)"
          },
          {
            "tool": "move_unit",
            "result": "MOVING_TO|51,22|from:49,22|now_at:49,22|BLOCKED (impassable mountain)"
          },
          {
            "tool": "move_unit",
            "result": "MOVING_TO|48,22|from:49,22|now_at:48,22|(moved dx:-1 dy:+0)"
          },
          {
            "tool": "move_unit",
            "result": "Error: NO_MOVES|Unit has no movement points remaining this turn. Use skip or wait until next turn."
          },
          {
            "tool": "move_unit",
            "result": "Error: NO_MOVES|Unit has no movement points remaining this turn. Use skip or wait until next turn."
          },
          {
            "tool": "move_unit",
            "result": "MOVING_TO|49,23|from:51,24|now_at:49,23|(moved dx:-2 dy:-1)"
          },
          {
            "tool": "move_unit",
            "result": "MOVING_TO|54,15|from:54,14|now_at:54,15|(moved dx:+0 dy:+1)"
          },
          {
            "tool": "move_unit",
            "result": "Error: CANNOT_MOVE|Unit cannot move (invalid state)"
          },
          {
            "tool": "get_unit_promotions",
            "result": "No promotions available for UNIT_GREAT_WRITER (id:3)."
          },
          {
            "tool": "get_unit_promotions",
            "result": "No promotions available for UNIT_GREAT_WRITER (id:5)."
          },
          {
            "tool": "move_unit",
            "result": "Error: STACKING_CONFLICT|Friendly UNIT_GREAT_WRITER already on (49,23). Cannot stack same formation class."
          },
          {
            "tool": "move_unit",
            "result": "MOVING_TO|54,14|from:54,15|now_at:54,14|(moved dx:+0 dy:-1)"
          },
          {
            "tool": "move_unit",
            "result": "MOVING_TO|55,19|from:53,19|now_at:55,19|(moved dx:+2 dy:+0)"
          },
          {
            "tool": "move_unit",
            "result": "MOVING_TO|52,24|from:51,24|now_at:52,24|(moved dx:+1 dy:+0)"
          },
          {
            "tool": "move_unit",
            "result": "MOVING_TO|57,22|from:59,22|now_at:59,22|BLOCKED (city-state territory (Preslav) - need suzerainty or Open Borders)"
          },
          {
            "tool": "move_unit",
            "result": "MOVING_TO|58,22|from:59,22|now_at:58,22|(moved dx:-1 dy:+0)"
          }
        ],
        "promotion_sweep": [],
        "standing_memory": {
          "loaded": false,
          "injected": false,
          "injected_chars": 0,
          "captured_chars": 0,
          "error": ""
        },
        "task_tracker": {
          "active_before": 0,
          "pre_model_results": [],
          "active_after": 0,
          "error": ""
        },
        "channels": {
          "enabled": true,
          "acknowledgements": 1,
          "error": ""
        }
      },
      {
        "player": 3,
        "turn": 176,
        "summary": "scripted: observed; skipped unit 0",
        "actions": [
          {
            "tool": "skip_unit"
          }
        ],
        "promotion_sweep": [],
        "standing_memory": {
          "loaded": false,
          "injected": false,
          "injected_chars": 0,
          "captured_chars": 0,
          "error": ""
        },
        "task_tracker": {
          "active_before": 0,
          "pre_model_results": [],
          "active_after": 0,
          "error": ""
        },
        "channels": {
          "enabled": true,
          "acknowledgements": 0,
          "error": ""
        }
      },
      {
        "player": 1,
        "turn": 177,
        "summary": "I have researched Gunpowder to prepare for the mid-Renaissance era and maintained production on a Man-At-Arms in Preah Vihear. I also moved a builder near my core cities to prepare for upcoming improvements.\n\nSTANDING PLAN:\n- Continue researching technologies for military and economic advancement.\n- Use builders to improve resources around Preah Vihear and Kompong Svay.\n- Monitor religious spread with missionaries.\n\nTASK builder_improve unit_id=3276814 target=13,24 improvement=IMPROVEMENT_FARM",
        "actions": [
          {
            "tool": "get_overview",
            "result": "Turn 177 | Khmer (Jayavarman VII) | Score: 355 | Prince\nGold: 338 (+7/turn) | Income: 39 | Maintenance: -32 (units: 9) | Science: 53.8 | Culture: 51.3 | Faith: 1348 | Favor: 102 (+3/turn)\nResearch: Printing | Civic: Humanism\nCities: 8 | Population: 49 | Units: 16 \u2014 5 Missionary, 4 Builder, 2 Guru, 2"
          },
          {
            "tool": "get_cities",
            "result": "8 cities:\n  Angkor Thom (pop 14) at (14,31) \u2014 Food 57 Prod 38 Gold 9 Sci 14 Cul 16 | Housing 19 Amenities 12 | Growth: 70/165 food (4t, +29.0/t) | Building: nothing | Walls 100/100 Garrison 200/200 Def:52 Gar:KHMER_DOMREY [id:65536]\n    Districts: HOLY_SITE(13,29) CAMPUS(14,30) INDUSTRIAL_ZONE(12,31"
          },
          {
            "tool": "get_units",
            "result": "16 units:\n  Builder (UNIT_BUILDER) at (14,35) \u2014 moves 2/2 charges:3 [id:3211264, idx:0]\n  Missionary (UNIT_MISSIONARY) at (8,23) \u2014 moves 6/6 charges:3 [BUDDHISM] [id:2228225, idx:1]\n  Missionary (UNIT_MISSIONARY) at (0,32) \u2014 moves 4/4 charges:2 [BUDDHISM] [id:2490370, idx:2]\n  Trader (UNIT_TRADER) a"
          },
          {
            "tool": "set_research",
            "result": "RESEARCHING_GAMECORE|TECH_GUNPOWDER"
          },
          {
            "tool": "set_city_production",
            "result": "PRODUCING|UNIT_MAN_AT_ARMS|4 turns"
          },
          {
            "tool": "set_city_production",
            "result": "PRODUCING|UNIT_BUILDER|16 turns"
          },
          {
            "tool": "move_unit",
            "result": "Error: STACKING_CONFLICT|Friendly UNIT_BUILDER already on (14,35). Cannot stack same formation class."
          },
          {
            "tool": "move_unit",
            "result": "MOVING_TO|13,24|from:12,24|now_at:13,24|(moved dx:+1 dy:+0)"
          }
        ],
        "promotion_sweep": [],
        "standing_memory": {
          "loaded": false,
          "injected": false,
          "injected_chars": 0,
          "captured_chars": 0,
          "error": ""
        },
        "task_tracker": {
          "active_before": 0,
          "pre_model_results": [],
          "active_after": 1,
          "error": ""
        },
        "channels": {
          "enabled": true,
          "acknowledgements": 0,
          "error": ""
        }
      },
      {
        "player": 2,
        "turn": 177,
        "summary": "Good. The turn actions are complete. Summary:\n\n- **Archer** repositioned to (57,21) but couldn't attack Skirmisher due to city-state territory\n- **Builders** moved toward Rio's pillaged farms for repair next turn\n- **Horseman** moved to explore at (57,19)\n- **Li Bai** moved to Rio's Theater (51,24) to inspire culture\n- **Geoffrey Chaucer** stopped near Rio at (50,23)\n- **Rio** finishes Crossbowman next turn\n- **Curitiba** continues Settler production (2 turns left)\n\nSTANDING PLAN:\n- Repair pillaged farms in Rio with builders\n- Use Great Writers to inspire Rio for culture boost to avoid Dark Age\n- Consider attacking Skirmisher next turn if position improves",
        "actions": [
          {
            "tool": "get_overview",
            "result": "Turn 177 | Brazil (Pedro II) | Score: 345 | Prince\nGold: 453 (+14/turn) | Income: 38 | Maintenance: -24 (units: 4) | Science: 39.0 | Culture: 76.7 | Faith: 1929 | Favor: 87 (+2/turn)\nResearch: Astronomy | Civic: Mercantilism\nCities: 5 | Population: 32 | Units: 9 \u2014 3 Great Writer, 2 Builder, 1 Spearm"
          },
          {
            "tool": "get_units",
            "result": "9 units:\n  Trader (UNIT_TRADER) at (53,15) \u2014 moves 2/2 [id:589824, idx:0]\n  Geoffrey Chaucer (UNIT_GREAT_WRITER) at (48,24) \u2014 moves 4/4 [id:2883586, idx:2]\n  Li Bai (UNIT_GREAT_WRITER) at (49,23) \u2014 moves 4/4 [id:2818051, idx:3]\n  Builder (UNIT_BUILDER) at (50,22) \u2014 moves 2/2 charges:3 [id:2752516, i"
          },
          {
            "tool": "get_cities",
            "result": "5 cities:\n  Rio de Janeiro (pop 11) at (49,23) \u2014 Food 31 Prod 28 Gold 18 Sci 28 Cul 41 | Housing 12 Amenities 13 | Growth: 80/126 food (11t, +9.0/t) | Building: UNIT_CROSSBOWMAN (1 turns) | HP:200/200 Def:37 Gar:none [id:65536]\n    Districts: HOLY_SITE(50,21) CAMPUS(48,25) THEATER(51,24) ENCAMPMENT("
          },
          {
            "tool": "get_pending_diplomacy",
            "result": "No pending diplomacy sessions."
          },
          {
            "tool": "get_pending_trades",
            "result": "No pending trade deals."
          },
          {
            "tool": "move_unit",
            "result": "CAPTURE_MOVE|57,22|from:58,22|now_at:58,22|BLOCKED (city-state territory (Preslav) - need suzerainty or Open Borders)"
          },
          {
            "tool": "move_unit",
            "result": "MOVING_TO|50,21|from:50,22|now_at:50,21|(moved dx:+0 dy:-1)"
          },
          {
            "tool": "move_unit",
            "result": "MOVING_TO|49,22|from:48,22|now_at:49,22|(moved dx:+1 dy:+0)"
          },
          {
            "tool": "move_unit",
            "result": "MOVING_TO|57,19|from:55,19|now_at:57,19|(moved dx:+2 dy:+0)"
          },
          {
            "tool": "move_unit",
            "result": "MOVING_TO|57,21|from:58,22|now_at:57,21|(moved dx:-1 dy:-1)"
          },
          {
            "tool": "get_units",
            "result": "9 units:\n  Trader (UNIT_TRADER) at (53,15) \u2014 moves 2/2 [id:589824, idx:0]\n  Geoffrey Chaucer (UNIT_GREAT_WRITER) at (48,24) \u2014 moves 4/4 [id:2883586, idx:2]\n  Li Bai (UNIT_GREAT_WRITER) at (49,23) \u2014 moves 4/4 [id:2818051, idx:3]\n  Builder (UNIT_BUILDER) at (50,21) \u2014 moves 0/2 charges:3 (no moves) [id"
          },
          {
            "tool": "move_unit",
            "result": "CAPTURE_MOVE|57,22|from:52,24|now_at:52,24|BLOCKED (city-state territory (Preslav) - need suzerainty or Open Borders)"
          },
          {
            "tool": "move_unit",
            "result": "Error: STACKING_CONFLICT|Friendly UNIT_GREAT_WRITER already on (49,23). Cannot stack same formation class."
          },
          {
            "tool": "move_unit",
            "result": "Error: STACKING_CONFLICT|Friendly UNIT_GREAT_WRITER already on (49,23). Cannot stack same formation class."
          },
          {
            "tool": "move_unit",
            "result": "Error: STACKING_CONFLICT|Friendly UNIT_GREAT_WRITER already on (54,14). Cannot stack same formation class."
          },
          {
            "tool": "move_unit",
            "result": "MOVING_TO|51,24|from:48,24|now_at:50,23|(moved dx:+2 dy:-1)|STOPPED_MID_PATH (moves exhausted)"
          },
          {
            "tool": "move_unit",
            "result": "MOVING_TO|51,24|from:49,23|now_at:51,24|(moved dx:+2 dy:+1)"
          },
          {
            "tool": "move_unit",
            "result": "Error: STACKING_CONFLICT|Friendly UNIT_GREAT_WRITER already on (51,24). Cannot stack same formation class."
          },
          {
            "tool": "move_unit",
            "result": "MOVING_TO|48,25|from:54,14|now_at:51,16|(moved dx:-3 dy:+2)|STOPPED_MID_PATH (moves exhausted)"
          },
          {
            "tool": "get_cities",
            "result": "5 cities:\n  Rio de Janeiro (pop 11) at (49,23) \u2014 Food 31 Prod 28 Gold 18 Sci 28 Cul 41 | Housing 12 Amenities 13 | Growth: 80/126 food (11t, +9.0/t) | Building: UNIT_CROSSBOWMAN (1 turns) | HP:200/200 Def:37 Gar:none [id:65536]\n    Districts: HOLY_SITE(50,21) CAMPUS(48,25) THEATER(51,24) ENCAMPMENT("
          },
          {
            "tool": "skip_unit",
            "result": "SKIPPED"
          },
          {
            "tool": "skip_unit",
            "result": "SKIPPED"
          },
          {
            "tool": "skip_unit",
            "result": "SKIPPED"
          }
        ],
        "promotion_sweep": [],
        "standing_memory": {
          "loaded": false,
          "injected": false,
          "injected_chars": 0,
          "captured_chars": 0,
          "error": ""
        },
        "task_tracker": {
          "active_before": 0,
          "pre_model_results": [],
          "active_after": 0,
          "error": ""
        },
        "channels": {
          "enabled": true,
          "acknowledgements": 0,
          "error": ""
        }
      },
      {
        "player": 3,
        "turn": 177,
        "summary": "scripted: observed; skipped unit 0",
        "actions": [
          {
            "tool": "skip_unit"
          }
        ],
        "promotion_sweep": [],
        "standing_memory": {
          "loaded": false,
          "injected": false,
          "injected_chars": 0,
          "captured_chars": 0,
          "error": ""
        },
        "task_tracker": {
          "active_before": 0,
          "pre_model_results": [],
          "active_after": 0,
          "error": ""
        },
        "channels": {
          "enabled": true,
          "acknowledgements": 0,
          "error": ""
        }
      },
      {
        "event": "seat0_guarded_refire",
        "turn": 178,
        "player_id": 0,
        "requests_before": 1
      },
      {
        "player": 1,
        "turn": 178,
        "summary": "I have assessed the empire. We are in the Renaissance Era, researching Gunpowder (switched to Ballistics to accelerate defense/mobility). My main priorities are:\n1. **Growth Management**: Preah Vihear and Kompong Svay are growing slowly. I need to prioritize improvements like farms and granaries via builders.\n2. **Military Defense**: Angkor Thom is producing a Spy, while Preah Vihear is working on a Man-at-Arms.\n3. **Religious Spread**: I have several Missionaries and Gurus active. I will ensure they continue to bolster Buddhism.\n\n**Actions taken:**\n- Researched **Ballistics**.\n- Set **Preah Vihear** to produce a **Man-at-Arms**.\n- Set **Kompong Svay** to produce a **Builder**.\n\nSTANDING PLAN:\n- Move builders toward unimproved resource tiles (Cattle/Spices near Preah Vihear, Cotton near Kompong Svay).\n- Use Missionaries to spread Buddhism to adjacent cities.\n- Monitor borders for potential threats as we transition to gunpowder weaponry.",
        "actions": [
          {
            "tool": "get_overview",
            "result": "Turn 178 | Khmer (Jayavarman VII) | Score: 363 | Prince\nGold: 346 (+6/turn) | Income: 38 | Maintenance: -32 (units: 9) | Science: 55.4 | Culture: 53.3 | Faith: 1409 | Favor: 105 (+3/turn)\nResearch: Gunpowder | Civic: Humanism\nCities: 8 | Population: 51 | Units: 16 \u2014 5 Missionary, 4 Builder, 2 Guru, "
          },
          {
            "tool": "get_cities",
            "result": "8 cities:\n  Angkor Thom (pop 14) at (14,31) \u2014 Food 57 Prod 40 Gold 9 Sci 14 Cul 16 | Housing 19 Amenities 12 | Growth: 94/165 food (3t, +29.0/t) | Building: UNIT_SPY (4 turns) | Walls 100/100 Garrison 200/200 Def:52 Gar:KHMER_DOMREY [id:65536]\n    Districts: HOLY_SITE(13,29) CAMPUS(14,30) INDUSTRIAL"
          },
          {
            "tool": "get_units",
            "result": "16 units:\n  Builder (UNIT_BUILDER) at (14,35) \u2014 moves 2/2 charges:3 [id:3211264, idx:0]\n  Missionary (UNIT_MISSIONARY) at (8,23) \u2014 moves 6/6 charges:3 [BUDDHISM] [id:2228225, idx:1]\n  Missionary (UNIT_MISSIONARY) at (0,32) \u2014 moves 4/4 charges:2 [BUDDHISM] [id:2490370, idx:2]\n  Trader (UNIT_TRADER) a"
          },
          {
            "tool": "set_research",
            "result": "RESEARCHING_GAMECORE|TECH_BALLISTICS"
          },
          {
            "tool": "set_city_production",
            "result": "PRODUCING|UNIT_MAN_AT_ARMS|3 turns"
          },
          {
            "tool": "set_city_production",
            "result": "PRODUCING|UNIT_BUILDER|14 turns"
          }
        ],
        "promotion_sweep": [],
        "standing_memory": {
          "loaded": false,
          "injected": false,
          "injected_chars": 0,
          "captured_chars": 0,
          "error": ""
        },
        "task_tracker": {
          "active_before": 1,
          "pre_model_results": [
            {
              "task_id": "builder_improve:3276814",
              "kind": "builder_improve",
              "unit_id": 3276814,
              "target": [
                13,
                24
              ],
              "status": "active",
              "action": "block",
              "result": "blocked_improvement_not_valid"
            }
          ],
          "active_after": 1,
          "error": ""
        },
        "channels": {
          "enabled": true,
          "acknowledgements": 0,
          "error": ""
        }
      },
      {
        "player": 2,
        "turn": 178,
        "summary": "I've skipped all remaining units. This turn's priorities were:\n- **Repair infrastructure**: Builders moved toward Rio's pillaged farms (will repair next turn)\n- **Culture boost**: S\u00e3o Paulo building Amphitheater to help avoid Dark Age\n- **Expansion**: Salvador da Bahia and Curitiba producing Settlers\n- **Defense**: Military units fortified, Horseman repositioned\n\nSTANDING PLAN:\n- Next turn: Builders repair pillaged farms in Rio de Janeiro to restore food production\n- Continue culture investments to avoid Dark Age (23 points short)\n- Use Settlers to expand to new locations once produced",
        "actions": [
          {
            "tool": "get_overview",
            "result": "Turn 178 | Brazil (Pedro II) | Score: 345 | Prince\nGold: 467 (+11/turn) | Income: 38 | Maintenance: -27 (units: 7) | Science: 39.5 | Culture: 77.0 | Faith: 2007 | Favor: 89 (+2/turn)\nResearch: Astronomy | Civic: Mercantilism\nCities: 5 | Population: 33 | Units: 10 \u2014 3 Great Writer, 2 Builder, 1 Spear"
          },
          {
            "tool": "get_units",
            "result": "10 units:\n  Trader (UNIT_TRADER) at (53,15) \u2014 moves 2/2 [id:589824, idx:0]\n  Crossbowman (UNIT_CROSSBOWMAN) at (47,23) \u2014 CS:30 RS:40 moves 2/2 [id:2949121, idx:1]\n  Geoffrey Chaucer (UNIT_GREAT_WRITER) at (50,23) \u2014 moves 4/4 [id:2883586, idx:2]\n  Li Bai (UNIT_GREAT_WRITER) at (51,24) \u2014 moves 4/4 [id"
          },
          {
            "tool": "get_cities",
            "result": "5 cities:\n  Rio de Janeiro (pop 11) at (49,23) \u2014 Food 31 Prod 28 Gold 18 Sci 28 Cul 41 | Housing 12 Amenities 13 | Growth: 85/126 food (10t, +9.0/t) | Building: nothing | HP:200/200 Def:37 Gar:none [id:65536]\n    Districts: HOLY_SITE(50,21) CAMPUS(48,25) THEATER(51,24) ENCAMPMENT(47,23)\n    Building"
          },
          {
            "tool": "get_pending_diplomacy",
            "result": "No pending diplomacy sessions."
          },
          {
            "tool": "get_pending_trades",
            "result": "No pending trade deals."
          },
          {
            "tool": "move_unit",
            "result": "MOVING_TO|50,22|from:50,21|now_at:50,22|(moved dx:+0 dy:+1)"
          },
          {
            "tool": "move_unit",
            "result": "MOVING_TO|49,23|from:49,22|now_at:49,23|(moved dx:+0 dy:+1)"
          },
          {
            "tool": "set_city_production",
            "result": "Error: CANNOT_PRODUCE|BUILDING_GRANARY cannot be produced in this city (already built)"
          },
          {
            "tool": "set_city_production",
            "result": "PRODUCING|UNIT_SETTLER|1 turns"
          },
          {
            "tool": "move_unit",
            "result": "Error: NO_MOVES|Unit has no movement points remaining this turn. Use skip or wait until next turn."
          },
          {
            "tool": "move_unit",
            "result": "Error: STACKING_CONFLICT|Friendly UNIT_GREAT_WRITER already on (50,23). Cannot stack same formation class."
          },
          {
            "tool": "move_unit",
            "result": "Error: STACKING_CONFLICT|Friendly UNIT_GREAT_WRITER already on (51,24). Cannot stack same formation class."
          },
          {
            "tool": "set_city_production",
            "result": "Error: CANNOT_PRODUCE|BUILDING_GRANARY cannot be produced in this city (already built)"
          },
          {
            "tool": "set_city_production",
            "result": "PRODUCING|BUILDING_AMPHITHEATER|11 turns"
          },
          {
            "tool": "set_city_production",
            "result": "PRODUCING|UNIT_SETTLER|1 turns"
          },
          {
            "tool": "promote_unit",
            "result": "Error: PROMOTION_NOT_FOUND|WRITE_BOOK"
          },
          {
            "tool": "promote_unit",
            "result": "Error: PROMOTION_NOT_FOUND|WRITE_BOOK"
          },
          {
            "tool": "promote_unit",
            "result": "Error: PROMOTION_NOT_FOUND|WRITE_BOOK"
          },
          {
            "tool": "get_unit_promotions",
            "result": "No promotions available for UNIT_GREAT_WRITER (id:2)."
          },
          {
            "tool": "fortify_unit",
            "result": "FORTIFIED"
          },
          {
            "tool": "fortify_unit",
            "result": "FORTIFIED"
          },
          {
            "tool": "fortify_unit",
            "result": "FORTIFIED"
          },
          {
            "tool": "move_unit",
            "result": "MOVING_TO|54,20|from:57,19|now_at:54,19|(moved dx:-3 dy:+0)|STOPPED_MID_PATH (moves exhausted)"
          },
          {
            "tool": "move_unit",
            "result": "Error: CANNOT_MOVE|Unit cannot move (invalid state)"
          },
          {
            "tool": "skip_unit",
            "result": "SKIPPED"
          },
          {
            "tool": "skip_unit",
            "result": "SKIPPED"
          },
          {
            "tool": "skip_unit",
            "result": "SKIPPED"
          },
          {
            "tool": "skip_unit",
            "result": "SKIPPED"
          },
          {
            "tool": "skip_unit",
            "result": "SKIPPED"
          },
          {
            "tool": "skip_unit",
            "result": "SKIPPED"
          },
          {
            "tool": "skip_unit",
            "result": "SKIPPED"
          }
        ],
        "promotion_sweep": [],
        "standing_memory": {
          "loaded": false,
          "injected": false,
          "injected_chars": 0,
          "captured_chars": 0,
          "error": ""
        },
        "task_tracker": {
          "active_before": 0,
          "pre_model_results": [],
          "active_after": 0,
          "error": ""
        },
        "channels": {
          "enabled": true,
          "acknowledgements": 0,
          "error": ""
        }
      },
      {
        "player": 3,
        "turn": 178,
        "summary": "scripted: observed; skipped unit 0",
        "actions": [
          {
            "tool": "skip_unit"
          }
        ],
        "promotion_sweep": [],
        "standing_memory": {
          "loaded": false,
          "injected": false,
          "injected_chars": 0,
          "captured_chars": 0,
          "error": ""
        },
        "task_tracker": {
          "active_before": 0,
          "pre_model_results": [],
          "active_after": 0,
          "error": ""
        },
        "channels": {
          "enabled": true,
          "acknowledgements": 0,
          "error": ""
        }
      },
      {
        "player": 1,
        "turn": 179,
        "summary": "max_steps reached",
        "actions": [
          {
            "tool": "get_overview",
            "result": "Turn 179 | Khmer (Jayavarman VII) | Score: 366 | Prince\nGold: 352 (+3/turn) | Income: 38 | Maintenance: -35 (units: 12) | Science: 55.5 | Culture: 53.3 | Faith: 1470 | Favor: 108 (+3/turn)\nResearch: Ballistics | Civic: Humanism\nCities: 8 | Population: 51 | Units: 18 \u2014 5 Missionary, 4 Builder, 2 Domr"
          },
          {
            "tool": "get_cities",
            "result": "8 cities:\n  Angkor Thom (pop 14) at (14,31) \u2014 Food 57 Prod 40 Gold 9 Sci 14 Cul 16 | Housing 19 Amenities 12 | Growth: 119/165 food (2t, +29.0/t) | Building: UNIT_SPY (3 turns) | Walls 100/100 Garrison 200/200 Def:52 Gar:KHMER_DOMREY [id:65536]\n    Districts: HOLY_SITE(13,29) CAMPUS(14,30) INDUSTRIA"
          },
          {
            "tool": "get_units",
            "result": "18 units:\n  Builder (UNIT_BUILDER) at (14,35) \u2014 moves 2/2 charges:3 [id:3211264, idx:0]\n  Missionary (UNIT_MISSIONARY) at (8,23) \u2014 moves 6/6 charges:3 [BUDDHISM] [id:2228225, idx:1]\n  Missionary (UNIT_MISSIONARY) at (0,32) \u2014 moves 4/4 charges:2 [BUDDHISM] [id:2490370, idx:2]\n  Trader (UNIT_TRADER) a"
          },
          {
            "tool": "set_research",
            "result": "RESEARCHING|TECH_BALLISTICS"
          },
          {
            "tool": "set_city_production",
            "result": "PRODUCING|UNIT_MAN_AT_ARMS|2 turns"
          },
          {
            "tool": "set_city_production",
            "result": "PRODUCING|UNIT_BUILDER|13 turns"
          },
          {
            "tool": "skip_unit",
            "result": "SKIPPED"
          },
          {
            "tool": "skip_unit",
            "result": "SKIPPED"
          },
          {
            "tool": "skip_unit",
            "result": "SKIPPED"
          },
          {
            "tool": "skip_unit",
            "result": "SKIPPED"
          },
          {
            "tool": "skip_unit",
            "result": "SKIPPED"
          },
          {
            "tool": "skip_unit",
            "result": "SKIPPED"
          },
          {
            "tool": "skip_unit",
            "result": "SKIPPED"
          },
          {
            "tool": "skip_unit",
            "result": "SKIPPED"
          },
          {
            "tool": "skip_unit",
            "result": "SKIPPED"
          }
        ],
        "promotion_sweep": [],
        "standing_memory": {
          "loaded": false,
          "injected": false,
          "injected_chars": 0,
          "captured_chars": 0,
          "error": ""
        },
        "task_tracker": {
          "active_before": 1,
          "pre_model_results": [
            {
              "task_id": "builder_improve:3276814",
              "kind": "builder_improve",
              "unit_id": 3276814,
              "target": [
                13,
                24
              ],
              "status": "active",
              "action": "block",
              "result": "blocked_improvement_not_valid"
            }
          ],
          "active_after": 1,
          "error": ""
        },
        "channels": {
          "enabled": true,
          "acknowledgements": 0,
          "error": ""
        }
      },
      {
        "player": 2,
        "turn": 179,
        "summary": "STANDING PLAN:\n- Next turn: use Builder at (50,24) to repair Rio de Janeiro's pillaged farms, and Builder at (48,24) to improve resources near Rio\n- Move Settler to found a new city near (53,15) or expand into unexplored territory\n- Continue researching Astronomy and maintain peaceful relations with Player 3\n- TASK builder_improve unit_id=2752516 target=50,24 improvement=IMPROVEMENT_FARM\n- TASK builder_improve unit_id=2621448 target=48,23 improvement=IMPROVEMENT_MINE",
        "actions": [
          {
            "tool": "get_overview",
            "result": "Turn 179 | Brazil (Pedro II) | Score: 346 | Prince\nGold: 479 (+9/turn) | Income: 37 | Maintenance: -28 (units: 7) | Science: 39.0 | Culture: 79.1 | Faith: 2084 | Favor: 91 (+2/turn)\nResearch: Astronomy | Civic: Mercantilism\nCities: 5 | Population: 32 | Units: 11 \u2014 3 Great Writer, 2 Builder, 1 Horsem"
          },
          {
            "tool": "get_units",
            "result": "11 units:\n  Trader (UNIT_TRADER) at (53,15) \u2014 moves 2/2 [id:589824, idx:0]\n  Crossbowman (UNIT_CROSSBOWMAN) at (47,23) \u2014 CS:30 RS:40 moves 2/2 [id:2949121, idx:1]\n  Geoffrey Chaucer (UNIT_GREAT_WRITER) at (50,23) \u2014 moves 4/4 [id:2883586, idx:2]\n  Li Bai (UNIT_GREAT_WRITER) at (51,24) \u2014 moves 4/4 [id"
          },
          {
            "tool": "get_cities",
            "result": "5 cities:\n  Rio de Janeiro (pop 11) at (49,23) \u2014 Food 31 Prod 28 Gold 18 Sci 28 Cul 43 | Housing 12 Amenities 12 | Growth: 90/126 food (9t, +9.0/t) | Building: nothing | HP:200/200 Def:37 Gar:none [id:65536]\n    Districts: HOLY_SITE(50,21) CAMPUS(48,25) THEATER(51,24) ENCAMPMENT(47,23)\n    Buildings"
          },
          {
            "tool": "get_pending_diplomacy",
            "result": "No pending diplomacy sessions."
          },
          {
            "tool": "get_pending_trades",
            "result": "No pending trade deals."
          },
          {
            "tool": "get_unit_promotions",
            "result": "No promotions available for UNIT_HORSEMAN (id:9)."
          },
          {
            "tool": "get_unit_promotions",
            "result": "No promotions available for UNIT_CROSSBOWMAN (id:1)."
          },
          {
            "tool": "move_unit",
            "result": "MOVING_TO|50,24|from:50,22|now_at:49,24|(moved dx:-1 dy:+2)|STOPPED_MID_PATH (moves exhausted)"
          },
          {
            "tool": "move_unit",
            "result": "Error: STACKING_CONFLICT|Friendly UNIT_BUILDER already on (49,24). Cannot stack same formation class."
          },
          {
            "tool": "move_unit",
            "result": "MOVING_TO|53,15|from:52,15|now_at:53,15|(moved dx:+1 dy:+0)"
          },
          {
            "tool": "move_unit",
            "result": "Error: CANNOT_MOVE|Unit cannot move (invalid state)"
          },
          {
            "tool": "set_city_production",
            "result": "PRODUCING|UNIT_SETTLER|8 turns"
          },
          {
            "tool": "set_city_production",
            "result": "PRODUCING|UNIT_BUILDER|5 turns"
          },
          {
            "tool": "move_unit",
            "result": "Error: NO_MOVES|Unit has no movement points remaining this turn. Use skip or wait until next turn."
          },
          {
            "tool": "move_unit",
            "result": "MOVING_TO|48,24|from:49,23|now_at:48,24|(moved dx:-1 dy:+1)"
          },
          {
            "tool": "skip_unit",
            "result": "SKIPPED"
          },
          {
            "tool": "skip_unit",
            "result": "SKIPPED"
          },
          {
            "tool": "skip_unit",
            "result": "SKIPPED"
          },
          {
            "tool": "skip_unit",
            "result": "SKIPPED"
          },
          {
            "tool": "skip_unit",
            "result": "SKIPPED"
          },
          {
            "tool": "skip_unit",
            "result": "SKIPPED"
          },
          {
            "tool": "skip_unit",
            "result": "SKIPPED"
          },
          {
            "tool": "skip_unit",
            "result": "SKIPPED"
          },
          {
            "tool": "skip_unit",
            "result": "SKIPPED"
          }
        ],
        "promotion_sweep": [],
        "standing_memory": {
          "loaded": false,
          "injected": false,
          "injected_chars": 0,
          "captured_chars": 0,
          "error": ""
        },
        "task_tracker": {
          "active_before": 0,
          "pre_model_results": [],
          "active_after": 2,
          "error": ""
        },
        "channels": {
          "enabled": true,
          "acknowledgements": 1,
          "error": ""
        }
      },
      {
        "player": 3,
        "turn": 179,
        "summary": "scripted: observed; skipped unit 0",
        "actions": [
          {
            "tool": "skip_unit"
          }
        ],
        "promotion_sweep": [],
        "standing_memory": {
          "loaded": false,
          "injected": false,
          "injected_chars": 0,
          "captured_chars": 0,
          "error": ""
        },
        "task_tracker": {
          "active_before": 0,
          "pre_model_results": [],
          "active_after": 0,
          "error": ""
        },
        "channels": {
          "enabled": true,
          "acknowledgements": 0,
          "error": ""
        }
      },
      {
        "player": 1,
        "turn": 180,
        "summary": "max_steps reached",
        "actions": [
          {
            "tool": "get_overview",
            "result": "Turn 180 | Khmer (Jayavarman VII) | Score: 372 | Prince\nGold: 355 (+3/turn) | Income: 38 | Maintenance: -35 (units: 12) | Science: 55.5 | Culture: 53.3 | Faith: 1530 | Favor: 111 (+3/turn)\nResearch: Ballistics | Civic: Humanism\nCities: 8 | Population: 51 | Units: 18 \u2014 5 Missionary, 4 Builder, 2 Domr"
          },
          {
            "tool": "get_cities",
            "result": "8 cities:\n  Angkor Thom (pop 14) at (14,31) \u2014 Food 57 Prod 40 Gold 9 Sci 14 Cul 16 | Housing 19 Amenities 12 | Growth: 144/165 food (1t, +29.0/t) | Building: UNIT_SPY (2 turns) | Walls 100/100 Garrison 200/200 Def:52 Gar:KHMER_DOMREY [id:65536]\n    Districts: HOLY_SITE(13,29) CAMPUS(14,30) INDUSTRIA"
          },
          {
            "tool": "get_units",
            "result": "18 units:\n  Builder (UNIT_BUILDER) at (14,35) \u2014 moves 2/2 charges:3 [id:3211264, idx:0]\n  Missionary (UNIT_MISSIONARY) at (8,23) \u2014 moves 6/6 charges:3 [BUDDHISM] [id:2228225, idx:1]\n  Missionary (UNIT_MISSIONARY) at (0,32) \u2014 moves 4/4 charges:2 [BUDDHISM] [id:2490370, idx:2]\n  Trader (UNIT_TRADER) a"
          },
          {
            "tool": "set_research",
            "result": "RESEARCHING_GAMECORE|TECH_PRINTING"
          },
          {
            "tool": "set_city_production",
            "result": "PRODUCING|UNIT_MAN_AT_ARMS|1 turns"
          },
          {
            "tool": "set_city_production",
            "result": "Error: MISSING_COORDS|IMPROVEMENT_FARM is a district and requires target_x/target_y for placement. Use get_district_advisor(city_id, 'IMPROVEMENT_FARM') to find the best tile."
          },
          {
            "tool": "set_city_production",
            "result": "PRODUCING|UNIT_BUILDER|12 turns"
          },
          {
            "tool": "skip_unit",
            "result": "SKIPPED"
          },
          {
            "tool": "skip_unit",
            "result": "SKIPPED"
          },
          {
            "tool": "skip_unit",
            "result": "SKIPPED"
          },
          {
            "tool": "skip_unit",
            "result": "SKIPPED"
          },
          {
            "tool": "skip_unit",
            "result": "SKIPPED"
          },
          {
            "tool": "skip_unit",
            "result": "SKIPPED"
          },
          {
            "tool": "skip_unit",
            "result": "SKIPPED"
          },
          {
            "tool": "skip_unit",
            "result": "SKIPPED"
          }
        ],
        "promotion_sweep": [],
        "standing_memory": {
          "loaded": false,
          "injected": false,
          "injected_chars": 0,
          "captured_chars": 0,
          "error": ""
        },
        "task_tracker": {
          "active_before": 1,
          "pre_model_results": [
            {
              "task_id": "builder_improve:3276814",
              "kind": "builder_improve",
              "unit_id": 3276814,
              "target": [
                13,
                24
              ],
              "status": "failed",
              "action": "block",
              "result": "blocked_improvement_not_valid_retry_limit"
            }
          ],
          "active_after": 0,
          "error": ""
        },
        "channels": {
          "enabled": true,
          "acknowledgements": 0,
          "error": ""
        }
      },
      {
        "player": 2,
        "turn": 180,
        "summary": "All units are now handled. Let me summarize the turn:\n\n**Turn 180 Summary:**\n- Builders at (50,24) and (48,23) are in position but have no movement points; they'll build improvements next turn\n- Archer moved toward enemy Man-at-Arms at (59,20) but stopped mid-path - will attack next turn\n- Settler moved toward (55,18) for potential new city\n- Salvador da Bahia now producing a Builder\n- Maintained peaceful relations with Player 3 via message\n- All other units skipped (Great Writers, Trader, Crossbowman, Horseman, Spearman)\n\n**Key priorities for next turn:**\n- Builders should construct improvements on their target tiles\n- Archer needs to attack the enemy Man-at-Arms\n- Settler should found a city if in a good location\n- Continue repairing Rio's pillaged farms\n\nSTANDING PLAN:\n- Builder at (50,24) should build FARM improvement\n- Builder at (48,23) should build MINE improvement  \n- Archer at (58,20) should attack Man-at-Arms at (59,20)\n- Settler should found city if position is favorable\n\nTASK builder_improve unit_id=2752516 target=50,24 improvement=IMPROVEMENT_FARM\nTASK builder_improve unit_id=2621448 target=48,23 improvement=IMPROVEMENT_MINE\nTASK attack unit_id=1114119 target=59,20",
        "actions": [
          {
            "tool": "get_overview",
            "result": "Turn 180 | Brazil (Pedro II) | Score: 346 | Prince\nGold: 488 (-6/turn) | Income: 24 | Maintenance: -30 (units: 7) | Science: 39.0 | Culture: 83.4 | Faith: 2162 | Favor: 93 (+2/turn)\nResearch: Astronomy | Civic: Nationalism\nCities: 5 | Population: 32 | Units: 11 \u2014 3 Great Writer, 2 Builder, 1 Horsema"
          },
          {
            "tool": "get_units",
            "result": "11 units:\n  Trader (UNIT_TRADER) at (53,15) \u2014 moves 2/2 [id:589824, idx:0]\n  Crossbowman (UNIT_CROSSBOWMAN) at (47,23) \u2014 CS:30 RS:40 moves 2/2 [id:2949121, idx:1]\n  Geoffrey Chaucer (UNIT_GREAT_WRITER) at (50,23) \u2014 moves 4/4 [id:2883586, idx:2]\n  Li Bai (UNIT_GREAT_WRITER) at (51,24) \u2014 moves 4/4 [id"
          },
          {
            "tool": "get_cities",
            "result": "5 cities:\n  Rio de Janeiro (pop 11) at (49,23) \u2014 Food 33 Prod 31 Gold 18 Sci 28 Cul 43 | Housing 12 Amenities 12 | Growth: 95/126 food (6t, +11.0/t) | Building: UNIT_SETTLER (6 turns) | HP:200/200 Def:37 Gar:none [id:65536]\n    Districts: HOLY_SITE(50,21) CAMPUS(48,25) THEATER(51,24) ENCAMPMENT(47,2"
          },
          {
            "tool": "move_unit",
            "result": "Error: NO_MOVES|Unit has no movement points remaining this turn. Use skip or wait until next turn."
          },
          {
            "tool": "move_unit",
            "result": "Error: STACKING_CONFLICT|Friendly UNIT_BUILDER already on (48,23). Cannot stack same formation class."
          },
          {
            "tool": "move_unit",
            "result": "CAPTURE_MOVE|59,20|from:57,21|now_at:58,20|(moved dx:+1 dy:-1)|STOPPED_MID_PATH (moves exhausted)"
          },
          {
            "tool": "move_unit",
            "result": "MOVING_TO|55,18|from:53,15|now_at:54,16|(moved dx:+1 dy:+1)|STOPPED_MID_PATH (moves exhausted)"
          },
          {
            "tool": "skip_unit",
            "result": "SKIPPED"
          },
          {
            "tool": "skip_unit",
            "result": "SKIPPED"
          },
          {
            "tool": "skip_unit",
            "result": "SKIPPED"
          },
          {
            "tool": "skip_unit",
            "result": "SKIPPED"
          },
          {
            "tool": "skip_unit",
            "result": "SKIPPED"
          },
          {
            "tool": "skip_unit",
            "result": "SKIPPED"
          },
          {
            "tool": "get_pending_diplomacy",
            "result": "No pending diplomacy sessions."
          },
          {
            "tool": "get_pending_trades",
            "result": "No pending trade deals."
          },
          {
            "tool": "set_city_production",
            "result": "PRODUCING|UNIT_BUILDER|4 turns"
          },
          {
            "tool": "skip_unit",
            "result": "SKIPPED"
          },
          {
            "tool": "skip_unit",
            "result": "SKIPPED"
          },
          {
            "tool": "skip_unit",
            "result": "SKIPPED"
          }
        ],
        "promotion_sweep": [],
        "standing_memory": {
          "loaded": false,
          "injected": false,
          "injected_chars": 0,
          "captured_chars": 0,
          "error": ""
        },
        "task_tracker": {
          "active_before": 2,
          "pre_model_results": [
            {
              "task_id": "builder_improve:2752516",
              "kind": "builder_improve",
              "unit_id": 2752516,
              "target": [
                50,
                24
              ],
              "status": "active",
              "action": "move",
              "result": "MOVING_TO|50,24|from:49,24|now_at:50,24|(moved dx:+1 dy:+0)"
            },
            {
              "task_id": "builder_improve:2621448",
              "kind": "builder_improve",
              "unit_id": 2621448,
              "target": [
                48,
                23
              ],
              "status": "active",
              "action": "move",
              "result": "MOVING_TO|48,23|from:48,24|now_at:48,23|(moved dx:+0 dy:-1)"
            }
          ],
          "active_after": 2,
          "error": ""
        },
        "channels": {
          "enabled": true,
          "acknowledgements": 1,
          "error": ""
        }
      },
      {
        "player": 3,
        "turn": 180,
        "summary": "scripted: observed; skipped unit 0",
        "actions": [
          {
            "tool": "skip_unit"
          }
        ],
        "promotion_sweep": [],
        "standing_memory": {
          "loaded": false,
          "injected": false,
          "injected_chars": 0,
          "captured_chars": 0,
          "error": ""
        },
        "task_tracker": {
          "active_before": 0,
          "pre_model_results": [],
          "active_after": 0,
          "error": ""
        },
        "channels": {
          "enabled": true,
          "acknowledgements": 0,
          "error": ""
        }
      },
      {
        "event": "seat0_wc_vote_pass",
        "turn": 181,
        "player_id": 0,
        "resolutions": 2,
        "completed": true,
        "defaulted": true,
        "error": "",
        "summary": "scripted repair: no eligible scripted choices"
      },
      {
        "player": 1,
        "turn": 181,
        "summary": "max_steps reached",
        "actions": [
          {
            "tool": "get_overview",
            "result": "Turn 181 | Khmer (Jayavarman VII) | Score: 372 | Prince\nGold: 355 (-4/turn) | Income: 34 | Maintenance: -38 (units: 15) | Science: 54.6 | Culture: 52.4 | Faith: 1591 | Favor: 114 (+3/turn)\nResearch: Printing | Civic: Humanism\nCities: 8 | Population: 52 | Units: 19 \u2014 5 Missionary, 4 Builder, 3 Man-At"
          },
          {
            "tool": "get_cities",
            "result": "8 cities:\n  Angkor Thom (pop 15) at (14,31) \u2014 Food 57 Prod 36 Gold 8 Sci 13 Cul 15 | Housing 19 Amenities 13 | Growth: 4/179 food (10t, +27.0/t) | Building: UNIT_SPY (2 turns) | Walls 100/100 Garrison 200/200 Def:52 Gar:KHMER_DOMREY [id:65536]\n    Districts: HOLY_SITE(13,29) CAMPUS(14,30) INDUSTRIAL"
          },
          {
            "tool": "get_units",
            "result": "19 units:\n  Builder (UNIT_BUILDER) at (14,35) \u2014 moves 2/2 charges:3 [id:3211264, idx:0]\n  Missionary (UNIT_MISSIONARY) at (8,23) \u2014 moves 6/6 charges:3 [BUDDHISM] [id:2228225, idx:1]\n  Missionary (UNIT_MISSIONARY) at (0,32) \u2014 moves 4/4 charges:2 [BUDDHISM] [id:2490370, idx:2]\n  Trader (UNIT_TRADER) a"
          },
          {
            "tool": "set_research",
            "result": "Error: TECH_NOT_FOUND|TECH_GUNNERY"
          },
          {
            "tool": "set_research",
            "result": "Error: TECH_NOT_FOUND|TECH_METALLURGY"
          },
          {
            "tool": "set_research",
            "result": "RESEARCHING|TECH_PRINTING"
          },
          {
            "tool": "set_city_production",
            "result": "Error: CANNOT_PRODUCE|Granary cannot be produced in this city (already built)"
          },
          {
            "tool": "set_city_production",
            "result": "Error: CANNOT_PRODUCE|Granary cannot be produced in this city (already built)"
          },
          {
            "tool": "set_city_production",
            "result": "Error: ITEM_NOT_FOUND|Farm"
          },
          {
            "tool": "set_city_production",
            "result": "Error: CANNOT_PRODUCE|Market cannot be produced in this city (requires DISTRICT_COMMERCIAL_HUB district)"
          },
          {
            "tool": "set_city_production",
            "result": "Error: CANNOT_PRODUCE|Shrine cannot be produced in this city"
          },
          {
            "tool": "set_city_production",
            "result": "Error: MISSING_COORDS|CAMPUS is a district and requires target_x/target_y for placement. Use get_district_advisor(city_id, 'CAMPUS') to find the best tile."
          },
          {
            "tool": "set_city_production",
            "result": "Error: CANNOT_PRODUCE|Granary cannot be produced in this city (already built)"
          },
          {
            "tool": "set_city_production",
            "result": "Error: CITY_NOT_FOUND"
          },
          {
            "tool": "set_city_production",
            "result": "Error: MISSING_COORDS|Holy Site is a district and requires target_x/target_y for placement. Use get_district_advisor(city_id, 'Holy Site') to find the best tile."
          }
        ],
        "promotion_sweep": [],
        "standing_memory": {
          "loaded": false,
          "injected": false,
          "injected_chars": 0,
          "captured_chars": 0,
          "error": ""
        },
        "task_tracker": {
          "active_before": 0,
          "pre_model_results": [],
          "active_after": 0,
          "error": ""
        },
        "channels": {
          "enabled": true,
          "acknowledgements": 0,
          "error": ""
        }
      },
      {
        "player": 2,
        "turn": 181,
        "summary": "max_steps reached",
        "actions": [
          {
            "tool": "get_overview",
            "result": "Turn 181 | Brazil (Pedro II) | Score: 350 | Prince\nGold: 483 (-5/turn) | Income: 24 | Maintenance: -29 (units: 6) | Science: 39.0 | Culture: 83.4 | Faith: 2247 | Favor: 95 (+2/turn)\nResearch: Astronomy | Civic: Nationalism\nCities: 5 | Population: 32 | Units: 10 \u2014 3 Great Writer, 2 Builder, 1 Horsema"
          },
          {
            "tool": "get_units",
            "result": "10 units:\n  Trader (UNIT_TRADER) at (53,15) \u2014 moves 2/2 [id:589824, idx:0]\n  Crossbowman (UNIT_CROSSBOWMAN) at (47,23) \u2014 CS:30 RS:40 moves 2/2 [id:2949121, idx:1]\n  Geoffrey Chaucer (UNIT_GREAT_WRITER) at (50,23) \u2014 moves 4/4 [id:2883586, idx:2]\n  Li Bai (UNIT_GREAT_WRITER) at (51,24) \u2014 moves 4/4 [id"
          },
          {
            "tool": "get_cities",
            "result": "5 cities:\n  Rio de Janeiro (pop 11) at (49,23) \u2014 Food 33 Prod 31 Gold 18 Sci 28 Cul 43 | Housing 12 Amenities 12 | Growth: 100/126 food (5t, +11.0/t) | Building: UNIT_SETTLER (5 turns) | HP:200/200 Def:37 Gar:none [id:65536]\n    Districts: HOLY_SITE(50,21) CAMPUS(48,25) THEATER(51,24) ENCAMPMENT(47,"
          },
          {
            "tool": "get_pending_diplomacy",
            "result": "No pending diplomacy sessions."
          },
          {
            "tool": "get_pending_trades",
            "result": "No pending trade deals."
          },
          {
            "tool": "move_unit",
            "result": "MOVING_TO|49,23|from:50,24|now_at:49,23|(moved dx:-1 dy:-1)"
          },
          {
            "tool": "move_unit",
            "result": "MOVING_TO|49,22|from:48,23|now_at:49,22|(moved dx:+1 dy:-1)"
          },
          {
            "tool": "move_unit",
            "result": "MOVING_TO|55,16|from:54,16|now_at:55,16|(moved dx:+1 dy:+0)"
          },
          {
            "tool": "move_unit",
            "result": "MOVING_TO|50,24|from:49,23|now_at:49,23|BLOCKED (tile appears passable - path may be blocked by intermediate tiles)"
          },
          {
            "tool": "move_unit",
            "result": "Error: NO_MOVES|Unit has no movement points remaining this turn. Use skip or wait until next turn."
          },
          {
            "tool": "found_city",
            "result": "Error: CANNOT_FOUND|Too close to Curitiba (settler at 55,16, distance 3, need > 3)\n\nTop 1 settle locations:\n  #1 (56,18): Score 214 \u2014 F:77 P:23 \u2014 fresh water, defense:5\n     [B] MAIZE, [B] MAIZE, [B] CATTLE, [B] WHEAT, [B] STONE, [B] CATTLE"
          },
          {
            "tool": "move_unit",
            "result": "MOVING_TO|56,18|from:55,16|now_at:54,17|(moved dx:-1 dy:+1)|STOPPED_MID_PATH (moves exhausted)"
          },
          {
            "tool": "move_unit",
            "result": "Error: STACKING_CONFLICT|Friendly UNIT_BUILDER already on (49,23). Cannot stack same formation class."
          },
          {
            "tool": "move_unit",
            "result": "Error: NO_MOVES|Unit has no movement points remaining this turn. Use skip or wait until next turn."
          },
          {
            "tool": "get_unit_promotions",
            "result": "No promotions available for UNIT_GREAT_WRITER (id:2)."
          },
          {
            "tool": "move_unit",
            "result": "MOVING_TO|49,24|from:49,23|now_at:49,24|(moved dx:+0 dy:+1)"
          },
          {
            "tool": "move_unit",
            "result": "Error: NO_MOVES|Unit has no movement points remaining this turn. Use skip or wait until next turn."
          },
          {
            "tool": "move_unit",
            "result": "Error: STACKING_CONFLICT|Friendly UNIT_GREAT_WRITER already on (51,24). Cannot stack same formation class."
          },
          {
            "tool": "move_unit",
            "result": "Error: STACKING_CONFLICT|Friendly UNIT_GREAT_WRITER already on (51,24). Cannot stack same formation class."
          },
          {
            "tool": "move_unit",
            "result": "Error: STACKING_CONFLICT|Friendly UNIT_GREAT_WRITER already on (51,24). Cannot stack same formation class."
          },
          {
            "tool": "move_unit",
            "result": "MOVING_TO|49,23|from:50,23|now_at:49,23|(moved dx:-1 dy:+0)"
          },
          {
            "tool": "move_unit",
            "result": "Error: STACKING_CONFLICT|Friendly UNIT_GREAT_WRITER already on (51,24). Cannot stack same formation class."
          },
          {
            "tool": "move_unit",
            "result": "Error: STACKING_CONFLICT|Friendly UNIT_GREAT_WRITER already on (49,23). Cannot stack same formation class."
          },
          {
            "tool": "move_unit",
            "result": "MOVING_TO|52,16|from:51,16|now_at:52,16|(moved dx:+1 dy:+0)"
          },
          {
            "tool": "move_unit",
            "result": "MOVING_TO|54,14|from:52,16|now_at:54,14|(moved dx:+2 dy:-2)"
          },
          {
            "tool": "get_unit_promotions",
            "result": "No promotions available for UNIT_CROSSBOWMAN (id:1)."
          },
          {
            "tool": "get_unit_promotions",
            "result": "No promotions available for UNIT_HORSEMAN (id:9)."
          },
          {
            "tool": "fortify_unit",
            "result": "ALREADY_FORTIFIED|Fortify turns: 1"
          },
          {
            "tool": "fortify_unit",
            "result": "FORTIFIED"
          },
          {
            "tool": "fortify_unit",
            "result": "ALREADY_FORTIFIED|Fortify turns: 1"
          }
        ],
        "promotion_sweep": [],
        "standing_memory": {
          "loaded": false,
          "injected": false,
          "injected_chars": 0,
          "captured_chars": 0,
          "error": ""
        },
        "task_tracker": {
          "active_before": 2,
          "pre_model_results": [
            {
              "task_id": "builder_improve:2752516",
              "kind": "builder_improve",
              "unit_id": 2752516,
              "target": [
                50,
                24
              ],
              "status": "active",
              "action": "block",
              "result": "blocked_improvement_not_valid"
            },
            {
              "task_id": "builder_improve:2621448",
              "kind": "builder_improve",
              "unit_id": 2621448,
              "target": [
                48,
                23
              ],
              "status": "active",
              "action": "block",
              "result": "blocked_improvement_not_valid"
            }
          ],
          "active_after": 2,
          "error": ""
        },
        "channels": {
          "enabled": true,
          "acknowledgements": 0,
          "error": ""
        }
      },
      {
        "player": 3,
        "turn": 181,
        "summary": "scripted: observed; skipped unit 0",
        "actions": [
          {
            "tool": "skip_unit"
          }
        ],
        "promotion_sweep": [],
        "standing_memory": {
          "loaded": false,
          "injected": false,
          "injected_chars": 0,
          "captured_chars": 0,
          "error": ""
        },
        "task_tracker": {
          "active_before": 0,
          "pre_model_results": [],
          "active_after": 0,
          "error": ""
        },
        "channels": {
          "enabled": true,
          "acknowledgements": 0,
          "error": ""
        }
      },
      {
        "event": "seat0_guarded_refire",
        "turn": 181,
        "player_id": 0,
        "requests_before": 1
      },
      {
        "player": 1,
        "turn": 182,
        "summary": "max_steps reached",
        "actions": [
          {
            "tool": "get_overview",
            "result": "Turn 182 | Khmer (Jayavarman VII) | Score: 375 | Prince\nGold: 351 (-4/turn) | Income: 34 | Maintenance: -38 (units: 15) | Science: 54.6 | Culture: 54.6 | Faith: 1651 | Favor: 17 (+3/turn)\nResearch: Stirrups | Civic: Humanism\nCities: 8 | Population: 52 | Units: 19 \u2014 5 Missionary, 4 Builder, 3 Man-At-"
          },
          {
            "tool": "get_cities",
            "result": "8 cities:\n  Angkor Thom (pop 15) at (14,31) \u2014 Food 57 Prod 36 Gold 8 Sci 13 Cul 15 | Housing 19 Amenities 13 | Growth: 22/179 food (9t, +27.0/t) | Building: UNIT_SPY (1 turns) | Walls 100/100 Garrison 200/200 Def:52 Gar:KHMER_DOMREY [id:65536]\n    Districts: HOLY_SITE(13,29) CAMPUS(14,30) INDUSTRIAL"
          },
          {
            "tool": "get_units",
            "result": "19 units:\n  Builder (UNIT_BUILDER) at (14,35) \u2014 moves 2/2 charges:3 [id:3211264, idx:0]\n  Missionary (UNIT_MISSIONARY) at (8,23) \u2014 moves 6/6 charges:3 [BUDDHISM] [id:2228225, idx:1]\n  Missionary (UNIT_MISSIONARY) at (0,32) \u2014 moves 4/4 charges:2 [BUDDHISM] [id:2490370, idx:2]\n  Trader (UNIT_TRADER) a"
          },
          {
            "tool": "set_research",
            "result": "RESEARCHING|TECH_STIRRUPS"
          },
          {
            "tool": "set_city_production",
            "result": "PRODUCING|UNIT_SPY|1 turns"
          },
          {
            "tool": "set_city_production",
            "result": "PRODUCING|BUILDING_ARMORY|4 turns"
          },
          {
            "tool": "set_city_production",
            "result": "Error: CANNOT_PRODUCE|Granary cannot be produced in this city (already built)"
          },
          {
            "tool": "set_city_production",
            "result": "Error: ITEM_NOT_FOUND|Farm"
          },
          {
            "tool": "set_city_production",
            "result": "PRODUCING|UNIT_BUILDER|10 turns"
          },
          {
            "tool": "skip_unit",
            "result": "SKIPPED"
          },
          {
            "tool": "skip_unit",
            "result": "SKIPPED"
          },
          {
            "tool": "skip_unit",
            "result": "SKIPPED"
          },
          {
            "tool": "skip_unit",
            "result": "SKIPPED"
          },
          {
            "tool": "skip_unit",
            "result": "SKIPPED"
          },
          {
            "tool": "skip_unit",
            "result": "SKIPPED"
          }
        ],
        "promotion_sweep": [],
        "standing_memory": {
          "loaded": false,
          "injected": false,
          "injected_chars": 0,
          "captured_chars": 0,
          "error": ""
        },
        "task_tracker": {
          "active_before": 0,
          "pre_model_results": [],
          "active_after": 0,
          "error": ""
        },
        "channels": {
          "enabled": true,
          "acknowledgements": 0,
          "error": ""
        }
      },
      {
        "player": 2,
        "turn": 182,
        "summary": "max_steps reached",
        "actions": [
          {
            "tool": "get_overview",
            "result": "Turn 182 | Brazil (Pedro II) | Score: 351 | Prince\nGold: 478 (-5/turn) | Income: 24 | Maintenance: -29 (units: 6) | Science: 39.0 | Culture: 83.4 | Faith: 2332 | Favor: 37 (+2/turn)\nResearch: Astronomy | Civic: Nationalism\nCities: 5 | Population: 32 | Units: 10 \u2014 3 Great Writer, 2 Builder, 1 Horsema"
          },
          {
            "tool": "get_units",
            "result": "10 units:\n  Trader (UNIT_TRADER) at (53,15) \u2014 moves 2/2 [id:589824, idx:0]\n  Crossbowman (UNIT_CROSSBOWMAN) at (47,23) \u2014 CS:30 RS:40 moves 2/2 [id:2949121, idx:1]\n  Geoffrey Chaucer (UNIT_GREAT_WRITER) at (49,23) \u2014 moves 4/4 [id:2883586, idx:2]\n  Li Bai (UNIT_GREAT_WRITER) at (51,24) \u2014 moves 4/4 [id"
          },
          {
            "tool": "get_cities",
            "result": "5 cities:\n  Rio de Janeiro (pop 11) at (49,23) \u2014 Food 33 Prod 31 Gold 18 Sci 28 Cul 43 | Housing 12 Amenities 12 | Growth: 106/126 food (4t, +11.0/t) | Building: UNIT_SETTLER (4 turns) | HP:200/200 Def:37 Gar:none [id:65536]\n    Districts: HOLY_SITE(50,21) CAMPUS(48,25) THEATER(51,24) ENCAMPMENT(47,"
          },
          {
            "tool": "get_pending_diplomacy",
            "result": "1 pending diplomacy session(s):\n  Korea (Seondeok) \u2014 session 2, player 0\n  Reason: Our poets and philosophers hold up your civilization as the light of the world, and I must agree with them.\n  Respond with: POSITIVE (friendly) or NEGATIVE (dismissive)"
          },
          {
            "tool": "get_pending_trades",
            "result": "No pending trade deals."
          },
          {
            "tool": "respond_to_diplomacy",
            "result": "OK:RESPONDED|POSITIVE|SESSION_CLOSED (auto-closed goodbye phase)"
          },
          {
            "tool": "get_unit_promotions",
            "result": "No promotions available for UNIT_BUILDER (id:4)."
          },
          {
            "tool": "set_city_production",
            "result": "PRODUCING|UNIT_BUILDER|2 turns"
          },
          {
            "tool": "set_city_production",
            "result": "PRODUCING|BUILDING_AMPHITHEATER|7 turns"
          },
          {
            "tool": "set_city_production",
            "result": "PRODUCING|BUILDING_WAT|6 turns"
          },
          {
            "tool": "move_unit",
            "result": "MOVING_TO|55,18|from:54,17|now_at:55,18|(moved dx:+1 dy:+1)"
          },
          {
            "tool": "move_unit",
            "result": "Error: NO_MOVES|Unit has no movement points remaining this turn. Use skip or wait until next turn."
          },
          {
            "tool": "move_unit",
            "result": "MOVING_TO|55,20|from:54,19|now_at:55,20|(moved dx:+1 dy:+1)"
          },
          {
            "tool": "move_unit",
            "result": "MOVING_TO|56,21|from:55,20|now_at:55,20|BLOCKED (city-state territory (Preslav) - need suzerainty or Open Borders)"
          },
          {
            "tool": "move_unit",
            "result": "MOVING_TO|54,21|from:55,20|now_at:55,20|BLOCKED (city-state territory (Preslav) - need suzerainty or Open Borders)"
          },
          {
            "tool": "move_unit",
            "result": "MOVING_TO|53,20|from:55,20|now_at:54,20|(moved dx:-1 dy:+0)|STOPPED_MID_PATH (moves exhausted)"
          },
          {
            "tool": "skip_unit",
            "result": "SKIPPED"
          },
          {
            "tool": "skip_unit",
            "result": "SKIPPED"
          },
          {
            "tool": "skip_unit",
            "result": "SKIPPED"
          }
        ],
        "promotion_sweep": [],
        "standing_memory": {
          "loaded": false,
          "injected": false,
          "injected_chars": 0,
          "captured_chars": 0,
          "error": ""
        },
        "task_tracker": {
          "active_before": 2,
          "pre_model_results": [
            {
              "task_id": "builder_improve:2752516",
              "kind": "builder_improve",
              "unit_id": 2752516,
              "target": [
                50,
                24
              ],
              "status": "active",
              "action": "move",
              "result": "MOVING_TO|50,24|from:49,24|now_at:50,24|(moved dx:+1 dy:+0)"
            },
            {
              "task_id": "builder_improve:2621448",
              "kind": "builder_improve",
              "unit_id": 2621448,
              "target": [
                48,
                23
              ],
              "status": "active",
              "action": "move",
              "result": "MOVING_TO|48,23|from:49,22|now_at:48,23|(moved dx:-1 dy:+1)"
            }
          ],
          "active_after": 2,
          "error": ""
        },
        "channels": {
          "enabled": true,
          "acknowledgements": 1,
          "error": ""
        }
      },
      {
        "player": 3,
        "turn": 182,
        "summary": "scripted: observed; skipped unit 0",
        "actions": [
          {
            "tool": "skip_unit"
          }
        ],
        "promotion_sweep": [],
        "standing_memory": {
          "loaded": false,
          "injected": false,
          "injected_chars": 0,
          "captured_chars": 0,
          "error": ""
        },
        "task_tracker": {
          "active_before": 0,
          "pre_model_results": [],
          "active_after": 0,
          "error": ""
        },
        "channels": {
          "enabled": true,
          "acknowledgements": 0,
          "error": ""
        }
      },
      {
        "player": 1,
        "turn": 183,
        "summary": "I have reviewed the empire's status. We are playing as the Khmer, currently in the Renaissance Era. Our science and culture are decent, but we have a deficit in gold due to high military maintenance. We are researching Stirrups and our main city, Angkor Thom, is very strong.\n\n**Actions taken:**\n- **Research:** Continued research into `TECH_STIRRUPS`.\n- **Production:** Set Preah Vihear to produce a `UNIT_MAN_AT_ARMS` to bolster defenses. Kompong Svay is currently producing a `UNIT_BUILDER`.\n- **Unit Movement:** Moved several Missionaries to spread Buddhism more effectively across the continent.\n- **Diplomacy:** No immediate diplomatic actions required this turn.\n\nSTANDING PLAN:\n- Continue spreading religion with existing Missionaries and Gurus.\n- Improve tiles around Kompong Svay to boost its slow growth.\n- Monitor gold income and consider reducing military if the deficit grows too large.",
        "actions": [
          {
            "tool": "get_overview",
            "result": "Turn 183 | Khmer (Jayavarman VII) | Score: 380 | Prince\nGold: 344 (-11/turn) | Income: 31 | Maintenance: -42 (units: 19) | Science: 54.6 | Culture: 54.6 | Faith: 1711 | Favor: 20 (+3/turn)\nResearch: Stirrups | Civic: Humanism\nCities: 8 | Population: 52 | Units: 20 \u2014 5 Missionary, 4 Builder, 3 Man-At"
          },
          {
            "tool": "get_cities",
            "result": "8 cities:\n  Angkor Thom (pop 15) at (14,31) \u2014 Food 57 Prod 35 Gold 8 Sci 13 Cul 15 | Housing 19 Amenities 13 | Growth: 42/179 food (8t, +27.0/t) | Building: nothing | Walls 100/100 Garrison 200/200 Def:52 Gar:KHMER_DOMREY [id:65536]\n    Districts: HOLY_SITE(13,29) CAMPUS(14,30) INDUSTRIAL_ZONE(12,31"
          },
          {
            "tool": "get_units",
            "result": "20 units:\n  Builder (UNIT_BUILDER) at (14,35) \u2014 moves 2/2 charges:3 [id:3211264, idx:0]\n  Missionary (UNIT_MISSIONARY) at (8,23) \u2014 moves 6/6 charges:3 [BUDDHISM] [id:2228225, idx:1]\n  Missionary (UNIT_MISSIONARY) at (0,32) \u2014 moves 4/4 charges:2 [BUDDHISM] [id:2490370, idx:2]\n  Trader (UNIT_TRADER) a"
          },
          {
            "tool": "set_research",
            "result": "RESEARCHING|TECH_STIRRUPS"
          },
          {
            "tool": "set_city_production",
            "result": "PRODUCING|UNIT_MAN_AT_ARMS|7 turns"
          },
          {
            "tool": "set_city_production",
            "result": "Error: MISSING_COORDS|IMPROVEMENT_FARM is a district and requires target_x/target_y for placement. Use get_district_advisor(city_id, 'IMPROVEMENT_FARM') to find the best tile."
          },
          {
            "tool": "set_city_production",
            "result": "PRODUCING|UNIT_BUILDER|9 turns"
          },
          {
            "tool": "move_unit",
            "result": "MOVING_TO|10,25|from:8,23|now_at:10,25|(moved dx:+2 dy:+2)"
          },
          {
            "tool": "move_unit",
            "result": "MOVING_TO|4,33|from:3,33|now_at:4,33|(moved dx:+1 dy:+0)"
          }
        ],
        "promotion_sweep": [],
        "standing_memory": {
          "loaded": false,
          "injected": false,
          "injected_chars": 0,
          "captured_chars": 0,
          "error": ""
        },
        "task_tracker": {
          "active_before": 0,
          "pre_model_results": [],
          "active_after": 0,
          "error": ""
        },
        "channels": {
          "enabled": true,
          "acknowledgements": 0,
          "error": ""
        }
      },
      {
        "player": 2,
        "turn": 183,
        "summary": "max_steps reached",
        "actions": [
          {
            "tool": "get_overview",
            "result": "Turn 183 | Brazil (Pedro II) | Score: 351 | Prince\nGold: 473 (-5/turn) | Income: 24 | Maintenance: -29 (units: 6) | Science: 39.0 | Culture: 83.4 | Faith: 2418 | Favor: 39 (+2/turn)\nResearch: Astronomy | Civic: Nationalism\nCities: 5 | Population: 32 | Units: 10 \u2014 3 Great Writer, 2 Builder, 1 Horsema"
          },
          {
            "tool": "get_cities",
            "result": "5 cities:\n  Rio de Janeiro (pop 11) at (49,23) \u2014 Food 33 Prod 31 Gold 18 Sci 28 Cul 43 | Housing 12 Amenities 12 | Growth: 112/126 food (3t, +11.0/t) | Building: UNIT_SETTLER (3 turns) | HP:200/200 Def:37 Gar:none [id:65536]\n    Districts: HOLY_SITE(50,21) CAMPUS(48,25) THEATER(51,24) ENCAMPMENT(47,"
          },
          {
            "tool": "get_units",
            "result": "10 units:\n  Trader (UNIT_TRADER) at (53,15) \u2014 moves 2/2 [id:589824, idx:0]\n  Crossbowman (UNIT_CROSSBOWMAN) at (47,23) \u2014 CS:30 RS:40 moves 2/2 [id:2949121, idx:1]\n  Geoffrey Chaucer (UNIT_GREAT_WRITER) at (49,23) \u2014 moves 4/4 [id:2883586, idx:2]\n  Li Bai (UNIT_GREAT_WRITER) at (51,24) \u2014 moves 4/4 [id"
          },
          {
            "tool": "get_pending_diplomacy",
            "result": "No pending diplomacy sessions."
          },
          {
            "tool": "get_pending_trades",
            "result": "No pending trade deals."
          },
          {
            "tool": "move_unit",
            "result": "Error: STACKING_CONFLICT|Friendly UNIT_GREAT_WRITER already on (49,23). Cannot stack same formation class."
          },
          {
            "tool": "move_unit",
            "result": "MOVING_TO|50,23|from:48,23|now_at:49,22|(moved dx:+1 dy:-1)|STOPPED_MID_PATH (moves exhausted)"
          },
          {
            "tool": "move_unit",
            "result": "Error: NO_MOVES|Unit has no movement points remaining this turn. Use skip or wait until next turn."
          },
          {
            "tool": "move_unit",
            "result": "Error: STACKING_CONFLICT|Friendly UNIT_BUILDER already on (49,22). Cannot stack same formation class."
          },
          {
            "tool": "get_unit_promotions",
            "result": "No promotions available for UNIT_GREAT_WRITER (id:2)."
          },
          {
            "tool": "get_unit_promotions",
            "result": "No promotions available for UNIT_GREAT_WRITER (id:3)."
          },
          {
            "tool": "get_unit_promotions",
            "result": "No promotions available for UNIT_GREAT_WRITER (id:5)."
          },
          {
            "tool": "move_unit",
            "result": "MOVING_TO|55,17|from:55,18|now_at:55,17|(moved dx:+0 dy:-1)"
          },
          {
            "tool": "found_city",
            "result": "Error: CANNOT_FOUND|Unit cannot found cities (not a settler or no moves)\n\nTop 4 settle locations:\n  #1 (56,18): Score 214 \u2014 F:77 P:23 \u2014 fresh water, defense:5\n     [B] MAIZE, [B] MAIZE, [B] CATTLE, [B] WHEAT, [B] STONE, [B] CATTLE\n  #2 (57,18): Score 213 \u2014 F:77 P:23 \u2014 no water, defense:2\n     [B] MA"
          },
          {
            "tool": "set_city_production",
            "result": "Error: MISSING_COORDS|DISTRICT_CAMPUS is a district and requires target_x/target_y for placement. Use get_district_advisor(city_id, 'DISTRICT_CAMPUS') to find the best tile."
          },
          {
            "tool": "set_city_production",
            "result": "Error: MISSING_COORDS|DISTRICT_CAMPUS is a district and requires target_x/target_y for placement. Use get_district_advisor(city_id, 'DISTRICT_CAMPUS') to find the best tile."
          },
          {
            "tool": "set_city_production",
            "result": "PRODUCING|UNIT_CROSSBOWMAN|10 turns"
          },
          {
            "tool": "set_city_production",
            "result": "PRODUCING|UNIT_CROSSBOWMAN|14 turns"
          },
          {
            "tool": "move_unit",
            "result": "MOVING_TO|56,20|from:54,20|now_at:54,20|BLOCKED (city-state territory (Preslav) - need suzerainty or Open Borders)"
          },
          {
            "tool": "move_unit",
            "result": "MOVING_TO|54,22|from:54,20|now_at:54,22|(moved dx:+0 dy:+2)"
          },
          {
            "tool": "move_unit",
            "result": "MOVING_TO|51,23|from:52,24|now_at:52,24|BLOCKED (impassable mountain)"
          },
          {
            "tool": "move_unit",
            "result": "MOVING_TO|52,23|from:52,24|now_at:52,24|BLOCKED (impassable mountain)"
          },
          {
            "tool": "move_unit",
            "result": "MOVING_TO|53,24|from:52,24|now_at:53,24|(moved dx:+1 dy:+0)"
          }
        ],
        "promotion_sweep": [],
        "standing_memory": {
          "loaded": false,
          "injected": false,
          "injected_chars": 0,
          "captured_chars": 0,
          "error": ""
        },
        "task_tracker": {
          "active_before": 2,
          "pre_model_results": [
            {
              "task_id": "builder_improve:2752516",
              "kind": "builder_improve",
              "unit_id": 2752516,
              "target": [
                50,
                24
              ],
              "status": "active",
              "action": "block",
              "result": "blocked_improvement_not_valid"
            },
            {
              "task_id": "builder_improve:2621448",
              "kind": "builder_improve",
              "unit_id": 2621448,
              "target": [
                48,
                23
              ],
              "status": "active",
              "action": "block",
              "result": "blocked_improvement_not_valid"
            }
          ],
          "active_after": 2,
          "error": ""
        },
        "channels": {
          "enabled": true,
          "acknowledgements": 0,
          "error": ""
        }
      },
      {
        "player": 3,
        "turn": 183,
        "summary": "scripted: observed; skipped unit 0",
        "actions": [
          {
            "tool": "skip_unit"
          }
        ],
        "promotion_sweep": [],
        "standing_memory": {
          "loaded": false,
          "injected": false,
          "injected_chars": 0,
          "captured_chars": 0,
          "error": ""
        },
        "task_tracker": {
          "active_before": 0,
          "pre_model_results": [],
          "active_after": 0,
          "error": ""
        },
        "channels": {
          "enabled": true,
          "acknowledgements": 0,
          "error": ""
        }
      },
      {
        "player": 1,
        "turn": 184,
        "summary": "I am playing as the Khmer. My goal is to continue expanding my religious influence and strengthening my military, especially transitioning into the Renaissance era.\n\nCurrent situation:\n- I have a strong faith generation (1772) which I should leverage through missionaries and apostles.\n- My economy is slightly negative (-11 gold/turn), so I need to watch my unit maintenance.\n- Researching Gunpowder to unlock more advanced military units.\n- Preah Vihear needs improvements (Cattle, Spices, Iron, Sugar).\n- Angkor Thom is producing a Domrey, which will be a powerful unit for defense or expansion.\n\nActions taken:\n- Set research to Gunpowder.\n- Set Preah Vihear's production to Man-At-Arms.\n- Moved a Builder near Angkor Thom toward potential improvement sites.\n\nSTANDING PLAN:\n- Use builders to improve resources around Preah Vihear and Kompong Svay.\n- Send missionaries to spread Buddhism to neighboring cities/civilizations.\n- Continue building up military units to ensure security during the transition to new technologies.",
        "actions": [
          {
            "tool": "get_overview",
            "result": "Turn 184 | Khmer (Jayavarman VII) | Score: 380 | Prince\nGold: 334 (-11/turn) | Income: 31 | Maintenance: -42 (units: 19) | Science: 54.6 | Culture: 54.6 | Faith: 1772 | Favor: 23 (+3/turn)\nResearch: Military Tactics | Civic: Humanism\nCities: 8 | Population: 52 | Units: 20 \u2014 5 Missionary, 4 Builder, "
          },
          {
            "tool": "get_cities",
            "result": "8 cities:\n  Angkor Thom (pop 15) at (14,31) \u2014 Food 57 Prod 36 Gold 8 Sci 13 Cul 15 | Housing 19 Amenities 13 | Growth: 60/179 food (7t, +27.0/t) | Building: UNIT_KHMER_DOMREY (4 turns) | Walls 100/100 Garrison 200/200 Def:52 Gar:KHMER_DOMREY [id:65536]\n    Districts: HOLY_SITE(13,29) CAMPUS(14,30) I"
          },
          {
            "tool": "get_units",
            "result": "20 units:\n  Builder (UNIT_BUILDER) at (14,35) \u2014 moves 2/2 charges:3 [id:3211264, idx:0]\n  Missionary (UNIT_MISSIONARY) at (10,25) \u2014 moves 6/6 charges:3 [BUDDHISM] [id:2228225, idx:1]\n  Missionary (UNIT_MISSIONARY) at (0,32) \u2014 moves 4/4 charges:2 [BUDDHISM] [id:2490370, idx:2]\n  Trader (UNIT_TRADER) "
          },
          {
            "tool": "set_research",
            "result": "RESEARCHING_GAMECORE|TECH_GUNPOWDER"
          },
          {
            "tool": "set_city_production",
            "result": "PRODUCING|UNIT_MAN_AT_ARMS|6 turns"
          },
          {
            "tool": "move_unit",
            "result": "MOVING_TO|15,36|from:14,35|now_at:15,36|(moved dx:+1 dy:+1)"
          }
        ],
        "promotion_sweep": [],
        "standing_memory": {
          "loaded": false,
          "injected": false,
          "injected_chars": 0,
          "captured_chars": 0,
          "error": ""
        },
        "task_tracker": {
          "active_before": 0,
          "pre_model_results": [],
          "active_after": 0,
          "error": ""
        },
        "channels": {
          "enabled": true,
          "acknowledgements": 0,
          "error": ""
        }
      },
      {
        "player": 2,
        "turn": 184,
        "summary": "Now let me update the task for the builder to actually build the mine this turn, and plan for the builder at (49,24) to repair farms next turn:\n\nSTANDING PLAN:\n- Found city with Settler at (56,18) next turn\n- Builder (id:2621448) at (48,23) should build IMPROVEMENT_MINE\n- Builder (id:2752516) at (49,24) should move to a pillaged farm tile in Rio and repair it\n- Continue maintaining peaceful relations with Player 3\n\nTASK builder_improve unit_id=2621448 target=48,23 improvement=IMPROVEMENT_MINE\nTASK builder_improve unit_id=2752516 target=49,24 improvement=IMPROVEMENT_FARM\nTASK settle unit_id=3014662 target=56,18",
        "actions": [
          {
            "tool": "get_overview",
            "result": "Turn 184 | Brazil (Pedro II) | Score: 351 | Prince\nGold: 468 (-5/turn) | Income: 24 | Maintenance: -29 (units: 6) | Science: 39.0 | Culture: 83.4 | Faith: 2503 | Favor: 41 (+2/turn)\nResearch: Astronomy | Civic: Nationalism\nCities: 5 | Population: 32 | Units: 10 \u2014 3 Great Writer, 2 Builder, 1 Horsema"
          },
          {
            "tool": "get_units",
            "result": "10 units:\n  Trader (UNIT_TRADER) at (53,15) \u2014 moves 2/2 [id:589824, idx:0]\n  Crossbowman (UNIT_CROSSBOWMAN) at (47,23) \u2014 CS:30 RS:40 moves 2/2 [id:2949121, idx:1]\n  Geoffrey Chaucer (UNIT_GREAT_WRITER) at (49,23) \u2014 moves 4/4 [id:2883586, idx:2]\n  Li Bai (UNIT_GREAT_WRITER) at (51,24) \u2014 moves 4/4 [id"
          },
          {
            "tool": "get_cities",
            "result": "5 cities:\n  Rio de Janeiro (pop 11) at (49,23) \u2014 Food 33 Prod 31 Gold 18 Sci 28 Cul 43 | Housing 12 Amenities 12 | Growth: 117/126 food (2t, +11.0/t) | Building: UNIT_SETTLER (2 turns) | HP:200/200 Def:37 Gar:none [id:65536]\n    Districts: HOLY_SITE(50,21) CAMPUS(48,25) THEATER(51,24) ENCAMPMENT(47,"
          },
          {
            "tool": "get_pending_diplomacy",
            "result": "No pending diplomacy sessions."
          },
          {
            "tool": "get_pending_trades",
            "result": "No pending trade deals."
          },
          {
            "tool": "move_unit",
            "result": "MOVING_TO|49,24|from:50,24|now_at:49,24|(moved dx:-1 dy:+0)"
          },
          {
            "tool": "move_unit",
            "result": "Error: NO_MOVES|Unit has no movement points remaining this turn. Use skip or wait until next turn."
          },
          {
            "tool": "skip_unit",
            "result": "SKIPPED"
          },
          {
            "tool": "skip_unit",
            "result": "SKIPPED"
          },
          {
            "tool": "found_city",
            "result": "Error: CANNOT_FOUND|Too close to S\u00e3o Paulo (settler at 55,17, distance 3, need > 3)\n\nTop 4 settle locations:\n  #1 (56,18): Score 214 \u2014 F:77 P:23 \u2014 fresh water, defense:5\n     [B] MAIZE, [B] MAIZE, [B] CATTLE, [B] WHEAT, [B] STONE, [B] CATTLE\n  #2 (57,18): Score 213 \u2014 F:77 P:23 \u2014 no water, defense:2"
          },
          {
            "tool": "move_unit",
            "result": "MOVING_TO|56,18|from:55,17|now_at:56,18|(moved dx:+1 dy:+1)"
          },
          {
            "tool": "move_unit",
            "result": "Error: NO_MOVES|Unit has no movement points remaining this turn. Use skip or wait until next turn."
          },
          {
            "tool": "skip_unit",
            "result": "SKIPPED"
          },
          {
            "tool": "skip_unit",
            "result": "SKIPPED"
          },
          {
            "tool": "skip_unit",
            "result": "SKIPPED"
          },
          {
            "tool": "skip_unit",
            "result": "SKIPPED"
          },
          {
            "tool": "skip_unit",
            "result": "SKIPPED"
          },
          {
            "tool": "skip_unit",
            "result": "SKIPPED"
          },
          {
            "tool": "skip_unit",
            "result": "SKIPPED"
          }
        ],
        "promotion_sweep": [],
        "standing_memory": {
          "loaded": false,
          "injected": false,
          "injected_chars": 0,
          "captured_chars": 0,
          "error": ""
        },
        "task_tracker": {
          "active_before": 2,
          "pre_model_results": [
            {
              "task_id": "builder_improve:2752516",
              "kind": "builder_improve",
              "unit_id": 2752516,
              "target": [
                50,
                24
              ],
              "status": "failed",
              "action": "block",
              "result": "blocked_improvement_not_valid_retry_limit"
            },
            {
              "task_id": "builder_improve:2621448",
              "kind": "builder_improve",
              "unit_id": 2621448,
              "target": [
                48,
                23
              ],
              "status": "active",
              "action": "move",
              "result": "MOVING_TO|48,23|from:49,22|now_at:48,23|(moved dx:-1 dy:+1)"
            }
          ],
          "active_after": 3,
          "error": ""
        },
        "channels": {
          "enabled": true,
          "acknowledgements": 1,
          "error": ""
        }
      },
      {
        "player": 3,
        "turn": 184,
        "summary": "scripted: observed; skipped unit 0",
        "actions": [
          {
            "tool": "skip_unit"
          }
        ],
        "promotion_sweep": [],
        "standing_memory": {
          "loaded": false,
          "injected": false,
          "injected_chars": 0,
          "captured_chars": 0,
          "error": ""
        },
        "task_tracker": {
          "active_before": 0,
          "pre_model_results": [],
          "active_after": 0,
          "error": ""
        },
        "channels": {
          "enabled": true,
          "acknowledgements": 0,
          "error": ""
        }
      },
      {
        "player": 1,
        "turn": 185,
        "summary": "I have reviewed the empire's status. We are currently in the Renaissance Era, researching Gunpowder. Our economy is slightly negative due to high unit maintenance, but our Faith income is very strong.\n\nActions taken:\n1. **Research**: Confirmed research of Gunpowder (already in progress).\n2. **Production**: Reinforced existing production queues in major cities (Angkor Thom: Domrey, Preah Vihear: Man-at-Arms, Kompong Svay: Builder).\n3. **Units**: Skipped the builder at (15,36) as no immediate improvement was selected.\n\nSTANDING PLAN:\n- Monitor gold income and consider disbanding older/unused units if deficit persists.\n- Use Builders to improve resources near Preah Vihear (Cattle, Spices, Iron, Sugar).\n- Utilize Missionaries to spread Buddhism further to secure religious dominance.",
        "actions": [
          {
            "tool": "get_overview",
            "result": "Turn 185 | Khmer (Jayavarman VII) | Score: 382 | Prince\nGold: 323 (-11/turn) | Income: 31 | Maintenance: -42 (units: 19) | Science: 54.6 | Culture: 54.6 | Faith: 1832 | Favor: 26 (+3/turn)\nResearch: Gunpowder | Civic: Humanism\nCities: 8 | Population: 52 | Units: 20 \u2014 5 Missionary, 4 Builder, 3 Man-A"
          },
          {
            "tool": "get_cities",
            "result": "8 cities:\n  Angkor Thom (pop 15) at (14,31) \u2014 Food 57 Prod 36 Gold 8 Sci 13 Cul 15 | Housing 19 Amenities 13 | Growth: 80/179 food (6t, +27.0/t) | Building: UNIT_KHMER_DOMREY (3 turns) | Walls 100/100 Garrison 200/200 Def:52 Gar:KHMER_DOMREY [id:65536]\n    Districts: HOLY_SITE(13,29) CAMPUS(14,30) I"
          },
          {
            "tool": "get_units",
            "result": "20 units:\n  Builder (UNIT_BUILDER) at (15,36) \u2014 moves 2/2 charges:3 [id:3211264, idx:0]\n    >> Can build: IMPROVEMENT_LUMBER_MILL\n  Missionary (UNIT_MISSIONARY) at (10,25) \u2014 moves 6/6 charges:3 [BUDDHISM] [id:2228225, idx:1]\n  Missionary (UNIT_MISSIONARY) at (0,32) \u2014 moves 4/4 charges:2 [BUDDHISM] ["
          },
          {
            "tool": "set_research",
            "result": "Error: TECH_NOT_FOUND|TECH_METALLURGY"
          },
          {
            "tool": "set_research",
            "result": "Error: ALREADY_COMPLETED|TECH_PRINTING is already researched"
          },
          {
            "tool": "set_research",
            "result": "RESEARCHING|TECH_GUNPOWDER"
          },
          {
            "tool": "set_city_production",
            "result": "PRODUCING|UNIT_KHMER_DOMREY|3 turns"
          },
          {
            "tool": "set_city_production",
            "result": "PRODUCING|UNIT_MAN_AT_ARMS|5 turns"
          },
          {
            "tool": "set_city_production",
            "result": "PRODUCING|UNIT_BUILDER|7 turns"
          },
          {
            "tool": "move_unit",
            "result": "Error: STACKING_CONFLICT|Friendly UNIT_BUILDER already on (15,36). Cannot stack same formation class."
          },
          {
            "tool": "skip_unit",
            "result": "SKIPPED"
          }
        ],
        "promotion_sweep": [],
        "standing_memory": {
          "loaded": false,
          "injected": false,
          "injected_chars": 0,
          "captured_chars": 0,
          "error": ""
        },
        "task_tracker": {
          "active_before": 0,
          "pre_model_results": [],
          "active_after": 0,
          "error": ""
        },
        "channels": {
          "enabled": true,
          "acknowledgements": 0,
          "error": ""
        }
      },
      {
        "player": 2,
        "turn": 185,
        "summary": "max_steps reached",
        "actions": [
          {
            "tool": "get_overview",
            "result": "Turn 185 | Brazil (Pedro II) | Score: 351 | Prince\nGold: 463 (-5/turn) | Income: 24 | Maintenance: -29 (units: 6) | Science: 39.0 | Culture: 83.4 | Faith: 2588 | Favor: 43 (+2/turn)\nResearch: Astronomy | Civic: Nationalism\nCities: 5 | Population: 32 | Units: 9 \u2014 3 Great Writer, 2 Builder, 1 Spearman"
          },
          {
            "tool": "get_cities",
            "result": "5 cities:\n  Rio de Janeiro (pop 11) at (49,23) \u2014 Food 33 Prod 31 Gold 18 Sci 28 Cul 43 | Housing 12 Amenities 12 | Growth: 122/126 food (1t, +11.0/t) | Building: UNIT_SETTLER (1 turns) | HP:200/200 Def:37 Gar:none [id:65536]\n    Districts: HOLY_SITE(50,21) CAMPUS(48,25) THEATER(51,24) ENCAMPMENT(47,"
          },
          {
            "tool": "get_units",
            "result": "9 units:\n  Trader (UNIT_TRADER) at (53,15) \u2014 moves 2/2 [id:589824, idx:0]\n  Crossbowman (UNIT_CROSSBOWMAN) at (47,23) \u2014 CS:30 RS:40 moves 2/2 [id:2949121, idx:1]\n  Geoffrey Chaucer (UNIT_GREAT_WRITER) at (49,23) \u2014 moves 4/4 [id:2883586, idx:2]\n  Li Bai (UNIT_GREAT_WRITER) at (51,24) \u2014 moves 4/4 [id:"
          },
          {
            "tool": "get_pending_diplomacy",
            "result": "No pending diplomacy sessions."
          },
          {
            "tool": "get_pending_trades",
            "result": "No pending trade deals."
          },
          {
            "tool": "move_unit",
            "result": "Error: STACKING_CONFLICT|Friendly UNIT_GREAT_WRITER already on (49,23). Cannot stack same formation class."
          },
          {
            "tool": "move_unit",
            "result": "MOVING_TO|50,23|from:49,24|now_at:50,24|(moved dx:+1 dy:+0)|STOPPED_MID_PATH (moves exhausted)"
          },
          {
            "tool": "move_unit",
            "result": "MOVING_TO|49,24|from:48,23|now_at:49,24|(moved dx:+1 dy:+1)"
          },
          {
            "tool": "get_cities",
            "result": "5 cities:\n  Rio de Janeiro (pop 11) at (49,23) \u2014 Food 33 Prod 31 Gold 18 Sci 28 Cul 43 | Housing 12 Amenities 12 | Growth: 122/126 food (1t, +11.0/t) | Building: UNIT_SETTLER (1 turns) | HP:200/200 Def:37 Gar:none [id:65536]\n    Districts: HOLY_SITE(50,21) CAMPUS(48,25) THEATER(51,24) ENCAMPMENT(47,"
          },
          {
            "tool": "move_unit",
            "result": "Error: NO_MOVES|Unit has no movement points remaining this turn. Use skip or wait until next turn."
          },
          {
            "tool": "skip_unit",
            "result": "SKIPPED"
          },
          {
            "tool": "set_city_production",
            "result": "PRODUCING|UNIT_SETTLER|13 turns"
          },
          {
            "tool": "set_city_production",
            "result": "PRODUCING|UNIT_SETTLER|3 turns"
          },
          {
            "tool": "set_research",
            "result": "RESEARCHING|TECH_ASTRONOMY"
          },
          {
            "tool": "move_unit",
            "result": "MOVING_TO|52,22|from:54,22|now_at:54,22|BLOCKED (impassable terrain (ice or natural wonder))"
          },
          {
            "tool": "move_unit",
            "result": "MOVING_TO|52,21|from:54,22|now_at:52,21|(moved dx:-2 dy:-1)"
          },
          {
            "tool": "move_unit",
            "result": "MOVING_TO|51,24|from:53,24|now_at:52,24|(moved dx:-1 dy:+0)|STOPPED_MID_PATH (moves exhausted)"
          },
          {
            "tool": "skip_unit",
            "result": "SKIPPED"
          }
        ],
        "promotion_sweep": [],
        "standing_memory": {
          "loaded": false,
          "injected": false,
          "injected_chars": 0,
          "captured_chars": 0,
          "error": ""
        },
        "task_tracker": {
          "active_before": 3,
          "pre_model_results": [
            {
              "task_id": "builder_improve:2621448",
              "kind": "builder_improve",
              "unit_id": 2621448,
              "target": [
                48,
                23
              ],
              "status": "failed",
              "action": "block",
              "result": "blocked_improvement_not_valid_retry_limit"
            },
            {
              "task_id": "builder_improve:2752516",
              "kind": "builder_improve",
              "unit_id": 2752516,
              "target": [
                49,
                24
              ],
              "status": "active",
              "action": "block",
              "result": "blocked_improvement_not_valid"
            },
            {
              "task_id": "settle:3014662",
              "kind": "settle",
              "unit_id": 3014662,
              "target": [
                56,
                18
              ],
              "status": "lost",
              "action": "skip",
              "result": "unit_missing"
            }
          ],
          "active_after": 1,
          "error": ""
        },
        "channels": {
          "enabled": true,
          "acknowledgements": 0,
          "error": ""
        }
      },
      {
        "player": 3,
        "turn": 185,
        "summary": "scripted: observed; skipped unit 0",
        "actions": [
          {
            "tool": "skip_unit"
          }
        ],
        "promotion_sweep": [],
        "standing_memory": {
          "loaded": false,
          "injected": false,
          "injected_chars": 0,
          "captured_chars": 0,
          "error": ""
        },
        "task_tracker": {
          "active_before": 0,
          "pre_model_results": [],
          "active_after": 0,
          "error": ""
        },
        "channels": {
          "enabled": true,
          "acknowledgements": 0,
          "error": ""
        }
      },
      {
        "player": 1,
        "turn": 186,
        "summary": "I am playing as the Khmer (Jayavarman VII). Currently, I am in the Renaissance Era researching Gunpowder, but I have switched research to Ballistics to improve my military capabilities, specifically to support my Domrey units. My empire is quite large with 8 cities and a massive amount of Faith, which I should leverage for religious dominance or Great People.\n\nMy economy is currently running a slight deficit in gold (-11/turn), primarily due to high military maintenance. I will focus on production and improving my infrastructure.\n\nActions taken:\n1. Researched **Ballistics** to prepare for upcoming combat and enhance artillery/domrey potential.\n2. Set **Preah Vihear** to produce a **Man-At-Arms** to bolster defense/offense.\n3. Set **Kompong Svay** to produce a **Builder** to improve nearby tiles.\n4. Checked unit positions; most are currently stationed or positioned for religious spread/defense.\n\nSTANDING PLAN:\n- Continue research towards advanced military technologies.\n- Use builders to improve resources like Cattle and Spices near Preah Vihear.\n- Monitor gold income to reduce maintenance costs.",
        "actions": [
          {
            "tool": "get_overview",
            "result": "Turn 186 | Khmer (Jayavarman VII) | Score: 383 | Prince\nGold: 312 (-11/turn) | Income: 31 | Maintenance: -42 (units: 19) | Science: 54.6 | Culture: 54.6 | Faith: 1892 | Favor: 29 (+3/turn)\nResearch: Gunpowder | Civic: Humanism\nCities: 8 | Population: 52 | Units: 20 \u2014 5 Missionary, 4 Builder, 3 Man-A"
          },
          {
            "tool": "get_cities",
            "result": "8 cities:\n  Angkor Thom (pop 15) at (14,31) \u2014 Food 57 Prod 36 Gold 8 Sci 13 Cul 15 | Housing 19 Amenities 13 | Growth: 98/179 food (5t, +27.0/t) | Building: UNIT_KHMER_DOMREY (2 turns) | Walls 100/100 Garrison 200/200 Def:52 Gar:KHMER_DOMREY [id:65536]\n    Districts: HOLY_SITE(13,29) CAMPUS(14,30) I"
          },
          {
            "tool": "get_units",
            "result": "20 units:\n  Builder (UNIT_BUILDER) at (15,36) \u2014 moves 2/2 charges:3 [id:3211264, idx:0]\n    >> Can build: IMPROVEMENT_LUMBER_MILL\n  Missionary (UNIT_MISSIONARY) at (10,25) \u2014 moves 6/6 charges:3 [BUDDHISM] [id:2228225, idx:1]\n  Missionary (UNIT_MISSIONARY) at (0,32) \u2014 moves 4/4 charges:2 [BUDDHISM] ["
          },
          {
            "tool": "set_research",
            "result": "RESEARCHING_GAMECORE|TECH_BALLISTICS"
          },
          {
            "tool": "set_city_production",
            "result": "PRODUCING|UNIT_MAN_AT_ARMS|4 turns"
          },
          {
            "tool": "set_city_production",
            "result": "PRODUCING|UNIT_BUILDER|6 turns"
          },
          {
            "tool": "move_unit",
            "result": "Error: STACKING_CONFLICT|Friendly UNIT_BUILDER already on (15,36). Cannot stack same formation class."
          },
          {
            "tool": "move_unit",
            "result": "Error: STACKING_CONFLICT|Friendly UNIT_BUILDER already on (13,27). Cannot stack same formation class."
          }
        ],
        "promotion_sweep": [],
        "standing_memory": {
          "loaded": false,
          "injected": false,
          "injected_chars": 0,
          "captured_chars": 0,
          "error": ""
        },
        "task_tracker": {
          "active_before": 0,
          "pre_model_results": [],
          "active_after": 0,
          "error": ""
        },
        "channels": {
          "enabled": true,
          "acknowledgements": 0,
          "error": ""
        }
      },
      {
        "player": 2,
        "turn": 186,
        "summary": "STANDING PLAN:\n- Found the new city with the Settler at (50,22) next turn\n- Continue repairing pillaged farms in Rio de Janeiro with builders\n- Activate Great Writers/Artist in Rio de Janeiro for culture boosts to avoid Dark Age\n- Keep maintaining peaceful relations with Player 3",
        "actions": [
          {
            "tool": "get_overview",
            "result": "Turn 186 | Brazil (Pedro II) | Score: 351 | Prince\nGold: 458 (-5/turn) | Income: 24 | Maintenance: -29 (units: 6) | Science: 39.0 | Culture: 83.4 | Faith: 2674 | Favor: 45 (+2/turn)\nResearch: Astronomy | Civic: Nationalism\nCities: 5 | Population: 32 | Units: 11 \u2014 3 Great Writer, 2 Builder, 1 Settler"
          },
          {
            "tool": "get_units",
            "result": "11 units:\n  Trader (UNIT_TRADER) at (53,15) \u2014 moves 2/2 [id:589824, idx:0]\n  Crossbowman (UNIT_CROSSBOWMAN) at (47,23) \u2014 CS:30 RS:40 moves 2/2 [id:2949121, idx:1]\n  Geoffrey Chaucer (UNIT_GREAT_WRITER) at (49,23) \u2014 moves 4/4 [id:2883586, idx:2]\n  Li Bai (UNIT_GREAT_WRITER) at (51,24) \u2014 moves 4/4 [id"
          },
          {
            "tool": "get_cities",
            "result": "5 cities:\n  Rio de Janeiro (pop 11) at (49,23) \u2014 Food 33 Prod 30 Gold 18 Sci 28 Cul 43 | Housing 12 Amenities 12 | Growth: 20/126 food (20t, +11.0/t) | Building: nothing | HP:200/200 Def:37 Gar:none [id:65536]\n    !! SLOW GROWTH: 20 turns to next pop \u2014 needs farm, granary, or trade route\n    Distric"
          },
          {
            "tool": "get_pending_diplomacy",
            "result": "No pending diplomacy sessions."
          },
          {
            "tool": "get_pending_trades",
            "result": "No pending trade deals."
          },
          {
            "tool": "move_unit",
            "result": "MOVING_TO|49,22|from:50,24|now_at:49,22|(moved dx:-1 dy:-2)"
          },
          {
            "tool": "move_unit",
            "result": "MOVING_TO|51,22|from:49,23|now_at:49,23|BLOCKED (impassable mountain)"
          },
          {
            "tool": "move_unit",
            "result": "MOVING_TO|53,22|from:52,21|now_at:53,22|(moved dx:+1 dy:+1)"
          },
          {
            "tool": "move_unit",
            "result": "MOVING_TO|50,22|from:49,23|now_at:50,22|(moved dx:+1 dy:-1)"
          },
          {
            "tool": "found_city",
            "result": "Error: CANNOT_FOUND|Unit cannot found cities (not a settler or no moves)\n\nTop 5 settle locations:\n  #1 (53,24): Score 202 \u2014 F:57 P:33 \u2014 no water, defense:3\n     [L] COFFEE, [L] IVORY, [L] COFFEE, [S] IRON, [B] DEER, [B] BANANAS, [S] NITER, [B] BANANAS\n  #2 (46,25): Score 197 \u2014 F:68 P:21 \u2014 no water, "
          },
          {
            "tool": "get_units",
            "result": "11 units:\n  Trader (UNIT_TRADER) at (53,15) \u2014 moves 2/2 [id:589824, idx:0]\n  Crossbowman (UNIT_CROSSBOWMAN) at (47,23) \u2014 CS:30 RS:40 moves 2/2 [id:2949121, idx:1]\n  Geoffrey Chaucer (UNIT_GREAT_WRITER) at (49,23) \u2014 moves 4/4 [id:2883586, idx:2]\n  Li Bai (UNIT_GREAT_WRITER) at (51,24) \u2014 moves 4/4 [id"
          },
          {
            "tool": "move_unit",
            "result": "Error: STACKING_CONFLICT|Friendly UNIT_BUILDER already on (49,24). Cannot stack same formation class."
          },
          {
            "tool": "set_research",
            "result": "RESEARCHING|TECH_ASTRONOMY"
          },
          {
            "tool": "skip_unit",
            "result": "SKIPPED"
          },
          {
            "tool": "skip_unit",
            "result": "SKIPPED"
          },
          {
            "tool": "skip_unit",
            "result": "SKIPPED"
          },
          {
            "tool": "skip_unit",
            "result": "SKIPPED"
          },
          {
            "tool": "skip_unit",
            "result": "SKIPPED"
          },
          {
            "tool": "skip_unit",
            "result": "SKIPPED"
          },
          {
            "tool": "skip_unit",
            "result": "SKIPPED"
          },
          {
            "tool": "skip_unit",
            "result": "SKIPPED"
          },
          {
            "tool": "skip_unit",
            "result": "SKIPPED"
          },
          {
            "tool": "skip_unit",
            "result": "SKIPPED"
          },
          {
            "tool": "skip_unit",
            "result": "SKIPPED"
          }
        ],
        "promotion_sweep": [],
        "standing_memory": {
          "loaded": false,
          "injected": false,
          "injected_chars": 0,
          "captured_chars": 0,
          "error": ""
        },
        "task_tracker": {
          "active_before": 1,
          "pre_model_results": [
            {
              "task_id": "builder_improve:2752516",
              "kind": "builder_improve",
              "unit_id": 2752516,
              "target": [
                49,
                24
              ],
              "status": "active",
              "action": "move",
              "result": "Error: STACKING_CONFLICT|Friendly UNIT_BUILDER already on (49,24). Cannot stack same formation class."
            }
          ],
          "active_after": 1,
          "error": ""
        },
        "channels": {
          "enabled": true,
          "acknowledgements": 1,
          "error": ""
        }
      },
      {
        "player": 3,
        "turn": 186,
        "summary": "scripted: observed; skipped unit 0",
        "actions": [
          {
            "tool": "skip_unit"
          }
        ],
        "promotion_sweep": [],
        "standing_memory": {
          "loaded": false,
          "injected": false,
          "injected_chars": 0,
          "captured_chars": 0,
          "error": ""
        },
        "task_tracker": {
          "active_before": 0,
          "pre_model_results": [],
          "active_after": 0,
          "error": ""
        },
        "channels": {
          "enabled": true,
          "acknowledgements": 0,
          "error": ""
        }
      }
    ]
  },
  "cost": {
    "by_player": {
      "1": {
        "prompt_tokens": 521077,
        "completion_tokens": 4400,
        "usd": 0.0
      },
      "2": {
        "prompt_tokens": 805242,
        "completion_tokens": 17194,
        "usd": 0.0
      }
    },
    "total_usd": 0.0
  }
}
